{
	"key": "018c15c84746c65542abb021",
	"addrs": [
		{
			"addr": {
				"id": "c533d7ee2037ee6d382f773be04c5bbf27da7a29",
				"ip": "34.70.189.2",
				"port": 26656
			},
			"src": {
				"id": "4afc6984d2776a05865771577fcd2746ada498bc",
				"ip": "0.0.0.0",
				"port": 37656
			},
			"buckets": [
				25,
				184,
				138,
				109
			],
			"attempts": 0,
			"bucket_type": 1,
			"last_attempt": "2023-09-26T06:11:23.111608007+02:00",
			"last_success": "0001-01-01T00:00:00Z",
			"last_ban_time": "0001-01-01T00:00:00Z"
		},
		{
			"addr": {
				"id": "a435339f38ce3f973739a08afc3c3c7feb862dc5",
				"ip": "35.192.223.187",
				"port": 26656
			},
			"src": {
				"id": "4afc6984d2776a05865771577fcd2746ada498bc",
				"ip": "0.0.0.0",
				"port": 37656
			},
			"buckets": [
				104,
				218,
				31,
				190
			],
			"attempts": 0,
			"bucket_type": 1,
			"last_attempt": "2023-09-26T06:11:23.111620384+02:00",
			"last_success": "0001-01-01T00:00:00Z",
			"last_ban_time": "0001-01-01T00:00:00Z"
		},
		{
			"addr": {
				"id": "eea43b2084e78945c3a51babe659efe55fe58370",
				"ip": "35.222.198.102",
				"port": 26656
			},
			"src": {
				"id": "a435339f38ce3f973739a08afc3c3c7feb862dc5",
				"ip": "0.0.0.0",
				"port": 26656
			},
			"buckets": [
				212,
				113,
				203,
				14
			],
			"attempts": 2,
			"bucket_type": 1,
			"last_attempt": "2023-09-26T07:58:46.43441085+02:00",
			"last_success": "0001-01-01T00:00:00Z",
			"last_ban_time": "0001-01-01T00:00:00Z"
		},
		{
			"addr": {
				"id": "0e687ef17922361c1aa8927df542482c67fb7571",
				"ip": "35.222.198.102",
				"port": 26656
			},
			"src": {
				"id": "4afc6984d2776a05865771577fcd2746ada498bc",
				"ip": "0.0.0.0",
				"port": 37656
			},
			"buckets": [
				212,
				113,
				203,
				14
			],
			"attempts": 1,
			"bucket_type": 1,
			"last_attempt": "2023-09-26T06:30:45.827114484+02:00",
			"last_success": "0001-01-01T00:00:00Z",
			"last_ban_time": "0001-01-01T00:00:00Z"
		},
		{
			"addr": {
				"id": "f55f4c6a878482b9be82ae1954c257bc15d545de",
				"ip": "35.239.24.185",
				"port": 26656
			},
			"src": {
				"id": "0e687ef17922361c1aa8927df542482c67fb7571",
				"ip": "0.0.0.0",
				"port": 26656
			},
			"buckets": [
				158,
				123,
				213,
				95
			],
			"attempts": 44,
			"bucket_type": 1,
			"last_attempt": "2023-09-26T09:59:40.95769797+02:00",
			"last_success": "0001-01-01T00:00:00Z",
			"last_ban_time": "0001-01-01T00:00:00Z"
		},
		{
			"addr": {
				"id": "2f62df97848219b52b80d85e688f8de4df4d51e6",
				"ip": "34.31.143.35",
				"port": 26656
			},
			"src": {
				"id": "0e687ef17922361c1aa8927df542482c67fb7571",
				"ip": "0.0.0.0",
				"port": 26656
			},
			"buckets": [
				25,
				218,
				223,
				159
			],
			"attempts": 44,
			"bucket_type": 1,
			"last_attempt": "2023-09-26T10:02:10.958039332+02:00",
			"last_success": "0001-01-01T00:00:00Z",
			"last_ban_time": "0001-01-01T00:00:00Z"
		},
		{
			"addr": {
				"id": "6de02dc6d942f4656a14624f50c9e1ed6da6133b",
				"ip": "34.129.120.36",
				"port": 26656
			},
			"src": {
				"id": "0e687ef17922361c1aa8927df542482c67fb7571",
				"ip": "0.0.0.0",
				"port": 26656
			},
			"buckets": [
				125,
				204,
				57,
				159
			],
			"attempts": 44,
			"bucket_type": 1,
			"last_attempt": "2023-09-26T10:00:10.966570804+02:00",
			"last_success": "0001-01-01T00:00:00Z",
			"last_ban_time": "0001-01-01T00:00:00Z"
		},
		{
			"addr": {
				"id": "114988f9a053f594ab9592beb79b924430d355ba",
				"ip": "34.123.40.240",
				"port": 26656
			},
			"src": {
				"id": "4afc6984d2776a05865771577fcd2746ada498bc",
				"ip": "0.0.0.0",
				"port": 37656
			},
			"buckets": [
				63,
				203,
				147,
				142
			],
			"attempts": 0,
			"bucket_type": 1,
			"last_attempt": "2023-09-26T06:11:23.11159225+02:00",
			"last_success": "0001-01-01T00:00:00Z",
			"last_ban_time": "0001-01-01T00:00:00Z"
		},
		{
			"addr": {
				"id": "c8cb90b163a19d833503df5f94e96c60d4ec863a",
				"ip": "95.216.7.136",
				"port": 30656
			},
			"src": {
				"id": "0e687ef17922361c1aa8927df542482c67fb7571",
				"ip": "0.0.0.0",
				"port": 26656
			},
			"buckets": [
				83,
				47,
				173,
				194
			],
			"attempts": 0,
			"bucket_type": 1,
			"last_attempt": "2023-09-26T06:11:23.844767813+02:00",
			"last_success": "0001-01-01T00:00:00Z",
			"last_ban_time": "0001-01-01T00:00:00Z"
		},
		{
			"addr": {
				"id": "db0c275586b8fa5ac5a11538436d4994f92fb410",
				"ip": "57.128.84.159",
				"port": 26656
			},
			"src": {
				"id": "0e687ef17922361c1aa8927df542482c67fb7571",
				"ip": "0.0.0.0",
				"port": 26656
			},
			"buckets": [
				179
			],
			"attempts": 0,
			"bucket_type": 1,
			"last_attempt": "2023-09-26T08:52:40.288490522+02:00",
			"last_success": "0001-01-01T00:00:00Z",
			"last_ban_time": "0001-01-01T00:00:00Z"
		}
	]
}
