{
	"key": "33c508179d67275ccc5dd78b",
	"addrs": [
		{
			"addr": {
				"id": "b59f1343587f64047ad331fd8ca8382887d34233",
				"ip": "35.168.16.221",
				"port": 41256
			},
			"src": {
				"id": "2a78b8849872d641d61d97b95f7349540e9d8df0",
				"ip": "0.0.0.0",
				"port": 12656
			},
			"buckets": [
				29
			],
			"attempts": 0,
			"bucket_type": 2,
			"last_attempt": "2023-02-11T10:47:58.987128734-04:00",
			"last_success": "2023-02-11T10:47:58.987128734-04:00",
			"last_ban_time": "0001-01-01T00:00:00Z"
		},
		{
			"addr": {
				"id": "489ac19377a00b0da57a44bfb85366870c900285",
				"ip": "52.91.39.40",
				"port": 41256
			},
			"src": {
				"id": "2a78b8849872d641d61d97b95f7349540e9d8df0",
				"ip": "0.0.0.0",
				"port": 12656
			},
			"buckets": [
				47
			],
			"attempts": 0,
			"bucket_type": 2,
			"last_attempt": "2023-02-11T10:21:04.582926859-04:00",
			"last_success": "2023-02-11T10:21:04.582926859-04:00",
			"last_ban_time": "0001-01-01T00:00:00Z"
		},
		{
			"addr": {
				"id": "5260976afec974fc0dea05be875841b126a6e322",
				"ip": "54.196.186.174",
				"port": 41256
			},
			"src": {
				"id": "2a78b8849872d641d61d97b95f7349540e9d8df0",
				"ip": "0.0.0.0",
				"port": 12656
			},
			"buckets": [
				14
			],
			"attempts": 0,
			"bucket_type": 2,
			"last_attempt": "2023-02-11T11:13:43.83009935-04:00",
			"last_success": "2023-02-11T11:13:43.83009935-04:00",
			"last_ban_time": "0001-01-01T00:00:00Z"
		},
		{
			"addr": {
				"id": "aa27dbadcaa1ff2c473b8380e28a9e17be7156e6",
				"ip": "65.21.131.215",
				"port": 27656
			},
			"src": {
				"id": "5260976afec974fc0dea05be875841b126a6e322",
				"ip": "54.196.186.174",
				"port": 41256
			},
			"buckets": [
				21
			],
			"attempts": 0,
			"bucket_type": 2,
			"last_attempt": "2023-02-11T11:35:54.297890317-04:00",
			"last_success": "2023-02-11T11:35:54.297890317-04:00",
			"last_ban_time": "0001-01-01T00:00:00Z"
		},
		{
			"addr": {
				"id": "abd7c8d502f7f27ed2bf11d0ca34c7e9e1186e79",
				"ip": "146.190.83.6",
				"port": 3656
			},
			"src": {
				"id": "aa27dbadcaa1ff2c473b8380e28a9e17be7156e6",
				"ip": "65.21.131.215",
				"port": 27656
			},
			"buckets": [
				223,
				112,
				70,
				125
			],
			"attempts": 0,
			"bucket_type": 1,
			"last_attempt": "2023-02-15T06:58:29.770221723+01:00",
			"last_success": "0001-01-01T00:00:00Z",
			"last_ban_time": "0001-01-01T00:00:00Z"
		},
		{
			"addr": {
				"id": "6a8cbaa3578f96ae3bf5d3ba1ad0f629fec3774d",
				"ip": "89.116.28.2",
				"port": 27656
			},
			"src": {
				"id": "aa27dbadcaa1ff2c473b8380e28a9e17be7156e6",
				"ip": "65.21.131.215",
				"port": 27656
			},
			"buckets": [
				3,
				54,
				234,
				97
			],
			"attempts": 0,
			"bucket_type": 1,
			"last_attempt": "2023-02-15T06:58:29.770242512+01:00",
			"last_success": "0001-01-01T00:00:00Z",
			"last_ban_time": "0001-01-01T00:00:00Z"
		}
	]
}
