{
	"key": "96de94463e43d90e4e3a88c8",
	"addrs": [
		{
			"addr": {
				"id": "3bdc1c076399ee1090b1b7efa0474ce1a1cb191a",
				"ip": "146.190.153.165",
				"port": 26656
			},
			"src": {
				"id": "3484e21266b88db3fdf23da07268d6e332977414",
				"ip": "0.0.0.0",
				"port": 19656
			},
			"buckets": [
				38
			],
			"attempts": 0,
			"bucket_type": 2,
			"last_attempt": "2023-08-15T01:47:36.937187153Z",
			"last_success": "2023-08-15T01:47:36.937187153Z",
			"last_ban_time": "0001-01-01T00:00:00Z"
		},
		{
			"addr": {
				"id": "b97cb67fd594a3ba458c82d12475f72f556ab804",
				"ip": "3.145.104.95",
				"port": 26656
			},
			"src": {
				"id": "3bdc1c076399ee1090b1b7efa0474ce1a1cb191a",
				"ip": "0.0.0.0",
				"port": 26656
			},
			"buckets": [
				11
			],
			"attempts": 1,
			"bucket_type": 2,
			"last_attempt": "2023-08-15T01:55:23.481787184Z",
			"last_success": "2023-08-15T01:05:09.566762102Z",
			"last_ban_time": "0001-01-01T00:00:00Z"
		},
		{
			"addr": {
				"id": "a9775b0118c794bc5a6359b68260ecec36cdbfa4",
				"ip": "143.198.69.165",
				"port": 14356
			},
			"src": {
				"id": "fa3cc9935503c3e8179b1eef1c1fde20e3354ca3",
				"ip": "0.0.0.0",
				"port": 26656
			},
			"buckets": [
				48,
				30,
				195,
				10
			],
			"attempts": 30,
			"bucket_type": 1,
			"last_attempt": "2023-08-14T09:05:23.701119377Z",
			"last_success": "0001-01-01T00:00:00Z",
			"last_ban_time": "0001-01-01T00:00:00Z"
		},
		{
			"addr": {
				"id": "f0f63a19eb749e368cb02a541b7ef53689d8a1f9",
				"ip": "136.243.136.241",
				"port": 18656
			},
			"src": {
				"id": "3bdc1c076399ee1090b1b7efa0474ce1a1cb191a",
				"ip": "0.0.0.0",
				"port": 26656
			},
			"buckets": [
				13
			],
			"attempts": 0,
			"bucket_type": 2,
			"last_attempt": "2023-08-15T02:12:19.530968968Z",
			"last_success": "2023-08-15T02:12:19.530968968Z",
			"last_ban_time": "0001-01-01T00:00:00Z"
		},
		{
			"addr": {
				"id": "85270df0f25f8a3c56884a5f7bfe0a02b49d13d7",
				"ip": "193.34.213.6",
				"port": 26656
			},
			"src": {
				"id": "3bdc1c076399ee1090b1b7efa0474ce1a1cb191a",
				"ip": "0.0.0.0",
				"port": 26656
			},
			"buckets": [
				26
			],
			"attempts": 0,
			"bucket_type": 2,
			"last_attempt": "2023-08-15T01:44:01.177853724Z",
			"last_success": "2023-08-15T01:44:01.177853724Z",
			"last_ban_time": "0001-01-01T00:00:00Z"
		},
		{
			"addr": {
				"id": "49a5a62543f5fec60db42b00d9ebe192c3185e15",
				"ip": "146.190.157.123",
				"port": 26656
			},
			"src": {
				"id": "3484e21266b88db3fdf23da07268d6e332977414",
				"ip": "0.0.0.0",
				"port": 19656
			},
			"buckets": [
				253,
				48,
				30,
				229
			],
			"attempts": 45,
			"bucket_type": 1,
			"last_attempt": "2023-08-14T10:04:53.705050276Z",
			"last_success": "0001-01-01T00:00:00Z",
			"last_ban_time": "0001-01-01T00:00:00Z"
		},
		{
			"addr": {
				"id": "fa3cc9935503c3e8179b1eef1c1fde20e3354ca3",
				"ip": "51.159.172.34",
				"port": 26656
			},
			"src": {
				"id": "3bdc1c076399ee1090b1b7efa0474ce1a1cb191a",
				"ip": "0.0.0.0",
				"port": 26656
			},
			"buckets": [
				6
			],
			"attempts": 0,
			"bucket_type": 2,
			"last_attempt": "2023-08-15T01:58:15.791962546Z",
			"last_success": "2023-08-15T01:58:15.791962546Z",
			"last_ban_time": "0001-01-01T00:00:00Z"
		},
		{
			"addr": {
				"id": "abb1c4e4025a762ebccd4019f352153b11cc97b6",
				"ip": "136.243.136.241",
				"port": 29656
			},
			"src": {
				"id": "b97cb67fd594a3ba458c82d12475f72f556ab804",
				"ip": "0.0.0.0",
				"port": 26656
			},
			"buckets": [
				121,
				144,
				176
			],
			"attempts": 45,
			"bucket_type": 1,
			"last_attempt": "2023-08-13T17:29:23.388538609Z",
			"last_success": "0001-01-01T00:00:00Z",
			"last_ban_time": "2023-08-14T18:06:53.364646008Z"
		},
		{
			"addr": {
				"id": "97d6e80a47707e98ab8ba02b0a59d490dab8eeb2",
				"ip": "152.228.208.164",
				"port": 26656
			},
			"src": {
				"id": "3bdc1c076399ee1090b1b7efa0474ce1a1cb191a",
				"ip": "0.0.0.0",
				"port": 26656
			},
			"buckets": [
				51
			],
			"attempts": 0,
			"bucket_type": 2,
			"last_attempt": "2023-08-15T02:07:33.029410265Z",
			"last_success": "2023-08-15T02:07:33.029410265Z",
			"last_ban_time": "0001-01-01T00:00:00Z"
		}
	]
}
