{
	"key": "4680de46a1b7a0e5932440fb",
	"addrs": [
		{
			"addr": {
				"id": "ddb0332ec52c5f4c8b61e17510b5849c31bf30b2",
				"ip": "88.218.224.122",
				"port": 26656
			},
			"src": {
				"id": "6ebf0000ee85ff987f1d9de3223d605745736ca9",
				"ip": "35.168.16.221",
				"port": 41356
			},
			"buckets": [
				174,
				111,
				181,
				189
			],
			"attempts": 24,
			"bucket_type": 1,
			"last_attempt": "2023-02-14T12:14:23.092206017Z",
			"last_success": "0001-01-01T00:00:00Z",
			"last_ban_time": "0001-01-01T00:00:00Z"
		},
		{
			"addr": {
				"id": "56c9be653aeb2e1900397384fcb60974cd852735",
				"ip": "54.147.11.25",
				"port": 26656
			},
			"src": {
				"id": "6ebf0000ee85ff987f1d9de3223d605745736ca9",
				"ip": "35.168.16.221",
				"port": 41356
			},
			"buckets": [
				124,
				143,
				93,
				140
			],
			"attempts": 16,
			"bucket_type": 1,
			"last_attempt": "2023-02-14T11:44:50.021072248Z",
			"last_success": "0001-01-01T00:00:00Z",
			"last_ban_time": "0001-01-01T00:00:00Z"
		},
		{
			"addr": {
				"id": "f4afbddb64f530d11a6dd599dd6181232e477ca8",
				"ip": "34.123.191.31",
				"port": 26656
			},
			"src": {
				"id": "6ebf0000ee85ff987f1d9de3223d605745736ca9",
				"ip": "35.168.16.221",
				"port": 41356
			},
			"buckets": [
				117,
				81,
				111,
				93
			],
			"attempts": 21,
			"bucket_type": 1,
			"last_attempt": "2023-02-14T11:32:20.08319328Z",
			"last_success": "0001-01-01T00:00:00Z",
			"last_ban_time": "0001-01-01T00:00:00Z"
		},
		{
			"addr": {
				"id": "f9cebdafa713321161d7842721f5f936cd592a20",
				"ip": "78.31.71.15",
				"port": 26656
			},
			"src": {
				"id": "6ebf0000ee85ff987f1d9de3223d605745736ca9",
				"ip": "35.168.16.221",
				"port": 41356
			},
			"buckets": [
				22,
				52,
				53,
				141
			],
			"attempts": 28,
			"bucket_type": 1,
			"last_attempt": "2023-02-14T11:50:50.255632988Z",
			"last_success": "0001-01-01T00:00:00Z",
			"last_ban_time": "0001-01-01T00:00:00Z"
		},
		{
			"addr": {
				"id": "c4c71cf90ebe51a215c71f5cc769cf7b188ff155",
				"ip": "131.153.158.173",
				"port": 26656
			},
			"src": {
				"id": "49d39420c03ec57240793bca9c8bcc4d339e976b",
				"ip": "65.21.135.86",
				"port": 2000
			},
			"buckets": [
				34
			],
			"attempts": 0,
			"bucket_type": 2,
			"last_attempt": "2023-02-14T12:51:19.73538841Z",
			"last_success": "2023-02-14T12:51:19.73538841Z",
			"last_ban_time": "0001-01-01T00:00:00Z"
		},
		{
			"addr": {
				"id": "55f10c594365cddd220b03306054821ff2ed132b",
				"ip": "195.15.244.2",
				"port": 26656
			},
			"src": {
				"id": "6ebf0000ee85ff987f1d9de3223d605745736ca9",
				"ip": "35.168.16.221",
				"port": 41356
			},
			"buckets": [
				5,
				224,
				178,
				148
			],
			"attempts": 24,
			"bucket_type": 1,
			"last_attempt": "2023-02-14T12:22:50.29952386Z",
			"last_success": "0001-01-01T00:00:00Z",
			"last_ban_time": "0001-01-01T00:00:00Z"
		},
		{
			"addr": {
				"id": "1c3f219793ccb32dd1aee0d0f33d81dbfa817c29",
				"ip": "85.17.5.140",
				"port": 26656
			},
			"src": {
				"id": "418a1b8485e79d7e12f934ce7ec622cfcbde97d3",
				"ip": "52.91.39.40",
				"port": 41356
			},
			"buckets": [
				77,
				239,
				226,
				254
			],
			"attempts": 26,
			"bucket_type": 1,
			"last_attempt": "2023-02-14T12:18:23.087332186Z",
			"last_success": "0001-01-01T00:00:00Z",
			"last_ban_time": "0001-01-01T00:00:00Z"
		},
		{
			"addr": {
				"id": "2c66624a7bbecd94e8be4005d0ece19ce284d7c3",
				"ip": "54.196.186.174",
				"port": 41356
			},
			"src": {
				"id": "71f96fe3eec96b9501043613a32a5a306a8f656b",
				"ip": "0.0.0.0",
				"port": 10656
			},
			"buckets": [
				59
			],
			"attempts": 14,
			"bucket_type": 2,
			"last_attempt": "2023-02-14T12:08:23.008127004Z",
			"last_success": "2023-02-11T10:36:39.331052474-04:00",
			"last_ban_time": "0001-01-01T00:00:00Z"
		},
		{
			"addr": {
				"id": "78412277c8433725180e6155fdab6f480e23ee11",
				"ip": "5.161.49.66",
				"port": 26656
			},
			"src": {
				"id": "6ebf0000ee85ff987f1d9de3223d605745736ca9",
				"ip": "35.168.16.221",
				"port": 41356
			},
			"buckets": [
				165,
				247,
				66,
				235
			],
			"attempts": 19,
			"bucket_type": 1,
			"last_attempt": "2023-02-14T12:14:50.012926148Z",
			"last_success": "0001-01-01T00:00:00Z",
			"last_ban_time": "0001-01-01T00:00:00Z"
		},
		{
			"addr": {
				"id": "1850c9bb038c1cb25fc83df25b0daf79ec88808d",
				"ip": "195.15.246.75",
				"port": 26656
			},
			"src": {
				"id": "418a1b8485e79d7e12f934ce7ec622cfcbde97d3",
				"ip": "52.91.39.40",
				"port": 41356
			},
			"buckets": [
				148,
				5,
				224,
				178
			],
			"attempts": 26,
			"bucket_type": 1,
			"last_attempt": "2023-02-14T12:06:50.299712447Z",
			"last_success": "0001-01-01T00:00:00Z",
			"last_ban_time": "0001-01-01T00:00:00Z"
		},
		{
			"addr": {
				"id": "ad119a6c95cc14181eb3a32ce2bad9c7a8b5d661",
				"ip": "131.153.202.181",
				"port": 26656
			},
			"src": {
				"id": "418a1b8485e79d7e12f934ce7ec622cfcbde97d3",
				"ip": "52.91.39.40",
				"port": 41356
			},
			"buckets": [
				77,
				207,
				233,
				130
			],
			"attempts": 26,
			"bucket_type": 1,
			"last_attempt": "2023-02-14T12:31:23.075275774Z",
			"last_success": "0001-01-01T00:00:00Z",
			"last_ban_time": "0001-01-01T00:00:00Z"
		},
		{
			"addr": {
				"id": "4d61ab323b91e0b6a5d6dcf2f2eaf7bc7b06d375",
				"ip": "5.161.49.37",
				"port": 26656
			},
			"src": {
				"id": "6ebf0000ee85ff987f1d9de3223d605745736ca9",
				"ip": "35.168.16.221",
				"port": 41356
			},
			"buckets": [
				165,
				247,
				53,
				150
			],
			"attempts": 23,
			"bucket_type": 1,
			"last_attempt": "2023-02-14T10:55:50.013448923Z",
			"last_success": "0001-01-01T00:00:00Z",
			"last_ban_time": "0001-01-01T00:00:00Z"
		},
		{
			"addr": {
				"id": "0c795b273ca8fbabe9421396129209ffe9d278b8",
				"ip": "54.202.211.7",
				"port": 26656
			},
			"src": {
				"id": "49d39420c03ec57240793bca9c8bcc4d339e976b",
				"ip": "65.21.135.86",
				"port": 2000
			},
			"buckets": [
				201,
				46,
				112,
				218
			],
			"attempts": 7,
			"bucket_type": 1,
			"last_attempt": "2023-02-14T12:02:21.005304493Z",
			"last_success": "0001-01-01T00:00:00Z",
			"last_ban_time": "0001-01-01T00:00:00Z"
		},
		{
			"addr": {
				"id": "1677dabde46280cf7101472ac96777d855c0fbf0",
				"ip": "65.109.32.226",
				"port": 26656
			},
			"src": {
				"id": "49d39420c03ec57240793bca9c8bcc4d339e976b",
				"ip": "65.21.135.86",
				"port": 2000
			},
			"buckets": [
				28
			],
			"attempts": 0,
			"bucket_type": 2,
			"last_attempt": "2023-02-14T12:22:30.19648881Z",
			"last_success": "2023-02-14T12:22:30.19648881Z",
			"last_ban_time": "0001-01-01T00:00:00Z"
		},
		{
			"addr": {
				"id": "519f5e97fa9c14bbce691c83fad55adc92427608",
				"ip": "167.235.242.93",
				"port": 26656
			},
			"src": {
				"id": "6ebf0000ee85ff987f1d9de3223d605745736ca9",
				"ip": "35.168.16.221",
				"port": 41356
			},
			"buckets": [
				76,
				131,
				38,
				180
			],
			"attempts": 31,
			"bucket_type": 1,
			"last_attempt": "2023-02-14T12:26:20.276401095Z",
			"last_success": "0001-01-01T00:00:00Z",
			"last_ban_time": "0001-01-01T00:00:00Z"
		},
		{
			"addr": {
				"id": "be83a207e5ecaeab76c4af4caa7c1e623c6f32ae",
				"ip": "5.161.66.92",
				"port": 26656
			},
			"src": {
				"id": "6ebf0000ee85ff987f1d9de3223d605745736ca9",
				"ip": "35.168.16.221",
				"port": 41356
			},
			"buckets": [
				165,
				247,
				66,
				53
			],
			"attempts": 19,
			"bucket_type": 1,
			"last_attempt": "2023-02-14T12:04:50.013941014Z",
			"last_success": "0001-01-01T00:00:00Z",
			"last_ban_time": "0001-01-01T00:00:00Z"
		},
		{
			"addr": {
				"id": "c8f6ff82b5a965b753122ae8e677218a07f1dc91",
				"ip": "141.95.47.82",
				"port": 30156
			},
			"src": {
				"id": "418a1b8485e79d7e12f934ce7ec622cfcbde97d3",
				"ip": "52.91.39.40",
				"port": 41356
			},
			"buckets": [
				167,
				141,
				163,
				25
			],
			"attempts": 24,
			"bucket_type": 1,
			"last_attempt": "2023-02-14T12:08:53.093408364Z",
			"last_success": "0001-01-01T00:00:00Z",
			"last_ban_time": "0001-01-01T00:00:00Z"
		},
		{
			"addr": {
				"id": "3b2f33bd510f4b309a3a52ae15425f9defa5efc3",
				"ip": "141.95.72.74",
				"port": 15095
			},
			"src": {
				"id": "6ebf0000ee85ff987f1d9de3223d605745736ca9",
				"ip": "35.168.16.221",
				"port": 41356
			},
			"buckets": [
				163,
				167,
				253,
				141
			],
			"attempts": 21,
			"bucket_type": 1,
			"last_attempt": "2023-02-14T12:13:50.265576795Z",
			"last_success": "0001-01-01T00:00:00Z",
			"last_ban_time": "0001-01-01T00:00:00Z"
		},
		{
			"addr": {
				"id": "67c373250c485e988c2a648cc8f80f99244baf3a",
				"ip": "162.55.132.48",
				"port": 15614
			},
			"src": {
				"id": "418a1b8485e79d7e12f934ce7ec622cfcbde97d3",
				"ip": "52.91.39.40",
				"port": 41356
			},
			"buckets": [
				174,
				5,
				207,
				222
			],
			"attempts": 20,
			"bucket_type": 1,
			"last_attempt": "2023-02-14T11:55:23.09614128Z",
			"last_success": "0001-01-01T00:00:00Z",
			"last_ban_time": "0001-01-01T00:00:00Z"
		},
		{
			"addr": {
				"id": "f00caa66560f8be6cf6231b2f113ea4fbf2e77d7",
				"ip": "142.132.199.211",
				"port": 26656
			},
			"src": {
				"id": "6ebf0000ee85ff987f1d9de3223d605745736ca9",
				"ip": "35.168.16.221",
				"port": 41356
			},
			"buckets": [
				165,
				237,
				99,
				86
			],
			"attempts": 19,
			"bucket_type": 1,
			"last_attempt": "2023-02-14T12:19:51.006645773Z",
			"last_success": "0001-01-01T00:00:00Z",
			"last_ban_time": "0001-01-01T00:00:00Z"
		},
		{
			"addr": {
				"id": "4ebf87085c2a3cc65d09549938985cf72a3c7734",
				"ip": "65.108.97.229",
				"port": 26656
			},
			"src": {
				"id": "6ebf0000ee85ff987f1d9de3223d605745736ca9",
				"ip": "35.168.16.221",
				"port": 41356
			},
			"buckets": [
				165,
				66,
				190,
				160
			],
			"attempts": 14,
			"bucket_type": 1,
			"last_attempt": "2023-02-14T11:19:23.118997332Z",
			"last_success": "0001-01-01T00:00:00Z",
			"last_ban_time": "0001-01-01T00:00:00Z"
		},
		{
			"addr": {
				"id": "f38e424db37945654159e6d9c2e48922c5c37252",
				"ip": "157.230.247.69",
				"port": 26656
			},
			"src": {
				"id": "6ebf0000ee85ff987f1d9de3223d605745736ca9",
				"ip": "35.168.16.221",
				"port": 41356
			},
			"buckets": [
				169,
				217,
				90,
				16
			],
			"attempts": 21,
			"bucket_type": 1,
			"last_attempt": "2023-02-14T11:57:50.695946319Z",
			"last_success": "0001-01-01T00:00:00Z",
			"last_ban_time": "0001-01-01T00:00:00Z"
		},
		{
			"addr": {
				"id": "7cfb03e6f4ac2256e1ea4ee3faf2eb8ae6dfd542",
				"ip": "46.4.107.112",
				"port": 11756
			},
			"src": {
				"id": "6ebf0000ee85ff987f1d9de3223d605745736ca9",
				"ip": "35.168.16.221",
				"port": 41356
			},
			"buckets": [
				60,
				203,
				38,
				157
			],
			"attempts": 29,
			"bucket_type": 1,
			"last_attempt": "2023-02-14T12:00:53.095892909Z",
			"last_success": "0001-01-01T00:00:00Z",
			"last_ban_time": "0001-01-01T00:00:00Z"
		},
		{
			"addr": {
				"id": "3dd4b9df460b29232665f78e701300a42001ac11",
				"ip": "65.108.130.171",
				"port": 26656
			},
			"src": {
				"id": "6ebf0000ee85ff987f1d9de3223d605745736ca9",
				"ip": "35.168.16.221",
				"port": 41356
			},
			"buckets": [
				165,
				160,
				66,
				100
			],
			"attempts": 17,
			"bucket_type": 1,
			"last_attempt": "2023-02-14T11:39:50.118761061Z",
			"last_success": "0001-01-01T00:00:00Z",
			"last_ban_time": "0001-01-01T00:00:00Z"
		},
		{
			"addr": {
				"id": "5f9b3338ecce8b4d9149f4fbb10b0fe9c2a4e2a7",
				"ip": "35.207.191.200",
				"port": 26656
			},
			"src": {
				"id": "6ebf0000ee85ff987f1d9de3223d605745736ca9",
				"ip": "35.168.16.221",
				"port": 41356
			},
			"buckets": [
				214,
				247,
				248,
				130
			],
			"attempts": 28,
			"bucket_type": 1,
			"last_attempt": "2023-02-14T12:20:51.006868339Z",
			"last_success": "0001-01-01T00:00:00Z",
			"last_ban_time": "0001-01-01T00:00:00Z"
		},
		{
			"addr": {
				"id": "71f96fe3eec96b9501043613a32a5a306a8f656b",
				"ip": "2606:4700:3030::ac43:be6a",
				"port": 10656
			},
			"src": {
				"id": "49d39420c03ec57240793bca9c8bcc4d339e976b",
				"ip": "65.21.135.86",
				"port": 2000
			},
			"buckets": [
				31,
				199,
				163,
				88
			],
			"attempts": 6,
			"bucket_type": 1,
			"last_attempt": "2023-02-14T11:57:50.005144406Z",
			"last_success": "0001-01-01T00:00:00Z",
			"last_ban_time": "0001-01-01T00:00:00Z"
		},
		{
			"addr": {
				"id": "9c4151b4542c7e555516c289bbc4471b0dcdf43e",
				"ip": "3.65.40.95",
				"port": 26656
			},
			"src": {
				"id": "6ebf0000ee85ff987f1d9de3223d605745736ca9",
				"ip": "35.168.16.221",
				"port": 41356
			},
			"buckets": [
				33,
				226,
				86,
				77
			],
			"attempts": 27,
			"bucket_type": 1,
			"last_attempt": "2023-02-14T10:58:50.273538082Z",
			"last_success": "0001-01-01T00:00:00Z",
			"last_ban_time": "0001-01-01T00:00:00Z"
		},
		{
			"addr": {
				"id": "a5cffc786ead063c3b6296e18363942e1409c85b",
				"ip": "34.29.43.152",
				"port": 26656
			},
			"src": {
				"id": "6ebf0000ee85ff987f1d9de3223d605745736ca9",
				"ip": "35.168.16.221",
				"port": 41356
			},
			"buckets": [
				174,
				181,
				104,
				247
			],
			"attempts": 27,
			"bucket_type": 1,
			"last_attempt": "2023-02-14T12:07:20.084875953Z",
			"last_success": "0001-01-01T00:00:00Z",
			"last_ban_time": "0001-01-01T00:00:00Z"
		},
		{
			"addr": {
				"id": "92ea3c8436a77348aee4764076bac36e2a71be44",
				"ip": "65.109.89.19",
				"port": 11756
			},
			"src": {
				"id": "6ebf0000ee85ff987f1d9de3223d605745736ca9",
				"ip": "35.168.16.221",
				"port": 41356
			},
			"buckets": [
				189,
				222,
				79,
				235
			],
			"attempts": 27,
			"bucket_type": 1,
			"last_attempt": "2023-02-14T11:19:53.119453233Z",
			"last_success": "0001-01-01T00:00:00Z",
			"last_ban_time": "0001-01-01T00:00:00Z"
		},
		{
			"addr": {
				"id": "d9bd9752b4be9ee962a26400f2eda2288b54dc20",
				"ip": "146.190.85.56",
				"port": 26656
			},
			"src": {
				"id": "418a1b8485e79d7e12f934ce7ec622cfcbde97d3",
				"ip": "52.91.39.40",
				"port": 41356
			},
			"buckets": [
				143,
				213,
				211,
				148
			],
			"attempts": 21,
			"bucket_type": 1,
			"last_attempt": "2023-02-14T12:24:23.232391145Z",
			"last_success": "0001-01-01T00:00:00Z",
			"last_ban_time": "0001-01-01T00:00:00Z"
		},
		{
			"addr": {
				"id": "08f3087b0f9c07617ad3baa4669b5e6f7fe8f91c",
				"ip": "168.119.149.188",
				"port": 26656
			},
			"src": {
				"id": "418a1b8485e79d7e12f934ce7ec622cfcbde97d3",
				"ip": "52.91.39.40",
				"port": 41356
			},
			"buckets": [
				111,
				62,
				178,
				119
			],
			"attempts": 26,
			"bucket_type": 1,
			"last_attempt": "2023-02-14T11:49:20.276261907Z",
			"last_success": "0001-01-01T00:00:00Z",
			"last_ban_time": "0001-01-01T00:00:00Z"
		},
		{
			"addr": {
				"id": "66b8b7a6e49f3816f55e0a53783c1c8d363f2458",
				"ip": "146.59.85.223",
				"port": 11756
			},
			"src": {
				"id": "6ebf0000ee85ff987f1d9de3223d605745736ca9",
				"ip": "35.168.16.221",
				"port": 41356
			},
			"buckets": [
				62,
				241,
				138,
				108
			],
			"attempts": 20,
			"bucket_type": 1,
			"last_attempt": "2023-02-14T12:28:53.113531829Z",
			"last_success": "0001-01-01T00:00:00Z",
			"last_ban_time": "0001-01-01T00:00:00Z"
		},
		{
			"addr": {
				"id": "a9cd12613bd20da7499a1488c8d678037fd19f45",
				"ip": "3.39.191.196",
				"port": 26656
			},
			"src": {
				"id": "418a1b8485e79d7e12f934ce7ec622cfcbde97d3",
				"ip": "52.91.39.40",
				"port": 41356
			},
			"buckets": [
				42,
				60,
				222,
				31
			],
			"attempts": 22,
			"bucket_type": 1,
			"last_attempt": "2023-02-14T11:52:20.585104978Z",
			"last_success": "0001-01-01T00:00:00Z",
			"last_ban_time": "0001-01-01T00:00:00Z"
		},
		{
			"addr": {
				"id": "53c1d1afa22e46d3e38558053f1e515e32111c5a",
				"ip": "169.155.169.56",
				"port": 26656
			},
			"src": {
				"id": "418a1b8485e79d7e12f934ce7ec622cfcbde97d3",
				"ip": "52.91.39.40",
				"port": 41356
			},
			"buckets": [
				151,
				130,
				73,
				75
			],
			"attempts": 20,
			"bucket_type": 1,
			"last_attempt": "2023-02-14T11:27:23.091483788Z",
			"last_success": "0001-01-01T00:00:00Z",
			"last_ban_time": "0001-01-01T00:00:00Z"
		},
		{
			"addr": {
				"id": "51db3b0e09016c58d6e1ea0e7916e15138b015be",
				"ip": "65.108.98.218",
				"port": 11095
			},
			"src": {
				"id": "6ebf0000ee85ff987f1d9de3223d605745736ca9",
				"ip": "35.168.16.221",
				"port": 41356
			},
			"buckets": [
				165,
				190,
				160,
				173
			],
			"attempts": 13,
			"bucket_type": 1,
			"last_attempt": "2023-02-14T10:15:50.344767449Z",
			"last_success": "0001-01-01T00:00:00Z",
			"last_ban_time": "0001-01-01T00:00:00Z"
		},
		{
			"addr": {
				"id": "49d39420c03ec57240793bca9c8bcc4d339e976b",
				"ip": "65.21.135.86",
				"port": 2000
			},
			"src": {
				"id": "418a1b8485e79d7e12f934ce7ec622cfcbde97d3",
				"ip": "52.91.39.40",
				"port": 41356
			},
			"buckets": [
				38
			],
			"attempts": 0,
			"bucket_type": 2,
			"last_attempt": "2023-02-14T12:45:19.044377823Z",
			"last_success": "2023-02-14T12:45:19.044377823Z",
			"last_ban_time": "0001-01-01T00:00:00Z"
		},
		{
			"addr": {
				"id": "a0fbc6223d466ad3092aa9c0596d2379ebad3047",
				"ip": "176.34.66.249",
				"port": 26656
			},
			"src": {
				"id": "6ebf0000ee85ff987f1d9de3223d605745736ca9",
				"ip": "35.168.16.221",
				"port": 41356
			},
			"buckets": [
				164,
				77,
				204,
				224
			],
			"attempts": 24,
			"bucket_type": 1,
			"last_attempt": "2023-02-14T11:38:50.207373953Z",
			"last_success": "0001-01-01T00:00:00Z",
			"last_ban_time": "0001-01-01T00:00:00Z"
		},
		{
			"addr": {
				"id": "e792798bb79353248487700d21448e69f95f7ffe",
				"ip": "185.248.24.19",
				"port": 26676
			},
			"src": {
				"id": "418a1b8485e79d7e12f934ce7ec622cfcbde97d3",
				"ip": "52.91.39.40",
				"port": 41356
			},
			"buckets": [
				87,
				245,
				145,
				232
			],
			"attempts": 33,
			"bucket_type": 1,
			"last_attempt": "2023-02-14T12:15:50.311513701Z",
			"last_success": "0001-01-01T00:00:00Z",
			"last_ban_time": "0001-01-01T00:00:00Z"
		},
		{
			"addr": {
				"id": "728e015f58edbbad80e03db90399a83580ae3c60",
				"ip": "142.132.202.50",
				"port": 39656
			},
			"src": {
				"id": "6ebf0000ee85ff987f1d9de3223d605745736ca9",
				"ip": "35.168.16.221",
				"port": 41356
			},
			"buckets": [
				11
			],
			"attempts": 32,
			"bucket_type": 2,
			"last_attempt": "2023-02-14T11:29:53.096908192Z",
			"last_success": "2023-02-11T10:51:56.546022605-04:00",
			"last_ban_time": "0001-01-01T00:00:00Z"
		},
		{
			"addr": {
				"id": "6deac387b71a1a83ce6ca3a7b3422ca472d19788",
				"ip": "217.76.59.213",
				"port": 26656
			},
			"src": {
				"id": "49d39420c03ec57240793bca9c8bcc4d339e976b",
				"ip": "65.21.135.86",
				"port": 2000
			},
			"buckets": [
				13
			],
			"attempts": 0,
			"bucket_type": 2,
			"last_attempt": "2023-02-14T11:54:43.758096703Z",
			"last_success": "2023-02-14T11:54:43.758096703Z",
			"last_ban_time": "0001-01-01T00:00:00Z"
		},
		{
			"addr": {
				"id": "8a3d35ddbedc7271dea27105cc1a9f689ed68e5e",
				"ip": "107.20.101.62",
				"port": 26656
			},
			"src": {
				"id": "418a1b8485e79d7e12f934ce7ec622cfcbde97d3",
				"ip": "52.91.39.40",
				"port": 41356
			},
			"buckets": [
				131,
				178,
				66,
				203
			],
			"attempts": 20,
			"bucket_type": 1,
			"last_attempt": "2023-02-14T11:27:20.010218837Z",
			"last_success": "0001-01-01T00:00:00Z",
			"last_ban_time": "0001-01-01T00:00:00Z"
		},
		{
			"addr": {
				"id": "9c9e207110489f0208918b446a800169132bb38f",
				"ip": "104.248.146.240",
				"port": 26656
			},
			"src": {
				"id": "6ebf0000ee85ff987f1d9de3223d605745736ca9",
				"ip": "35.168.16.221",
				"port": 41356
			},
			"buckets": [
				225,
				217,
				237,
				210
			],
			"attempts": 26,
			"bucket_type": 1,
			"last_attempt": "2023-02-14T12:03:20.665656338Z",
			"last_success": "0001-01-01T00:00:00Z",
			"last_ban_time": "0001-01-01T00:00:00Z"
		},
		{
			"addr": {
				"id": "04228bed7c74c70772c0870d7b76e29097736abf",
				"ip": "78.47.151.60",
				"port": 26656
			},
			"src": {
				"id": "6ebf0000ee85ff987f1d9de3223d605745736ca9",
				"ip": "35.168.16.221",
				"port": 41356
			},
			"buckets": [
				98,
				7,
				59,
				144
			],
			"attempts": 27,
			"bucket_type": 1,
			"last_attempt": "2023-02-14T11:18:50.285228856Z",
			"last_success": "0001-01-01T00:00:00Z",
			"last_ban_time": "0001-01-01T00:00:00Z"
		},
		{
			"addr": {
				"id": "df366d15d28a4cb50b486b21f0f2666cb387c754",
				"ip": "35.79.22.231",
				"port": 26656
			},
			"src": {
				"id": "418a1b8485e79d7e12f934ce7ec622cfcbde97d3",
				"ip": "52.91.39.40",
				"port": 41356
			},
			"buckets": [
				247,
				31,
				73,
				76
			],
			"attempts": 14,
			"bucket_type": 1,
			"last_attempt": "2023-02-14T11:30:53.167981773Z",
			"last_success": "0001-01-01T00:00:00Z",
			"last_ban_time": "0001-01-01T00:00:00Z"
		},
		{
			"addr": {
				"id": "0b9f3e50fb4de554fbc9c9f46bb2a7370bf9f055",
				"ip": "65.109.164.8",
				"port": 26656
			},
			"src": {
				"id": "418a1b8485e79d7e12f934ce7ec622cfcbde97d3",
				"ip": "52.91.39.40",
				"port": 41356
			},
			"buckets": [
				79,
				142,
				222,
				189
			],
			"attempts": 21,
			"bucket_type": 1,
			"last_attempt": "2023-02-14T10:59:50.345246565Z",
			"last_success": "0001-01-01T00:00:00Z",
			"last_ban_time": "0001-01-01T00:00:00Z"
		},
		{
			"addr": {
				"id": "a07cec8341f149ed49f751146728cf81f83764ff",
				"ip": "84.244.95.239",
				"port": 26656
			},
			"src": {
				"id": "6ebf0000ee85ff987f1d9de3223d605745736ca9",
				"ip": "35.168.16.221",
				"port": 41356
			},
			"buckets": [
				67,
				145,
				195,
				42
			],
			"attempts": 27,
			"bucket_type": 1,
			"last_attempt": "2023-02-14T12:05:53.097706088Z",
			"last_success": "0001-01-01T00:00:00Z",
			"last_ban_time": "0001-01-01T00:00:00Z"
		},
		{
			"addr": {
				"id": "9b55111ce945c9d729464b04730d62d09c1c2054",
				"ip": "144.91.66.143",
				"port": 27656
			},
			"src": {
				"id": "6ebf0000ee85ff987f1d9de3223d605745736ca9",
				"ip": "35.168.16.221",
				"port": 41356
			},
			"buckets": [
				50
			],
			"attempts": 45,
			"bucket_type": 2,
			"last_attempt": "2023-02-14T12:10:20.192594905Z",
			"last_success": "2023-02-11T08:31:15.634725124-04:00",
			"last_ban_time": "0001-01-01T00:00:00Z"
		},
		{
			"addr": {
				"id": "84ef902da4eff54bec24d080100cefc035a3f19d",
				"ip": "65.108.231.174",
				"port": 26656
			},
			"src": {
				"id": "6ebf0000ee85ff987f1d9de3223d605745736ca9",
				"ip": "35.168.16.221",
				"port": 41356
			},
			"buckets": [
				165,
				160,
				66,
				173
			],
			"attempts": 16,
			"bucket_type": 1,
			"last_attempt": "2023-02-14T12:20:20.343663113Z",
			"last_success": "0001-01-01T00:00:00Z",
			"last_ban_time": "0001-01-01T00:00:00Z"
		},
		{
			"addr": {
				"id": "d2247f7b919f0781c90ee61958d7044665a22d38",
				"ip": "134.65.193.224",
				"port": 26656
			},
			"src": {
				"id": "6ebf0000ee85ff987f1d9de3223d605745736ca9",
				"ip": "35.168.16.221",
				"port": 41356
			},
			"buckets": [
				67,
				108,
				142,
				161
			],
			"attempts": 18,
			"bucket_type": 1,
			"last_attempt": "2023-02-14T11:38:50.26408863Z",
			"last_success": "0001-01-01T00:00:00Z",
			"last_ban_time": "0001-01-01T00:00:00Z"
		},
		{
			"addr": {
				"id": "9dc9e9b50c4cae52cdbec2034d879427b2a429ae",
				"ip": "52.79.240.114",
				"port": 26656
			},
			"src": {
				"id": "6ebf0000ee85ff987f1d9de3223d605745736ca9",
				"ip": "35.168.16.221",
				"port": 41356
			},
			"buckets": [
				254,
				93,
				86,
				186
			],
			"attempts": 26,
			"bucket_type": 1,
			"last_attempt": "2023-02-14T12:26:50.576261622Z",
			"last_success": "0001-01-01T00:00:00Z",
			"last_ban_time": "0001-01-01T00:00:00Z"
		},
		{
			"addr": {
				"id": "ce99a32f960e1ebbe1332eea3ef33b0bc2518a45",
				"ip": "78.46.92.16",
				"port": 26656
			},
			"src": {
				"id": "6ebf0000ee85ff987f1d9de3223d605745736ca9",
				"ip": "35.168.16.221",
				"port": 41356
			},
			"buckets": [
				163,
				143,
				51,
				64
			],
			"attempts": 27,
			"bucket_type": 1,
			"last_attempt": "2023-02-14T12:23:50.276448379Z",
			"last_success": "0001-01-01T00:00:00Z",
			"last_ban_time": "0001-01-01T00:00:00Z"
		},
		{
			"addr": {
				"id": "9f217be3b0bada98024f2a23225fb794177e399a",
				"ip": "148.251.11.28",
				"port": 26656
			},
			"src": {
				"id": "6ebf0000ee85ff987f1d9de3223d605745736ca9",
				"ip": "35.168.16.221",
				"port": 41356
			},
			"buckets": [
				189,
				73,
				207,
				184
			],
			"attempts": 21,
			"bucket_type": 1,
			"last_attempt": "2023-02-14T11:45:23.095638975Z",
			"last_success": "0001-01-01T00:00:00Z",
			"last_ban_time": "0001-01-01T00:00:00Z"
		},
		{
			"addr": {
				"id": "89757803f40da51678451735445ad40d5b15e059",
				"ip": "164.152.161.49",
				"port": 26656
			},
			"src": {
				"id": "418a1b8485e79d7e12f934ce7ec622cfcbde97d3",
				"ip": "52.91.39.40",
				"port": 41356
			},
			"buckets": [
				159,
				254,
				190,
				145
			],
			"attempts": 27,
			"bucket_type": 1,
			"last_attempt": "2023-02-14T12:23:20.262911851Z",
			"last_success": "0001-01-01T00:00:00Z",
			"last_ban_time": "0001-01-01T00:00:00Z"
		},
		{
			"addr": {
				"id": "2945a38f7a2cfc42f0b44697127a8c06c1023f0e",
				"ip": "89.116.28.2",
				"port": 26656
			},
			"src": {
				"id": "49d39420c03ec57240793bca9c8bcc4d339e976b",
				"ip": "65.21.135.86",
				"port": 2000
			},
			"buckets": [
				238,
				208,
				137
			],
			"attempts": 0,
			"bucket_type": 1,
			"last_attempt": "2023-02-14T10:00:20.657951121Z",
			"last_success": "0001-01-01T00:00:00Z",
			"last_ban_time": "0001-01-01T00:00:00Z"
		},
		{
			"addr": {
				"id": "8fff243159183fa696b5021e990bc056a5130c70",
				"ip": "141.94.215.5",
				"port": 26656
			},
			"src": {
				"id": "6ebf0000ee85ff987f1d9de3223d605745736ca9",
				"ip": "35.168.16.221",
				"port": 41356
			},
			"buckets": [
				169,
				212,
				114,
				161
			],
			"attempts": 24,
			"bucket_type": 1,
			"last_attempt": "2023-02-14T12:29:20.237775787Z",
			"last_success": "0001-01-01T00:00:00Z",
			"last_ban_time": "0001-01-01T00:00:00Z"
		},
		{
			"addr": {
				"id": "a1b96e94be2faf51d8c7043cc55e112d1f250620",
				"ip": "135.125.189.128",
				"port": 36656
			},
			"src": {
				"id": "418a1b8485e79d7e12f934ce7ec622cfcbde97d3",
				"ip": "52.91.39.40",
				"port": 41356
			},
			"buckets": [
				217,
				234,
				26,
				207
			],
			"attempts": 26,
			"bucket_type": 1,
			"last_attempt": "2023-02-14T12:06:53.093929522Z",
			"last_success": "0001-01-01T00:00:00Z",
			"last_ban_time": "0001-01-01T00:00:00Z"
		},
		{
			"addr": {
				"id": "cabe8b50d2e87d8560094e850bb29c5c4b9786ba",
				"ip": "5.9.66.60",
				"port": 26656
			},
			"src": {
				"id": "6ebf0000ee85ff987f1d9de3223d605745736ca9",
				"ip": "35.168.16.221",
				"port": 41356
			},
			"buckets": [
				213,
				79,
				242,
				224
			],
			"attempts": 24,
			"bucket_type": 1,
			"last_attempt": "2023-02-14T12:21:50.275832934Z",
			"last_success": "0001-01-01T00:00:00Z",
			"last_ban_time": "0001-01-01T00:00:00Z"
		},
		{
			"addr": {
				"id": "65de9e04f72197e37ee200e078d59339edf0002d",
				"ip": "3.38.218.148",
				"port": 26656
			},
			"src": {
				"id": "6ebf0000ee85ff987f1d9de3223d605745736ca9",
				"ip": "35.168.16.221",
				"port": 41356
			},
			"buckets": [
				98,
				241,
				231,
				212
			],
			"attempts": 22,
			"bucket_type": 1,
			"last_attempt": "2023-02-14T12:30:23.194628917Z",
			"last_success": "0001-01-01T00:00:00Z",
			"last_ban_time": "0001-01-01T00:00:00Z"
		},
		{
			"addr": {
				"id": "04d72a9c307a5cc5763cd105b9d41d8d0405d983",
				"ip": "57.128.20.147",
				"port": 30156
			},
			"src": {
				"id": "6ebf0000ee85ff987f1d9de3223d605745736ca9",
				"ip": "35.168.16.221",
				"port": 41356
			},
			"buckets": [
				130,
				52,
				11,
				90
			],
			"attempts": 31,
			"bucket_type": 1,
			"last_attempt": "2023-02-14T11:48:23.091187761Z",
			"last_success": "0001-01-01T00:00:00Z",
			"last_ban_time": "0001-01-01T00:00:00Z"
		},
		{
			"addr": {
				"id": "f2701be4594970b32cd240689cb1dd51e81361f0",
				"ip": "51.91.153.78",
				"port": 30468
			},
			"src": {
				"id": "6ebf0000ee85ff987f1d9de3223d605745736ca9",
				"ip": "35.168.16.221",
				"port": 41356
			},
			"buckets": [
				214,
				144,
				145,
				157
			],
			"attempts": 22,
			"bucket_type": 1,
			"last_attempt": "2023-02-14T12:12:50.274847992Z",
			"last_success": "0001-01-01T00:00:00Z",
			"last_ban_time": "0001-01-01T00:00:00Z"
		},
		{
			"addr": {
				"id": "be950bebc110f4e7ca9e0d392e810968ac07e8a0",
				"ip": "35.239.103.93",
				"port": 26656
			},
			"src": {
				"id": "418a1b8485e79d7e12f934ce7ec622cfcbde97d3",
				"ip": "52.91.39.40",
				"port": 41356
			},
			"buckets": [
				160,
				66,
				73,
				75
			],
			"attempts": 18,
			"bucket_type": 1,
			"last_attempt": "2023-02-14T12:21:20.083445273Z",
			"last_success": "0001-01-01T00:00:00Z",
			"last_ban_time": "0001-01-01T00:00:00Z"
		},
		{
			"addr": {
				"id": "0f1096278efafcf3f0d3bd5b6544e6b8dcc36a0e",
				"ip": "206.189.129.195",
				"port": 26656
			},
			"src": {
				"id": "418a1b8485e79d7e12f934ce7ec622cfcbde97d3",
				"ip": "52.91.39.40",
				"port": 41356
			},
			"buckets": [
				144,
				223,
				165,
				151
			],
			"attempts": 16,
			"bucket_type": 1,
			"last_attempt": "2023-02-14T10:09:23.225650557Z",
			"last_success": "0001-01-01T00:00:00Z",
			"last_ban_time": "0001-01-01T00:00:00Z"
		},
		{
			"addr": {
				"id": "a40e66ffab30d821cbf8c4484bfcf2fd6118f71a",
				"ip": "139.180.185.11",
				"port": 26756
			},
			"src": {
				"id": "6ebf0000ee85ff987f1d9de3223d605745736ca9",
				"ip": "35.168.16.221",
				"port": 41356
			},
			"buckets": [
				66,
				167,
				61,
				164
			],
			"attempts": 27,
			"bucket_type": 1,
			"last_attempt": "2023-02-14T11:55:53.231995771Z",
			"last_success": "0001-01-01T00:00:00Z",
			"last_ban_time": "0001-01-01T00:00:00Z"
		},
		{
			"addr": {
				"id": "39b6dd50db7a917139510500aeeb67090eac12d4",
				"ip": "141.95.124.226",
				"port": 31543
			},
			"src": {
				"id": "6ebf0000ee85ff987f1d9de3223d605745736ca9",
				"ip": "35.168.16.221",
				"port": 41356
			},
			"buckets": [
				163,
				167,
				253,
				25
			],
			"attempts": 20,
			"bucket_type": 1,
			"last_attempt": "2023-02-14T11:28:20.269578973Z",
			"last_success": "0001-01-01T00:00:00Z",
			"last_ban_time": "0001-01-01T00:00:00Z"
		},
		{
			"addr": {
				"id": "012e7d1b69dadc50473bc29664b1de5b0e184dec",
				"ip": "51.159.98.93",
				"port": 26656
			},
			"src": {
				"id": "6ebf0000ee85ff987f1d9de3223d605745736ca9",
				"ip": "35.168.16.221",
				"port": 41356
			},
			"buckets": [
				234,
				99,
				42,
				25
			],
			"attempts": 22,
			"bucket_type": 1,
			"last_attempt": "2023-02-14T11:45:50.261510123Z",
			"last_success": "0001-01-01T00:00:00Z",
			"last_ban_time": "0001-01-01T00:00:00Z"
		},
		{
			"addr": {
				"id": "3a9ba0240541172172fa599a1aa5a43c639743ae",
				"ip": "146.59.52.93",
				"port": 15095
			},
			"src": {
				"id": "6ebf0000ee85ff987f1d9de3223d605745736ca9",
				"ip": "35.168.16.221",
				"port": 41356
			},
			"buckets": [
				62,
				138,
				223,
				241
			],
			"attempts": 24,
			"bucket_type": 1,
			"last_attempt": "2023-02-14T11:46:20.318873128Z",
			"last_success": "0001-01-01T00:00:00Z",
			"last_ban_time": "0001-01-01T00:00:00Z"
		},
		{
			"addr": {
				"id": "6cceba286b498d4a1931f85e35ea0fa433373057",
				"ip": "78.47.208.20",
				"port": 26656
			},
			"src": {
				"id": "6ebf0000ee85ff987f1d9de3223d605745736ca9",
				"ip": "35.168.16.221",
				"port": 41356
			},
			"buckets": [
				98,
				7,
				144,
				173
			],
			"attempts": 24,
			"bucket_type": 1,
			"last_attempt": "2023-02-14T11:05:50.276765471Z",
			"last_success": "0001-01-01T00:00:00Z",
			"last_ban_time": "0001-01-01T00:00:00Z"
		},
		{
			"addr": {
				"id": "9f32299169e166c58bf32b6adf553b8056e69ad0",
				"ip": "144.76.97.251",
				"port": 37656
			},
			"src": {
				"id": "6ebf0000ee85ff987f1d9de3223d605745736ca9",
				"ip": "35.168.16.221",
				"port": 41356
			},
			"buckets": [
				26
			],
			"attempts": 33,
			"bucket_type": 2,
			"last_attempt": "2023-02-14T11:01:53.096828792Z",
			"last_success": "2023-02-11T11:28:12.943417092-04:00",
			"last_ban_time": "0001-01-01T00:00:00Z"
		},
		{
			"addr": {
				"id": "2a13fcdb77af7248f0799cd540a8c27c218586f4",
				"ip": "38.242.192.114",
				"port": 26656
			},
			"src": {
				"id": "6ebf0000ee85ff987f1d9de3223d605745736ca9",
				"ip": "35.168.16.221",
				"port": 41356
			},
			"buckets": [
				225,
				160,
				99,
				109
			],
			"attempts": 23,
			"bucket_type": 1,
			"last_attempt": "2023-02-14T12:18:50.275168386Z",
			"last_success": "0001-01-01T00:00:00Z",
			"last_ban_time": "0001-01-01T00:00:00Z"
		},
		{
			"addr": {
				"id": "d63f8991947f4225802f8e1b175b374ae1c4c382",
				"ip": "65.108.0.165",
				"port": 11756
			},
			"src": {
				"id": "6ebf0000ee85ff987f1d9de3223d605745736ca9",
				"ip": "35.168.16.221",
				"port": 41356
			},
			"buckets": [
				165,
				160,
				130,
				100
			],
			"attempts": 17,
			"bucket_type": 1,
			"last_attempt": "2023-02-14T11:54:53.119998201Z",
			"last_success": "0001-01-01T00:00:00Z",
			"last_ban_time": "0001-01-01T00:00:00Z"
		},
		{
			"addr": {
				"id": "ee6fe809365a3308b5f633c1876f512493c9f10e",
				"ip": "78.46.48.105",
				"port": 26656
			},
			"src": {
				"id": "418a1b8485e79d7e12f934ce7ec622cfcbde97d3",
				"ip": "52.91.39.40",
				"port": 41356
			},
			"buckets": [
				143,
				114,
				51,
				60
			],
			"attempts": 26,
			"bucket_type": 1,
			"last_attempt": "2023-02-14T12:12:20.276056638Z",
			"last_success": "0001-01-01T00:00:00Z",
			"last_ban_time": "0001-01-01T00:00:00Z"
		},
		{
			"addr": {
				"id": "a817e150dc0d8bedf8dd0614364af91b8dce29fa",
				"ip": "65.108.100.32",
				"port": 26661
			},
			"src": {
				"id": "418a1b8485e79d7e12f934ce7ec622cfcbde97d3",
				"ip": "52.91.39.40",
				"port": 41356
			},
			"buckets": [
				160,
				165,
				190,
				100
			],
			"attempts": 12,
			"bucket_type": 1,
			"last_attempt": "2023-02-14T11:56:50.344187071Z",
			"last_success": "0001-01-01T00:00:00Z",
			"last_ban_time": "0001-01-01T00:00:00Z"
		},
		{
			"addr": {
				"id": "919e852269724596547466ef7faebb56cf302b13",
				"ip": "3.80.235.110",
				"port": 26656
			},
			"src": {
				"id": "6ebf0000ee85ff987f1d9de3223d605745736ca9",
				"ip": "35.168.16.221",
				"port": 41356
			},
			"buckets": [
				92,
				73,
				42,
				79
			],
			"attempts": 27,
			"bucket_type": 1,
			"last_attempt": "2023-02-14T12:08:23.008100503Z",
			"last_success": "0001-01-01T00:00:00Z",
			"last_ban_time": "0001-01-01T00:00:00Z"
		},
		{
			"addr": {
				"id": "fad83257e9b5e312c5514bc291c853f8b95de15d",
				"ip": "194.163.164.52",
				"port": 46656
			},
			"src": {
				"id": "6ebf0000ee85ff987f1d9de3223d605745736ca9",
				"ip": "35.168.16.221",
				"port": 41356
			},
			"buckets": [
				40
			],
			"attempts": 31,
			"bucket_type": 2,
			"last_attempt": "2023-02-14T10:14:53.09647243Z",
			"last_success": "2023-02-11T10:29:57.394016836-04:00",
			"last_ban_time": "0001-01-01T00:00:00Z"
		},
		{
			"addr": {
				"id": "2cae9adec56ffc7cb7447ddbd37adf4eba5525e8",
				"ip": "65.109.93.35",
				"port": 29656
			},
			"src": {
				"id": "49d39420c03ec57240793bca9c8bcc4d339e976b",
				"ip": "65.21.135.86",
				"port": 2000
			},
			"buckets": [
				152,
				50,
				86
			],
			"attempts": 3,
			"bucket_type": 1,
			"last_attempt": "2023-02-14T11:25:51.006579956Z",
			"last_success": "0001-01-01T00:00:00Z",
			"last_ban_time": "0001-01-01T00:00:00Z"
		},
		{
			"addr": {
				"id": "3f636d4bc99a309797bbaef5934fc9c3b8f3070c",
				"ip": "146.190.81.135",
				"port": 1656
			},
			"src": {
				"id": "99388578f9e1c591715c5fbc7ae473d64458920e",
				"ip": "0.0.0.0",
				"port": 1656
			},
			"buckets": [
				2,
				205,
				152,
				208
			],
			"attempts": 10,
			"bucket_type": 1,
			"last_attempt": "2023-02-14T11:47:23.237038291Z",
			"last_success": "0001-01-01T00:00:00Z",
			"last_ban_time": "0001-01-01T00:00:00Z"
		},
		{
			"addr": {
				"id": "028b5c97ac5a01863d3f263df7a5814247094b18",
				"ip": "23.19.122.193",
				"port": 26656
			},
			"src": {
				"id": "418a1b8485e79d7e12f934ce7ec622cfcbde97d3",
				"ip": "52.91.39.40",
				"port": 41356
			},
			"buckets": [
				247,
				124,
				90,
				59
			],
			"attempts": 22,
			"bucket_type": 1,
			"last_attempt": "2023-02-14T12:00:23.034123098Z",
			"last_success": "0001-01-01T00:00:00Z",
			"last_ban_time": "0001-01-01T00:00:00Z"
		},
		{
			"addr": {
				"id": "b212d5740b2e11e54f56b072dc13b6134650cfb5",
				"ip": "134.65.192.118",
				"port": 26656
			},
			"src": {
				"id": "6ebf0000ee85ff987f1d9de3223d605745736ca9",
				"ip": "35.168.16.221",
				"port": 41356
			},
			"buckets": [
				67,
				161,
				142,
				157
			],
			"attempts": 19,
			"bucket_type": 1,
			"last_attempt": "2023-02-14T11:54:20.263716843Z",
			"last_success": "0001-01-01T00:00:00Z",
			"last_ban_time": "0001-01-01T00:00:00Z"
		},
		{
			"addr": {
				"id": "02f5464c3516b9e3ffd386af5b9987c220f6164a",
				"ip": "195.189.96.115",
				"port": 26656
			},
			"src": {
				"id": "418a1b8485e79d7e12f934ce7ec622cfcbde97d3",
				"ip": "52.91.39.40",
				"port": 41356
			},
			"buckets": [
				52,
				226,
				81,
				169
			],
			"attempts": 30,
			"bucket_type": 1,
			"last_attempt": "2023-02-14T12:02:51.005202336Z",
			"last_success": "0001-01-01T00:00:00Z",
			"last_ban_time": "0001-01-01T00:00:00Z"
		},
		{
			"addr": {
				"id": "cf16eca9e4009c140ac33994b716a1d06849f5c8",
				"ip": "18.202.153.243",
				"port": 26656
			},
			"src": {
				"id": "418a1b8485e79d7e12f934ce7ec622cfcbde97d3",
				"ip": "52.91.39.40",
				"port": 41356
			},
			"buckets": [
				144,
				164,
				233,
				141
			],
			"attempts": 24,
			"bucket_type": 1,
			"last_attempt": "2023-02-14T10:53:21.006445351Z",
			"last_success": "0001-01-01T00:00:00Z",
			"last_ban_time": "0001-01-01T00:00:00Z"
		},
		{
			"addr": {
				"id": "418a1b8485e79d7e12f934ce7ec622cfcbde97d3",
				"ip": "54.226.52.222",
				"port": 41356
			},
			"src": {
				"id": "2c66624a7bbecd94e8be4005d0ece19ce284d7c3",
				"ip": "54.196.186.174",
				"port": 41356
			},
			"buckets": [
				44
			],
			"attempts": 9,
			"bucket_type": 2,
			"last_attempt": "2023-02-14T11:04:21.00605955Z",
			"last_success": "2023-02-13T00:24:19.005238607Z",
			"last_ban_time": "0001-01-01T00:00:00Z"
		},
		{
			"addr": {
				"id": "ad825ef6b29306d80b0eb8101133cedf7933eb5e",
				"ip": "116.203.36.94",
				"port": 26656
			},
			"src": {
				"id": "6ebf0000ee85ff987f1d9de3223d605745736ca9",
				"ip": "35.168.16.221",
				"port": 41356
			},
			"buckets": [
				207,
				75,
				253,
				77
			],
			"attempts": 23,
			"bucket_type": 1,
			"last_attempt": "2023-02-14T12:19:23.095490571Z",
			"last_success": "0001-01-01T00:00:00Z",
			"last_ban_time": "0001-01-01T00:00:00Z"
		},
		{
			"addr": {
				"id": "e6861bfa9cd9b6be4915c1303f9d178c2e5bcb6f",
				"ip": "51.222.40.84",
				"port": 26661
			},
			"src": {
				"id": "418a1b8485e79d7e12f934ce7ec622cfcbde97d3",
				"ip": "52.91.39.40",
				"port": 41356
			},
			"buckets": [
				7,
				53,
				26,
				174
			],
			"attempts": 25,
			"bucket_type": 1,
			"last_attempt": "2023-02-14T12:11:53.023836684Z",
			"last_success": "0001-01-01T00:00:00Z",
			"last_ban_time": "0001-01-01T00:00:00Z"
		},
		{
			"addr": {
				"id": "b9abf3fa1823a8b0324d07077f6159c73dc9fd40",
				"ip": "54.36.109.62",
				"port": 18056
			},
			"src": {
				"id": "49d39420c03ec57240793bca9c8bcc4d339e976b",
				"ip": "65.21.135.86",
				"port": 2000
			},
			"buckets": [
				57
			],
			"attempts": 0,
			"bucket_type": 2,
			"last_attempt": "2023-02-14T12:04:35.994362479Z",
			"last_success": "2023-02-14T12:04:35.994362479Z",
			"last_ban_time": "0001-01-01T00:00:00Z"
		},
		{
			"addr": {
				"id": "4ba5dc58825150fc4ce944b40f95c17ec4c7b1ce",
				"ip": "74.118.140.61",
				"port": 26656
			},
			"src": {
				"id": "418a1b8485e79d7e12f934ce7ec622cfcbde97d3",
				"ip": "52.91.39.40",
				"port": 41356
			},
			"buckets": [
				77,
				234,
				171,
				226
			],
			"attempts": 21,
			"bucket_type": 1,
			"last_attempt": "2023-02-14T12:22:20.248252508Z",
			"last_success": "0001-01-01T00:00:00Z",
			"last_ban_time": "0001-01-01T00:00:00Z"
		},
		{
			"addr": {
				"id": "4e07b2c2ae02997d23a3a84a3f1c7aa743a35df4",
				"ip": "95.217.197.100",
				"port": 26656
			},
			"src": {
				"id": "418a1b8485e79d7e12f934ce7ec622cfcbde97d3",
				"ip": "52.91.39.40",
				"port": 41356
			},
			"buckets": [
				77,
				67,
				180,
				124
			],
			"attempts": 23,
			"bucket_type": 1,
			"last_attempt": "2023-02-14T12:02:53.11894857Z",
			"last_success": "0001-01-01T00:00:00Z",
			"last_ban_time": "0001-01-01T00:00:00Z"
		},
		{
			"addr": {
				"id": "09441e5847b1a75894ad89870463e3d6354d22e2",
				"ip": "135.181.220.43",
				"port": 26656
			},
			"src": {
				"id": "418a1b8485e79d7e12f934ce7ec622cfcbde97d3",
				"ip": "52.91.39.40",
				"port": 41356
			},
			"buckets": [
				52,
				207,
				253,
				4
			],
			"attempts": 23,
			"bucket_type": 1,
			"last_attempt": "2023-02-14T12:07:50.344429686Z",
			"last_success": "0001-01-01T00:00:00Z",
			"last_ban_time": "0001-01-01T00:00:00Z"
		},
		{
			"addr": {
				"id": "0d1943a64d1aef6eae58f1766489a18f6e80a467",
				"ip": "44.198.191.5",
				"port": 26656
			},
			"src": {
				"id": "418a1b8485e79d7e12f934ce7ec622cfcbde97d3",
				"ip": "52.91.39.40",
				"port": 41356
			},
			"buckets": [
				161,
				213,
				138,
				24
			],
			"attempts": 22,
			"bucket_type": 1,
			"last_attempt": "2023-02-14T12:25:23.007312086Z",
			"last_success": "0001-01-01T00:00:00Z",
			"last_ban_time": "0001-01-01T00:00:00Z"
		},
		{
			"addr": {
				"id": "20a61f70d93af978a3bc1d6be634a57918934f79",
				"ip": "3.128.166.0",
				"port": 26656
			},
			"src": {
				"id": "6ebf0000ee85ff987f1d9de3223d605745736ca9",
				"ip": "35.168.16.221",
				"port": 41356
			},
			"buckets": [
				117,
				42,
				207,
				25
			],
			"attempts": 20,
			"bucket_type": 1,
			"last_attempt": "2023-02-14T12:17:50.04114286Z",
			"last_success": "0001-01-01T00:00:00Z",
			"last_ban_time": "0001-01-01T00:00:00Z"
		},
		{
			"addr": {
				"id": "3f486d41a9be9808ae60573712dbe7f6343eed31",
				"ip": "164.92.91.248",
				"port": 10656
			},
			"src": {
				"id": "49d39420c03ec57240793bca9c8bcc4d339e976b",
				"ip": "65.21.135.86",
				"port": 2000
			},
			"buckets": [
				31,
				7,
				205,
				47
			],
			"attempts": 3,
			"bucket_type": 1,
			"last_attempt": "2023-02-14T11:29:23.078975486Z",
			"last_success": "0001-01-01T00:00:00Z",
			"last_ban_time": "0001-01-01T00:00:00Z"
		},
		{
			"addr": {
				"id": "9e2588bb4b8ba2929e33818f6e6c2e2bb03ce08e",
				"ip": "65.108.121.190",
				"port": 2020
			},
			"src": {
				"id": "6ebf0000ee85ff987f1d9de3223d605745736ca9",
				"ip": "35.168.16.221",
				"port": 41356
			},
			"buckets": [
				165,
				160,
				190,
				173
			],
			"attempts": 14,
			"bucket_type": 1,
			"last_attempt": "2023-02-14T12:15:20.344100574Z",
			"last_success": "0001-01-01T00:00:00Z",
			"last_ban_time": "0001-01-01T00:00:00Z"
		},
		{
			"addr": {
				"id": "e2ee4efb8ea8bc67e50b660975594a731646debc",
				"ip": "146.59.81.18",
				"port": 30156
			},
			"src": {
				"id": "6ebf0000ee85ff987f1d9de3223d605745736ca9",
				"ip": "35.168.16.221",
				"port": 41356
			},
			"buckets": [
				62,
				138,
				241,
				108
			],
			"attempts": 18,
			"bucket_type": 1,
			"last_attempt": "2023-02-14T10:18:53.110613671Z",
			"last_success": "0001-01-01T00:00:00Z",
			"last_ban_time": "0001-01-01T00:00:00Z"
		},
		{
			"addr": {
				"id": "78551538917a1842cfcbea35a715568e12f98108",
				"ip": "141.94.98.115",
				"port": 11095
			},
			"src": {
				"id": "6ebf0000ee85ff987f1d9de3223d605745736ca9",
				"ip": "35.168.16.221",
				"port": 41356
			},
			"buckets": [
				169,
				161,
				114,
				86
			],
			"attempts": 25,
			"bucket_type": 1,
			"last_attempt": "2023-02-14T12:02:20.241810369Z",
			"last_success": "0001-01-01T00:00:00Z",
			"last_ban_time": "0001-01-01T00:00:00Z"
		},
		{
			"addr": {
				"id": "75f6fecc2470f0ea31dc1227e62d8c7f35e43deb",
				"ip": "99.80.222.32",
				"port": 26656
			},
			"src": {
				"id": "6ebf0000ee85ff987f1d9de3223d605745736ca9",
				"ip": "35.168.16.221",
				"port": 41356
			},
			"buckets": [
				189,
				42,
				241,
				88
			],
			"attempts": 28,
			"bucket_type": 1,
			"last_attempt": "2023-02-14T11:58:23.075238991Z",
			"last_success": "0001-01-01T00:00:00Z",
			"last_ban_time": "0001-01-01T00:00:00Z"
		},
		{
			"addr": {
				"id": "3ff04a2f4a6de7d30396dfbe579f599d885c841a",
				"ip": "5.161.131.164",
				"port": 26656
			},
			"src": {
				"id": "6ebf0000ee85ff987f1d9de3223d605745736ca9",
				"ip": "35.168.16.221",
				"port": 41356
			},
			"buckets": [
				165,
				247,
				150,
				178
			],
			"attempts": 12,
			"bucket_type": 1,
			"last_attempt": "2023-02-14T11:59:20.013677163Z",
			"last_success": "0001-01-01T00:00:00Z",
			"last_ban_time": "0001-01-01T00:00:00Z"
		},
		{
			"addr": {
				"id": "4ae10e9c2aac86c12da8ad585dd8ab7cab416ac6",
				"ip": "89.163.130.46",
				"port": 26656
			},
			"src": {
				"id": "49d39420c03ec57240793bca9c8bcc4d339e976b",
				"ip": "65.21.135.86",
				"port": 2000
			},
			"buckets": [
				63,
				111,
				204,
				195
			],
			"attempts": 6,
			"bucket_type": 1,
			"last_attempt": "2023-02-14T11:53:23.089066231Z",
			"last_success": "0001-01-01T00:00:00Z",
			"last_ban_time": "0001-01-01T00:00:00Z"
		},
		{
			"addr": {
				"id": "ebd3a15dd7fb500fa73702c04e7e7f23f4017092",
				"ip": "173.214.165.214",
				"port": 36656
			},
			"src": {
				"id": "6ebf0000ee85ff987f1d9de3223d605745736ca9",
				"ip": "35.168.16.221",
				"port": 41356
			},
			"buckets": [
				194,
				148,
				223,
				143
			],
			"attempts": 31,
			"bucket_type": 1,
			"last_attempt": "2023-02-14T11:44:23.013190483Z",
			"last_success": "0001-01-01T00:00:00Z",
			"last_ban_time": "0001-01-01T00:00:00Z"
		},
		{
			"addr": {
				"id": "6d26ed3f5ba59dde6bf45d56c1b2c5b00a214c09",
				"ip": "185.219.142.32",
				"port": 1656
			},
			"src": {
				"id": "49d39420c03ec57240793bca9c8bcc4d339e976b",
				"ip": "65.21.135.86",
				"port": 2000
			},
			"buckets": [
				62
			],
			"attempts": 0,
			"bucket_type": 2,
			"last_attempt": "2023-02-14T12:00:06.884234882Z",
			"last_success": "2023-02-14T12:00:06.884234882Z",
			"last_ban_time": "0001-01-01T00:00:00Z"
		},
		{
			"addr": {
				"id": "2431611330c0cc60146a47ae89f3dd1c59c63f51",
				"ip": "54.224.89.241",
				"port": 46656
			},
			"src": {
				"id": "49d39420c03ec57240793bca9c8bcc4d339e976b",
				"ip": "65.21.135.86",
				"port": 2000
			},
			"buckets": [
				192,
				239,
				86
			],
			"attempts": 9,
			"bucket_type": 1,
			"last_attempt": "2023-02-14T12:29:51.005783878Z",
			"last_success": "0001-01-01T00:00:00Z",
			"last_ban_time": "0001-01-01T00:00:00Z"
		},
		{
			"addr": {
				"id": "97b1ca0d0746126b2e2df45509c0e567af2facca",
				"ip": "65.109.117.208",
				"port": 4000
			},
			"src": {
				"id": "49d39420c03ec57240793bca9c8bcc4d339e976b",
				"ip": "65.21.135.86",
				"port": 2000
			},
			"buckets": [
				152,
				50,
				86
			],
			"attempts": 0,
			"bucket_type": 1,
			"last_attempt": "2023-02-14T10:00:20.657959721Z",
			"last_success": "0001-01-01T00:00:00Z",
			"last_ban_time": "0001-01-01T00:00:00Z"
		},
		{
			"addr": {
				"id": "8c3459aebbd9d74f213b65ad106641480b817ba4",
				"ip": "38.242.134.77",
				"port": 10656
			},
			"src": {
				"id": "49d39420c03ec57240793bca9c8bcc4d339e976b",
				"ip": "65.21.135.86",
				"port": 2000
			},
			"buckets": [
				211,
				204,
				79,
				127
			],
			"attempts": 4,
			"bucket_type": 1,
			"last_attempt": "2023-02-14T11:47:51.005947078Z",
			"last_success": "0001-01-01T00:00:00Z",
			"last_ban_time": "0001-01-01T00:00:00Z"
		},
		{
			"addr": {
				"id": "74c67144a1dd53a73edff2bde17c0f42a025c924",
				"ip": "65.21.134.202",
				"port": 27656
			},
			"src": {
				"id": "2c66624a7bbecd94e8be4005d0ece19ce284d7c3",
				"ip": "54.196.186.174",
				"port": 41356
			},
			"buckets": [
				40
			],
			"attempts": 28,
			"bucket_type": 2,
			"last_attempt": "2023-02-14T11:24:53.120312393Z",
			"last_success": "2023-02-11T11:04:57.731924516-04:00",
			"last_ban_time": "0001-01-01T00:00:00Z"
		},
		{
			"addr": {
				"id": "00f6b9a373d3ab6a407b46601d5e743884913ddc",
				"ip": "65.108.15.85",
				"port": 26656
			},
			"src": {
				"id": "418a1b8485e79d7e12f934ce7ec622cfcbde97d3",
				"ip": "52.91.39.40",
				"port": 41356
			},
			"buckets": [
				160,
				165,
				164,
				130
			],
			"attempts": 13,
			"bucket_type": 1,
			"last_attempt": "2023-02-14T12:06:21.005481606Z",
			"last_success": "0001-01-01T00:00:00Z",
			"last_ban_time": "0001-01-01T00:00:00Z"
		},
		{
			"addr": {
				"id": "d49ea8427d742509cb877bd34e0b37a6e467cd6f",
				"ip": "85.10.192.146",
				"port": 26656
			},
			"src": {
				"id": "418a1b8485e79d7e12f934ce7ec622cfcbde97d3",
				"ip": "52.91.39.40",
				"port": 41356
			},
			"buckets": [
				93,
				5,
				230,
				207
			],
			"attempts": 23,
			"bucket_type": 1,
			"last_attempt": "2023-02-14T11:36:50.182543703Z",
			"last_success": "0001-01-01T00:00:00Z",
			"last_ban_time": "0001-01-01T00:00:00Z"
		},
		{
			"addr": {
				"id": "a736bed795a7d9df33845d82b40a7c0aa1b11513",
				"ip": "134.65.193.137",
				"port": 26656
			},
			"src": {
				"id": "6ebf0000ee85ff987f1d9de3223d605745736ca9",
				"ip": "35.168.16.221",
				"port": 41356
			},
			"buckets": [
				67,
				108,
				161,
				168
			],
			"attempts": 24,
			"bucket_type": 1,
			"last_attempt": "2023-02-14T11:33:23.090890248Z",
			"last_success": "0001-01-01T00:00:00Z",
			"last_ban_time": "0001-01-01T00:00:00Z"
		},
		{
			"addr": {
				"id": "bba10290da32f3cb41e15c3a192413666ce05cee",
				"ip": "136.243.115.116",
				"port": 26656
			},
			"src": {
				"id": "418a1b8485e79d7e12f934ce7ec622cfcbde97d3",
				"ip": "52.91.39.40",
				"port": 41356
			},
			"buckets": [
				148,
				31,
				190,
				181
			],
			"attempts": 22,
			"bucket_type": 1,
			"last_attempt": "2023-02-14T12:03:50.275761925Z",
			"last_success": "0001-01-01T00:00:00Z",
			"last_ban_time": "0001-01-01T00:00:00Z"
		},
		{
			"addr": {
				"id": "138d3af385311b0ffb1751069945f46c881275e3",
				"ip": "146.190.173.1",
				"port": 32444
			},
			"src": {
				"id": "6ebf0000ee85ff987f1d9de3223d605745736ca9",
				"ip": "35.168.16.221",
				"port": 41356
			},
			"buckets": [
				213,
				143,
				237,
				211
			],
			"attempts": 21,
			"bucket_type": 1,
			"last_attempt": "2023-02-14T11:26:21.004852533Z",
			"last_success": "0001-01-01T00:00:00Z",
			"last_ban_time": "0001-01-01T00:00:00Z"
		},
		{
			"addr": {
				"id": "9fe9cc32880be11134e1ec360a61082541019233",
				"ip": "93.189.30.100",
				"port": 26656
			},
			"src": {
				"id": "6ebf0000ee85ff987f1d9de3223d605745736ca9",
				"ip": "35.168.16.221",
				"port": 41356
			},
			"buckets": [
				76,
				151,
				124,
				185
			],
			"attempts": 23,
			"bucket_type": 1,
			"last_attempt": "2023-02-14T11:41:20.296032046Z",
			"last_success": "0001-01-01T00:00:00Z",
			"last_ban_time": "0001-01-01T00:00:00Z"
		},
		{
			"addr": {
				"id": "ada82e8b8509ba8aeb84516247a9889b6bc9f99a",
				"ip": "65.108.234.105",
				"port": 2000
			},
			"src": {
				"id": "49d39420c03ec57240793bca9c8bcc4d339e976b",
				"ip": "65.21.135.86",
				"port": 2000
			},
			"buckets": [
				190,
				165,
				66,
				173
			],
			"attempts": 14,
			"bucket_type": 1,
			"last_attempt": "2023-02-14T11:44:20.344350184Z",
			"last_success": "0001-01-01T00:00:00Z",
			"last_ban_time": "0001-01-01T00:00:00Z"
		},
		{
			"addr": {
				"id": "983d6a7cda9d64bdc7fccbf56e48263021ed1999",
				"ip": "138.201.16.240",
				"port": 12095
			},
			"src": {
				"id": "6ebf0000ee85ff987f1d9de3223d605745736ca9",
				"ip": "35.168.16.221",
				"port": 41356
			},
			"buckets": [
				117,
				151,
				158,
				20
			],
			"attempts": 24,
			"bucket_type": 1,
			"last_attempt": "2023-02-14T12:27:50.275132639Z",
			"last_success": "0001-01-01T00:00:00Z",
			"last_ban_time": "0001-01-01T00:00:00Z"
		},
		{
			"addr": {
				"id": "6ebf0000ee85ff987f1d9de3223d605745736ca9",
				"ip": "35.168.16.221",
				"port": 41356
			},
			"src": {
				"id": "71f96fe3eec96b9501043613a32a5a306a8f656b",
				"ip": "0.0.0.0",
				"port": 10656
			},
			"buckets": [
				42
			],
			"attempts": 9,
			"bucket_type": 2,
			"last_attempt": "2023-02-14T11:04:23.009000763Z",
			"last_success": "2023-02-13T00:18:08.129747359Z",
			"last_ban_time": "0001-01-01T00:00:00Z"
		},
		{
			"addr": {
				"id": "2caa63e6fa3acfb2b23ec0a4e4e1b52be46f34a9",
				"ip": "198.244.228.16",
				"port": 26322
			},
			"src": {
				"id": "6ebf0000ee85ff987f1d9de3223d605745736ca9",
				"ip": "35.168.16.221",
				"port": 41356
			},
			"buckets": [
				55,
				159,
				211,
				140
			],
			"attempts": 27,
			"bucket_type": 1,
			"last_attempt": "2023-02-14T11:46:51.005081548Z",
			"last_success": "0001-01-01T00:00:00Z",
			"last_ban_time": "0001-01-01T00:00:00Z"
		},
		{
			"addr": {
				"id": "b1c95364b661db23251f7071b6b7ee12eb3d2b42",
				"ip": "34.124.197.220",
				"port": 26656
			},
			"src": {
				"id": "418a1b8485e79d7e12f934ce7ec622cfcbde97d3",
				"ip": "52.91.39.40",
				"port": 41356
			},
			"buckets": [
				143,
				55,
				16,
				226
			],
			"attempts": 31,
			"bucket_type": 1,
			"last_attempt": "2023-02-14T12:16:53.226016404Z",
			"last_success": "0001-01-01T00:00:00Z",
			"last_ban_time": "0001-01-01T00:00:00Z"
		},
		{
			"addr": {
				"id": "c124ce0b508e8b9ed1c5b6957f362225659b5343",
				"ip": "169.155.169.15",
				"port": 26656
			},
			"src": {
				"id": "418a1b8485e79d7e12f934ce7ec622cfcbde97d3",
				"ip": "52.91.39.40",
				"port": 41356
			},
			"buckets": [
				151,
				75,
				130,
				73
			],
			"attempts": 19,
			"bucket_type": 1,
			"last_attempt": "2023-02-14T12:09:20.264594779Z",
			"last_success": "0001-01-01T00:00:00Z",
			"last_ban_time": "0001-01-01T00:00:00Z"
		}
	]
}
