{
	"key": "89ffa5e3e2e3188397aea03d",
	"addrs": [
		{
			"addr": {
				"id": "2a5bdacea9b9c9e107d54313826bae2bd3dc9a62",
				"ip": "72.46.84.67",
				"port": 26273
			},
			"src": {
				"id": "5faef8514ed5c460ac2e3bb473f1b7edb4509e56",
				"ip": "0.0.0.0",
				"port": 26716
			},
			"buckets": [
				118,
				140,
				1,
				141
			],
			"attempts": 9,
			"bucket_type": 1,
			"last_attempt": "2025-01-28T16:52:49.496724593+01:00",
			"last_success": "0001-01-01T00:00:00Z",
			"last_ban_time": "0001-01-01T00:00:00Z"
		},
		{
			"addr": {
				"id": "2231b2285c3ba2f0dec145633d5bc90b8cf782bd",
				"ip": "161.97.77.219",
				"port": 26656
			},
			"src": {
				"id": "5faef8514ed5c460ac2e3bb473f1b7edb4509e56",
				"ip": "0.0.0.0",
				"port": 26716
			},
			"buckets": [
				35
			],
			"attempts": 0,
			"bucket_type": 2,
			"last_attempt": "2025-02-04T01:55:24.980242546+01:00",
			"last_success": "2025-02-04T01:55:24.980242546+01:00",
			"last_ban_time": "0001-01-01T00:00:00Z"
		},
		{
			"addr": {
				"id": "67005da272db21235727069f0d77009475e75c6f",
				"ip": "185.26.11.21",
				"port": 50056
			},
			"src": {
				"id": "69098dd6fa6ee56970d13c91ce8d8c0f3dee2425",
				"ip": "0.0.0.0",
				"port": 36656
			},
			"buckets": [
				118,
				68
			],
			"attempts": 0,
			"bucket_type": 1,
			"last_attempt": "2025-01-29T21:49:18.723513462+01:00",
			"last_success": "0001-01-01T00:00:00Z",
			"last_ban_time": "0001-01-01T00:00:00Z"
		},
		{
			"addr": {
				"id": "a6883b87cf197532d4fb156599d4193e51297d32",
				"ip": "95.214.55.31",
				"port": 31656
			},
			"src": {
				"id": "69098dd6fa6ee56970d13c91ce8d8c0f3dee2425",
				"ip": "0.0.0.0",
				"port": 36656
			},
			"buckets": [
				136,
				241
			],
			"attempts": 0,
			"bucket_type": 1,
			"last_attempt": "2025-01-29T21:49:18.723636495+01:00",
			"last_success": "0001-01-01T00:00:00Z",
			"last_ban_time": "0001-01-01T00:00:00Z"
		},
		{
			"addr": {
				"id": "85e441cfe74b8c0f8b820beff46edab20e92716c",
				"ip": "65.108.192.125",
				"port": 62656
			},
			"src": {
				"id": "35f1b583eb6a97d02131b20b74dca1a7052668a2",
				"ip": "194.163.135.92",
				"port": 36656
			},
			"buckets": [
				63
			],
			"attempts": 0,
			"bucket_type": 1,
			"last_attempt": "2025-02-03T00:58:48.78385091+01:00",
			"last_success": "0001-01-01T00:00:00Z",
			"last_ban_time": "0001-01-01T00:00:00Z"
		},
		{
			"addr": {
				"id": "94013e2b8be18361f3091287681b63f132475808",
				"ip": "218.155.161.169",
				"port": 30355
			},
			"src": {
				"id": "5faef8514ed5c460ac2e3bb473f1b7edb4509e56",
				"ip": "0.0.0.0",
				"port": 26716
			},
			"buckets": [
				10
			],
			"attempts": 0,
			"bucket_type": 2,
			"last_attempt": "2025-01-30T22:32:09.600246577+01:00",
			"last_success": "2025-01-30T22:32:09.600246577+01:00",
			"last_ban_time": "0001-01-01T00:00:00Z"
		},
		{
			"addr": {
				"id": "39516fa07c501334c9f9d1d97805c6951fe2946b",
				"ip": "82.223.197.163",
				"port": 26656
			},
			"src": {
				"id": "5faef8514ed5c460ac2e3bb473f1b7edb4509e56",
				"ip": "0.0.0.0",
				"port": 26716
			},
			"buckets": [
				243,
				206,
				225,
				110
			],
			"attempts": 13,
			"bucket_type": 1,
			"last_attempt": "2025-01-28T16:53:19.496478799+01:00",
			"last_success": "0001-01-01T00:00:00Z",
			"last_ban_time": "0001-01-01T00:00:00Z"
		},
		{
			"addr": {
				"id": "637077d431f618181597706810a65c826524fd74",
				"ip": "23.128.116.47",
				"port": 29956
			},
			"src": {
				"id": "5faef8514ed5c460ac2e3bb473f1b7edb4509e56",
				"ip": "0.0.0.0",
				"port": 26716
			},
			"buckets": [
				122,
				141,
				7,
				225
			],
			"attempts": 14,
			"bucket_type": 1,
			"last_attempt": "2025-01-28T16:53:48.630667399+01:00",
			"last_success": "0001-01-01T00:00:00Z",
			"last_ban_time": "0001-01-01T00:00:00Z"
		},
		{
			"addr": {
				"id": "112c3c63d5fa03dbfb917d41c1ab9f8412b44128",
				"ip": "37.27.63.150",
				"port": 27956
			},
			"src": {
				"id": "5faef8514ed5c460ac2e3bb473f1b7edb4509e56",
				"ip": "0.0.0.0",
				"port": 26716
			},
			"buckets": [
				25
			],
			"attempts": 0,
			"bucket_type": 2,
			"last_attempt": "2025-02-04T04:28:02.378446531+01:00",
			"last_success": "2025-02-04T04:28:02.378446531+01:00",
			"last_ban_time": "0001-01-01T00:00:00Z"
		},
		{
			"addr": {
				"id": "a50eecc1f190b62ca8402df1f9c3d5a3e22c61f0",
				"ip": "95.214.55.31",
				"port": 31656
			},
			"src": {
				"id": "69098dd6fa6ee56970d13c91ce8d8c0f3dee2425",
				"ip": "0.0.0.0",
				"port": 36656
			},
			"buckets": [
				136,
				223
			],
			"attempts": 0,
			"bucket_type": 1,
			"last_attempt": "2025-01-29T21:49:18.723495588+01:00",
			"last_success": "0001-01-01T00:00:00Z",
			"last_ban_time": "0001-01-01T00:00:00Z"
		},
		{
			"addr": {
				"id": "f3b17576c828eca39d8e218070fa322ce4a1c6a8",
				"ip": "37.27.52.25",
				"port": 61656
			},
			"src": {
				"id": "29d901d882d40048124670f6ea902cd933c9aa36",
				"ip": "37.60.255.34",
				"port": 26656
			},
			"buckets": [
				106,
				212
			],
			"attempts": 0,
			"bucket_type": 1,
			"last_attempt": "2025-02-03T00:58:48.579099775+01:00",
			"last_success": "0001-01-01T00:00:00Z",
			"last_ban_time": "0001-01-01T00:00:00Z"
		},
		{
			"addr": {
				"id": "35f1b583eb6a97d02131b20b74dca1a7052668a2",
				"ip": "194.163.135.92",
				"port": 36656
			},
			"src": {
				"id": "5faef8514ed5c460ac2e3bb473f1b7edb4509e56",
				"ip": "0.0.0.0",
				"port": 26716
			},
			"buckets": [
				36
			],
			"attempts": 0,
			"bucket_type": 2,
			"last_attempt": "2025-02-04T04:26:43.281304454+01:00",
			"last_success": "2025-02-04T04:26:43.281304454+01:00",
			"last_ban_time": "0001-01-01T00:00:00Z"
		},
		{
			"addr": {
				"id": "7da14200b2d5c87c144a14c00c6ec65eef9e1aea",
				"ip": "157.173.204.54",
				"port": 62656
			},
			"src": {
				"id": "29d901d882d40048124670f6ea902cd933c9aa36",
				"ip": "37.60.255.34",
				"port": 26656
			},
			"buckets": [
				106
			],
			"attempts": 0,
			"bucket_type": 1,
			"last_attempt": "2025-02-03T00:58:48.579063617+01:00",
			"last_success": "0001-01-01T00:00:00Z",
			"last_ban_time": "0001-01-01T00:00:00Z"
		},
		{
			"addr": {
				"id": "422afbcfa31563ff5b93475a8fd2cfbe1baa1a28",
				"ip": "62.169.16.79",
				"port": 47656
			},
			"src": {
				"id": "29d901d882d40048124670f6ea902cd933c9aa36",
				"ip": "37.60.255.34",
				"port": 26656
			},
			"buckets": [
				89
			],
			"attempts": 0,
			"bucket_type": 1,
			"last_attempt": "2025-02-03T00:58:48.579074116+01:00",
			"last_success": "0001-01-01T00:00:00Z",
			"last_ban_time": "0001-01-01T00:00:00Z"
		},
		{
			"addr": {
				"id": "12b8883935a11cf33ecf58747756e926d1b309cd",
				"ip": "213.199.63.152",
				"port": 47656
			},
			"src": {
				"id": "35f1b583eb6a97d02131b20b74dca1a7052668a2",
				"ip": "194.163.135.92",
				"port": 36656
			},
			"buckets": [
				191
			],
			"attempts": 0,
			"bucket_type": 1,
			"last_attempt": "2025-02-03T00:58:48.783799741+01:00",
			"last_success": "0001-01-01T00:00:00Z",
			"last_ban_time": "0001-01-01T00:00:00Z"
		},
		{
			"addr": {
				"id": "69098dd6fa6ee56970d13c91ce8d8c0f3dee2425",
				"ip": "65.109.62.115",
				"port": 36656
			},
			"src": {
				"id": "5faef8514ed5c460ac2e3bb473f1b7edb4509e56",
				"ip": "0.0.0.0",
				"port": 26716
			},
			"buckets": [
				31
			],
			"attempts": 0,
			"bucket_type": 2,
			"last_attempt": "2025-02-04T03:00:44.309483832+01:00",
			"last_success": "2025-02-04T03:00:44.309483832+01:00",
			"last_ban_time": "0001-01-01T00:00:00Z"
		},
		{
			"addr": {
				"id": "801be7658f86f0c19f329d5dbf15a155d7434480",
				"ip": "167.160.90.74",
				"port": 29356
			},
			"src": {
				"id": "5faef8514ed5c460ac2e3bb473f1b7edb4509e56",
				"ip": "0.0.0.0",
				"port": 26716
			},
			"buckets": [
				56
			],
			"attempts": 0,
			"bucket_type": 2,
			"last_attempt": "2025-02-03T23:45:10.618886679+01:00",
			"last_success": "2025-02-03T23:45:10.618886679+01:00",
			"last_ban_time": "0001-01-01T00:00:00Z"
		},
		{
			"addr": {
				"id": "c949dbf05df88e41086750cd9c64e781451dd9e2",
				"ip": "209.126.12.242",
				"port": 47656
			},
			"src": {
				"id": "29d901d882d40048124670f6ea902cd933c9aa36",
				"ip": "37.60.255.34",
				"port": 26656
			},
			"buckets": [
				15,
				92
			],
			"attempts": 0,
			"bucket_type": 1,
			"last_attempt": "2025-02-03T00:58:48.579081822+01:00",
			"last_success": "0001-01-01T00:00:00Z",
			"last_ban_time": "0001-01-01T00:00:00Z"
		},
		{
			"addr": {
				"id": "d1c824389b40d05d2e7948fab6f0391b59258fa0",
				"ip": "45.94.58.44",
				"port": 31656
			},
			"src": {
				"id": "29d901d882d40048124670f6ea902cd933c9aa36",
				"ip": "37.60.255.34",
				"port": 26656
			},
			"buckets": [
				89
			],
			"attempts": 0,
			"bucket_type": 1,
			"last_attempt": "2025-02-03T00:58:48.579053584+01:00",
			"last_success": "0001-01-01T00:00:00Z",
			"last_ban_time": "0001-01-01T00:00:00Z"
		},
		{
			"addr": {
				"id": "60eb29bbed33273b3e36d4e25b7d36c99322d2fd",
				"ip": "207.244.250.124",
				"port": 47656
			},
			"src": {
				"id": "29d901d882d40048124670f6ea902cd933c9aa36",
				"ip": "37.60.255.34",
				"port": 26656
			},
			"buckets": [
				105
			],
			"attempts": 0,
			"bucket_type": 1,
			"last_attempt": "2025-02-03T00:58:48.579067061+01:00",
			"last_success": "0001-01-01T00:00:00Z",
			"last_ban_time": "0001-01-01T00:00:00Z"
		},
		{
			"addr": {
				"id": "73c0613b4b59a32ca865e8f1af401edfb9474a39",
				"ip": "89.250.74.164",
				"port": 62656
			},
			"src": {
				"id": "35f1b583eb6a97d02131b20b74dca1a7052668a2",
				"ip": "194.163.135.92",
				"port": 36656
			},
			"buckets": [
				134
			],
			"attempts": 0,
			"bucket_type": 1,
			"last_attempt": "2025-02-03T00:58:48.783777222+01:00",
			"last_success": "0001-01-01T00:00:00Z",
			"last_ban_time": "0001-01-01T00:00:00Z"
		},
		{
			"addr": {
				"id": "9c2e0452539d913214048111afd4872ea2edd32f",
				"ip": "65.108.206.118",
				"port": 61356
			},
			"src": {
				"id": "5faef8514ed5c460ac2e3bb473f1b7edb4509e56",
				"ip": "0.0.0.0",
				"port": 26716
			},
			"buckets": [
				32
			],
			"attempts": 0,
			"bucket_type": 2,
			"last_attempt": "2025-02-04T04:26:26.158190715+01:00",
			"last_success": "2025-02-04T04:26:26.158190715+01:00",
			"last_ban_time": "0001-01-01T00:00:00Z"
		},
		{
			"addr": {
				"id": "bd370f709f68f9fc429aa0a7f4911f930f79a933",
				"ip": "217.77.14.34",
				"port": 31656
			},
			"src": {
				"id": "69098dd6fa6ee56970d13c91ce8d8c0f3dee2425",
				"ip": "0.0.0.0",
				"port": 36656
			},
			"buckets": [
				186
			],
			"attempts": 0,
			"bucket_type": 1,
			"last_attempt": "2025-01-29T21:49:18.723577882+01:00",
			"last_success": "0001-01-01T00:00:00Z",
			"last_ban_time": "0001-01-01T00:00:00Z"
		},
		{
			"addr": {
				"id": "5a8674fbe9fc201f144695cbae48ebd09b7c237b",
				"ip": "14.167.152.86",
				"port": 62656
			},
			"src": {
				"id": "29d901d882d40048124670f6ea902cd933c9aa36",
				"ip": "37.60.255.34",
				"port": 26656
			},
			"buckets": [
				137,
				115
			],
			"attempts": 0,
			"bucket_type": 1,
			"last_attempt": "2025-02-03T00:58:48.57902145+01:00",
			"last_success": "0001-01-01T00:00:00Z",
			"last_ban_time": "0001-01-01T00:00:00Z"
		},
		{
			"addr": {
				"id": "bddf062a8328bcc50e37f83448e770e2e385c72f",
				"ip": "65.108.72.253",
				"port": 62656
			},
			"src": {
				"id": "29d901d882d40048124670f6ea902cd933c9aa36",
				"ip": "37.60.255.34",
				"port": 26656
			},
			"buckets": [
				90
			],
			"attempts": 0,
			"bucket_type": 1,
			"last_attempt": "2025-02-03T00:58:48.579057606+01:00",
			"last_success": "0001-01-01T00:00:00Z",
			"last_ban_time": "0001-01-01T00:00:00Z"
		},
		{
			"addr": {
				"id": "0b27139f891601f5156edaf7c8d6de981a7d274f",
				"ip": "157.173.201.35",
				"port": 36656
			},
			"src": {
				"id": "29d901d882d40048124670f6ea902cd933c9aa36",
				"ip": "37.60.255.34",
				"port": 26656
			},
			"buckets": [
				106
			],
			"attempts": 0,
			"bucket_type": 1,
			"last_attempt": "2025-02-03T00:58:48.579060478+01:00",
			"last_success": "0001-01-01T00:00:00Z",
			"last_ban_time": "0001-01-01T00:00:00Z"
		},
		{
			"addr": {
				"id": "edbcc5207173d5ddc744b95602f726ab651138d3",
				"ip": "136.52.87.32",
				"port": 26656
			},
			"src": {
				"id": "5faef8514ed5c460ac2e3bb473f1b7edb4509e56",
				"ip": "0.0.0.0",
				"port": 26716
			},
			"buckets": [
				241,
				52,
				111,
				207
			],
			"attempts": 25,
			"bucket_type": 1,
			"last_attempt": "2025-01-28T16:48:21.234534242+01:00",
			"last_success": "0001-01-01T00:00:00Z",
			"last_ban_time": "0001-01-01T00:00:00Z"
		},
		{
			"addr": {
				"id": "5e9aec8259ea078d5e67c4021d815ff71ac86fbc",
				"ip": "176.9.19.199",
				"port": 26656
			},
			"src": {
				"id": "5faef8514ed5c460ac2e3bb473f1b7edb4509e56",
				"ip": "0.0.0.0",
				"port": 26716
			},
			"buckets": [
				50
			],
			"attempts": 0,
			"bucket_type": 2,
			"last_attempt": "2025-02-04T03:58:41.692360591+01:00",
			"last_success": "2025-02-04T03:58:41.692360591+01:00",
			"last_ban_time": "0001-01-01T00:00:00Z"
		},
		{
			"addr": {
				"id": "2604e314c2fd941b4a014902ee7d6de69270f3ca",
				"ip": "23.128.116.48",
				"port": 29956
			},
			"src": {
				"id": "69098dd6fa6ee56970d13c91ce8d8c0f3dee2425",
				"ip": "0.0.0.0",
				"port": 36656
			},
			"buckets": [
				71
			],
			"attempts": 0,
			"bucket_type": 1,
			"last_attempt": "2025-01-29T21:49:18.723473944+01:00",
			"last_success": "0001-01-01T00:00:00Z",
			"last_ban_time": "0001-01-01T00:00:00Z"
		},
		{
			"addr": {
				"id": "b2fe87e8c9dead888f5944d146c7ac6adc322a33",
				"ip": "82.223.197.163",
				"port": 26656
			},
			"src": {
				"id": "5faef8514ed5c460ac2e3bb473f1b7edb4509e56",
				"ip": "0.0.0.0",
				"port": 26716
			},
			"buckets": [
				243,
				206,
				214,
				110
			],
			"attempts": 15,
			"bucket_type": 1,
			"last_attempt": "2025-01-28T16:51:51.235160317+01:00",
			"last_success": "0001-01-01T00:00:00Z",
			"last_ban_time": "0001-01-01T00:00:00Z"
		},
		{
			"addr": {
				"id": "cba0c07f6f7be2dd1b4f3abe8111ddc4652d061b",
				"ip": "121.78.241.76",
				"port": 61656
			},
			"src": {
				"id": "5faef8514ed5c460ac2e3bb473f1b7edb4509e56",
				"ip": "0.0.0.0",
				"port": 26716
			},
			"buckets": [
				0
			],
			"attempts": 0,
			"bucket_type": 2,
			"last_attempt": "2025-02-02T22:14:21.320473512+01:00",
			"last_success": "2025-02-02T22:14:21.320473512+01:00",
			"last_ban_time": "0001-01-01T00:00:00Z"
		},
		{
			"addr": {
				"id": "f44e2e33f7fc00b654375e541b2d4ce77cc46284",
				"ip": "95.214.55.31",
				"port": 31656
			},
			"src": {
				"id": "69098dd6fa6ee56970d13c91ce8d8c0f3dee2425",
				"ip": "0.0.0.0",
				"port": 36656
			},
			"buckets": [
				136,
				241
			],
			"attempts": 0,
			"bucket_type": 1,
			"last_attempt": "2025-01-29T21:49:18.723567859+01:00",
			"last_success": "0001-01-01T00:00:00Z",
			"last_ban_time": "0001-01-01T00:00:00Z"
		},
		{
			"addr": {
				"id": "ce191e4f5bbf8a88412b793fbb1e6ff7b0ba1912",
				"ip": "134.17.6.22",
				"port": 26657
			},
			"src": {
				"id": "5faef8514ed5c460ac2e3bb473f1b7edb4509e56",
				"ip": "0.0.0.0",
				"port": 26716
			},
			"buckets": [
				44
			],
			"attempts": 0,
			"bucket_type": 2,
			"last_attempt": "2025-01-29T19:32:05.553394797+01:00",
			"last_success": "2025-01-29T19:32:05.553394797+01:00",
			"last_ban_time": "0001-01-01T00:00:00Z"
		},
		{
			"addr": {
				"id": "784489091c682e8c9bc9117b3718b2d9b7f08702",
				"ip": "92.145.5.211",
				"port": 26656
			},
			"src": {
				"id": "5faef8514ed5c460ac2e3bb473f1b7edb4509e56",
				"ip": "0.0.0.0",
				"port": 26716
			},
			"buckets": [
				122,
				178,
				106,
				219
			],
			"attempts": 25,
			"bucket_type": 1,
			"last_attempt": "2025-01-28T18:34:49.496567485+01:00",
			"last_success": "0001-01-01T00:00:00Z",
			"last_ban_time": "0001-01-01T00:00:00Z"
		},
		{
			"addr": {
				"id": "60355b701ce2d83ec3ad42271a4202d6b6728cf4",
				"ip": "135.181.178.120",
				"port": 15656
			},
			"src": {
				"id": "5faef8514ed5c460ac2e3bb473f1b7edb4509e56",
				"ip": "0.0.0.0",
				"port": 26716
			},
			"buckets": [
				91,
				71,
				89,
				101
			],
			"attempts": 4,
			"bucket_type": 1,
			"last_attempt": "2025-01-28T15:05:34.883692929+01:00",
			"last_success": "0001-01-01T00:00:00Z",
			"last_ban_time": "0001-01-01T00:00:00Z"
		},
		{
			"addr": {
				"id": "9c911646f5a36cfb3bec9a2754f0165831da8390",
				"ip": "37.221.198.137",
				"port": 62656
			},
			"src": {
				"id": "29d901d882d40048124670f6ea902cd933c9aa36",
				"ip": "37.60.255.34",
				"port": 26656
			},
			"buckets": [
				90
			],
			"attempts": 0,
			"bucket_type": 1,
			"last_attempt": "2025-02-03T00:58:48.579086022+01:00",
			"last_success": "0001-01-01T00:00:00Z",
			"last_ban_time": "0001-01-01T00:00:00Z"
		},
		{
			"addr": {
				"id": "50a661d4819b6083d041088530de26b0b83e192f",
				"ip": "209.145.49.160",
				"port": 47656
			},
			"src": {
				"id": "35f1b583eb6a97d02131b20b74dca1a7052668a2",
				"ip": "194.163.135.92",
				"port": 36656
			},
			"buckets": [
				228
			],
			"attempts": 0,
			"bucket_type": 1,
			"last_attempt": "2025-02-03T00:58:48.783748857+01:00",
			"last_success": "0001-01-01T00:00:00Z",
			"last_ban_time": "0001-01-01T00:00:00Z"
		},
		{
			"addr": {
				"id": "0afbd0be817f7d94bf1d3b73c2323f89dafb1b77",
				"ip": "94.130.143.184",
				"port": 54656
			},
			"src": {
				"id": "69098dd6fa6ee56970d13c91ce8d8c0f3dee2425",
				"ip": "0.0.0.0",
				"port": 36656
			},
			"buckets": [
				11,
				114,
				115,
				113
			],
			"attempts": 8,
			"bucket_type": 1,
			"last_attempt": "2025-01-28T16:52:48.496448941+01:00",
			"last_success": "0001-01-01T00:00:00Z",
			"last_ban_time": "0001-01-01T00:00:00Z"
		},
		{
			"addr": {
				"id": "dd27a23e0adc98d6dc53802d95ce581b06723845",
				"ip": "185.252.233.217",
				"port": 26656
			},
			"src": {
				"id": "5faef8514ed5c460ac2e3bb473f1b7edb4509e56",
				"ip": "0.0.0.0",
				"port": 26716
			},
			"buckets": [
				53
			],
			"attempts": 0,
			"bucket_type": 2,
			"last_attempt": "2025-02-04T03:36:09.16120901+01:00",
			"last_success": "2025-02-04T03:36:09.16120901+01:00",
			"last_ban_time": "0001-01-01T00:00:00Z"
		},
		{
			"addr": {
				"id": "114a36a14e58072ca837381023b49da5126e0160",
				"ip": "65.109.50.163",
				"port": 62656
			},
			"src": {
				"id": "29d901d882d40048124670f6ea902cd933c9aa36",
				"ip": "37.60.255.34",
				"port": 26656
			},
			"buckets": [
				218
			],
			"attempts": 0,
			"bucket_type": 1,
			"last_attempt": "2025-02-03T00:58:48.579076799+01:00",
			"last_success": "0001-01-01T00:00:00Z",
			"last_ban_time": "0001-01-01T00:00:00Z"
		},
		{
			"addr": {
				"id": "d305af643203cb776959903592cc3f1086bf0831",
				"ip": "207.244.233.242",
				"port": 36656
			},
			"src": {
				"id": "35f1b583eb6a97d02131b20b74dca1a7052668a2",
				"ip": "194.163.135.92",
				"port": 36656
			},
			"buckets": [
				145
			],
			"attempts": 0,
			"bucket_type": 1,
			"last_attempt": "2025-02-03T00:58:48.783861988+01:00",
			"last_success": "0001-01-01T00:00:00Z",
			"last_ban_time": "0001-01-01T00:00:00Z"
		},
		{
			"addr": {
				"id": "72587d9a37ee7b10aa5d41b1cd4fd89446a4d470",
				"ip": "75.119.129.71",
				"port": 26656
			},
			"src": {
				"id": "5faef8514ed5c460ac2e3bb473f1b7edb4509e56",
				"ip": "0.0.0.0",
				"port": 26716
			},
			"buckets": [
				33,
				225,
				17,
				146
			],
			"attempts": 7,
			"bucket_type": 1,
			"last_attempt": "2025-01-28T16:06:06.580604553+01:00",
			"last_success": "0001-01-01T00:00:00Z",
			"last_ban_time": "0001-01-01T00:00:00Z"
		},
		{
			"addr": {
				"id": "8167b055f994e1f0c6af79a56e2df527c24b8755",
				"ip": "95.214.55.198",
				"port": 54656
			},
			"src": {
				"id": "5faef8514ed5c460ac2e3bb473f1b7edb4509e56",
				"ip": "0.0.0.0",
				"port": 26716
			},
			"buckets": [
				241,
				254,
				135,
				5
			],
			"attempts": 28,
			"bucket_type": 1,
			"last_attempt": "2025-01-29T21:50:49.497398011+01:00",
			"last_success": "0001-01-01T00:00:00Z",
			"last_ban_time": "0001-01-01T00:00:00Z"
		},
		{
			"addr": {
				"id": "85b258401711f0c71daff4f67cbfc6638b8b2625",
				"ip": "95.214.55.31",
				"port": 31656
			},
			"src": {
				"id": "69098dd6fa6ee56970d13c91ce8d8c0f3dee2425",
				"ip": "0.0.0.0",
				"port": 36656
			},
			"buckets": [
				136,
				242
			],
			"attempts": 0,
			"bucket_type": 1,
			"last_attempt": "2025-01-29T21:49:18.723611648+01:00",
			"last_success": "0001-01-01T00:00:00Z",
			"last_ban_time": "0001-01-01T00:00:00Z"
		},
		{
			"addr": {
				"id": "863039edeee92a70d092ad7aeffcdc542f4fc773",
				"ip": "195.26.252.175",
				"port": 36656
			},
			"src": {
				"id": "35f1b583eb6a97d02131b20b74dca1a7052668a2",
				"ip": "194.163.135.92",
				"port": 36656
			},
			"buckets": [
				191
			],
			"attempts": 0,
			"bucket_type": 1,
			"last_attempt": "2025-02-03T00:58:48.783857048+01:00",
			"last_success": "0001-01-01T00:00:00Z",
			"last_ban_time": "0001-01-01T00:00:00Z"
		},
		{
			"addr": {
				"id": "32a438ef069ac6dc7f7469a52e1ec52e876d8c52",
				"ip": "154.38.175.225",
				"port": 36656
			},
			"src": {
				"id": "29d901d882d40048124670f6ea902cd933c9aa36",
				"ip": "37.60.255.34",
				"port": 26656
			},
			"buckets": [
				92
			],
			"attempts": 0,
			"bucket_type": 1,
			"last_attempt": "2025-02-03T00:58:48.579039499+01:00",
			"last_success": "0001-01-01T00:00:00Z",
			"last_ban_time": "0001-01-01T00:00:00Z"
		},
		{
			"addr": {
				"id": "c4a82b42d4a757073f7bbe1680fa0e1688fb4264",
				"ip": "154.53.47.99",
				"port": 36656
			},
			"src": {
				"id": "29d901d882d40048124670f6ea902cd933c9aa36",
				"ip": "37.60.255.34",
				"port": 26656
			},
			"buckets": [
				203
			],
			"attempts": 0,
			"bucket_type": 1,
			"last_attempt": "2025-02-03T00:58:48.579089625+01:00",
			"last_success": "0001-01-01T00:00:00Z",
			"last_ban_time": "0001-01-01T00:00:00Z"
		},
		{
			"addr": {
				"id": "6f6a3a908634b79b6fe7c4988efec2553f188234",
				"ip": "38.252.8.100",
				"port": 29956
			},
			"src": {
				"id": "5faef8514ed5c460ac2e3bb473f1b7edb4509e56",
				"ip": "0.0.0.0",
				"port": 26716
			},
			"buckets": [
				191,
				10,
				141,
				124
			],
			"attempts": 0,
			"bucket_type": 1,
			"last_attempt": "2025-01-28T15:00:35.059958917+01:00",
			"last_success": "0001-01-01T00:00:00Z",
			"last_ban_time": "0001-01-01T00:00:00Z"
		},
		{
			"addr": {
				"id": "5faef8514ed5c460ac2e3bb473f1b7edb4509e56",
				"ip": "116.202.156.139",
				"port": 26717
			},
			"src": {
				"id": "5faef8514ed5c460ac2e3bb473f1b7edb4509e56",
				"ip": "0.0.0.0",
				"port": 26716
			},
			"buckets": [
				91,
				233,
				234,
				182
			],
			"attempts": 14,
			"bucket_type": 1,
			"last_attempt": "2025-01-28T16:53:48.496597623+01:00",
			"last_success": "0001-01-01T00:00:00Z",
			"last_ban_time": "0001-01-01T00:00:00Z"
		},
		{
			"addr": {
				"id": "2d243df5f8cfc3d47b1cfaa7f0e1c0d6dbf3436d",
				"ip": "217.77.1.25",
				"port": 36656
			},
			"src": {
				"id": "29d901d882d40048124670f6ea902cd933c9aa36",
				"ip": "37.60.255.34",
				"port": 26656
			},
			"buckets": [
				237
			],
			"attempts": 0,
			"bucket_type": 1,
			"last_attempt": "2025-02-03T00:58:48.579070593+01:00",
			"last_success": "0001-01-01T00:00:00Z",
			"last_ban_time": "0001-01-01T00:00:00Z"
		},
		{
			"addr": {
				"id": "de61d67ce805878273862ff72956d66249205821",
				"ip": "209.126.12.85",
				"port": 35656
			},
			"src": {
				"id": "29d901d882d40048124670f6ea902cd933c9aa36",
				"ip": "37.60.255.34",
				"port": 26656
			},
			"buckets": [
				15,
				92
			],
			"attempts": 0,
			"bucket_type": 1,
			"last_attempt": "2025-02-03T00:58:48.579049652+01:00",
			"last_success": "0001-01-01T00:00:00Z",
			"last_ban_time": "0001-01-01T00:00:00Z"
		},
		{
			"addr": {
				"id": "641a296e960da0474d3fa3bdacc9c3dd5796c05d",
				"ip": "209.126.11.54",
				"port": 36656
			},
			"src": {
				"id": "35f1b583eb6a97d02131b20b74dca1a7052668a2",
				"ip": "194.163.135.92",
				"port": 36656
			},
			"buckets": [
				92
			],
			"attempts": 0,
			"bucket_type": 1,
			"last_attempt": "2025-02-03T00:58:48.783833347+01:00",
			"last_success": "0001-01-01T00:00:00Z",
			"last_ban_time": "0001-01-01T00:00:00Z"
		},
		{
			"addr": {
				"id": "1c91d492deaabf32db4141249beb390177351c9b",
				"ip": "31.220.80.77",
				"port": 47656
			},
			"src": {
				"id": "35f1b583eb6a97d02131b20b74dca1a7052668a2",
				"ip": "194.163.135.92",
				"port": 36656
			},
			"buckets": [
				22
			],
			"attempts": 0,
			"bucket_type": 1,
			"last_attempt": "2025-02-03T00:58:48.783846902+01:00",
			"last_success": "0001-01-01T00:00:00Z",
			"last_ban_time": "0001-01-01T00:00:00Z"
		},
		{
			"addr": {
				"id": "29d901d882d40048124670f6ea902cd933c9aa36",
				"ip": "37.60.255.34",
				"port": 26656
			},
			"src": {
				"id": "5faef8514ed5c460ac2e3bb473f1b7edb4509e56",
				"ip": "0.0.0.0",
				"port": 26716
			},
			"buckets": [
				23
			],
			"attempts": 0,
			"bucket_type": 2,
			"last_attempt": "2025-02-04T03:47:26.161114014+01:00",
			"last_success": "2025-02-04T03:47:26.161114014+01:00",
			"last_ban_time": "0001-01-01T00:00:00Z"
		},
		{
			"addr": {
				"id": "193dd4a285b1eeac8820128166fbe38dc73b4de7",
				"ip": "195.3.220.4",
				"port": 54656
			},
			"src": {
				"id": "5faef8514ed5c460ac2e3bb473f1b7edb4509e56",
				"ip": "0.0.0.0",
				"port": 26716
			},
			"buckets": [
				183,
				255,
				51,
				90
			],
			"attempts": 25,
			"bucket_type": 1,
			"last_attempt": "2025-01-29T21:50:19.496273322+01:00",
			"last_success": "0001-01-01T00:00:00Z",
			"last_ban_time": "0001-01-01T00:00:00Z"
		},
		{
			"addr": {
				"id": "7d35d4a0f86e8d80960d49072e4b5880531f0d20",
				"ip": "95.217.116.103",
				"port": 26656
			},
			"src": {
				"id": "5faef8514ed5c460ac2e3bb473f1b7edb4509e56",
				"ip": "0.0.0.0",
				"port": 26716
			},
			"buckets": [
				58
			],
			"attempts": 0,
			"bucket_type": 2,
			"last_attempt": "2025-02-04T03:53:23.885982958+01:00",
			"last_success": "2025-02-04T03:53:23.885982958+01:00",
			"last_ban_time": "0001-01-01T00:00:00Z"
		},
		{
			"addr": {
				"id": "b7a6092fbf5aebf725ae390d81962a0bd6c638f4",
				"ip": "195.26.250.45",
				"port": 36656
			},
			"src": {
				"id": "29d901d882d40048124670f6ea902cd933c9aa36",
				"ip": "37.60.255.34",
				"port": 26656
			},
			"buckets": [
				242
			],
			"attempts": 0,
			"bucket_type": 1,
			"last_attempt": "2025-02-03T00:58:48.579028011+01:00",
			"last_success": "0001-01-01T00:00:00Z",
			"last_ban_time": "0001-01-01T00:00:00Z"
		},
		{
			"addr": {
				"id": "c8fdf76272868146da6444b40e2091dd8d6c70f7",
				"ip": "209.126.12.85",
				"port": 47656
			},
			"src": {
				"id": "29d901d882d40048124670f6ea902cd933c9aa36",
				"ip": "37.60.255.34",
				"port": 26656
			},
			"buckets": [
				15
			],
			"attempts": 0,
			"bucket_type": 1,
			"last_attempt": "2025-02-03T00:58:48.579034652+01:00",
			"last_success": "0001-01-01T00:00:00Z",
			"last_ban_time": "0001-01-01T00:00:00Z"
		}
	]
}
