{
	"key": "a57c5b1e43c249e6abaf6d40",
	"addrs": [
		{
			"addr": {
				"id": "3b389873f999763d3f937f63f765f0948411e296",
				"ip": "44.192.85.92",
				"port": 26656
			},
			"src": {
				"id": "1d61222b7b8e180aacebfd57fbd2d8ab95ebdc4c",
				"ip": "0.0.0.0",
				"port": 26656
			},
			"buckets": [
				8
			],
			"attempts": 0,
			"bucket_type": 2,
			"last_attempt": "2023-04-17T14:32:05.190195883+02:00",
			"last_success": "2023-04-17T14:32:05.190195883+02:00",
			"last_ban_time": "0001-01-01T00:00:00Z"
		},
		{
			"addr": {
				"id": "91e39b70ee8148456e839871cc4d7e63215d3ab6",
				"ip": "65.108.124.121",
				"port": 26656
			},
			"src": {
				"id": "3b389873f999763d3f937f63f765f0948411e296",
				"ip": "0.0.0.0",
				"port": 26656
			},
			"buckets": [
				43
			],
			"attempts": 0,
			"bucket_type": 2,
			"last_attempt": "2023-04-17T15:25:23.859190674+02:00",
			"last_success": "2023-04-17T15:25:23.859190674+02:00",
			"last_ban_time": "0001-01-01T00:00:00Z"
		},
		{
			"addr": {
				"id": "f075e82ca89acfbbd8ef845c95bd3d50574904f5",
				"ip": "159.69.110.238",
				"port": 36656
			},
			"src": {
				"id": "47aaa777fff4af6c03372fe9ff52e7afc3132f8c",
				"ip": "0.0.0.0",
				"port": 26656
			},
			"buckets": [
				17,
				11,
				254,
				238
			],
			"attempts": 10,
			"bucket_type": 1,
			"last_attempt": "2023-04-17T16:17:43.418551245+02:00",
			"last_success": "0001-01-01T00:00:00Z",
			"last_ban_time": "0001-01-01T00:00:00Z"
		},
		{
			"addr": {
				"id": "1d61222b7b8e180aacebfd57fbd2d8ab95ebdc4c",
				"ip": "65.109.93.152",
				"port": 35656
			},
			"src": {
				"id": "c9256e4f42a23bbdc9ea79805f497a1923a4beac",
				"ip": "0.0.0.0",
				"port": 17096
			},
			"buckets": [
				14
			],
			"attempts": 0,
			"bucket_type": 2,
			"last_attempt": "2023-04-17T14:49:10.006803009+02:00",
			"last_success": "2023-04-17T14:49:10.006803009+02:00",
			"last_ban_time": "0001-01-01T00:00:00Z"
		},
		{
			"addr": {
				"id": "001933f36a6ec7c45b3c4cef073d0372daa5344d",
				"ip": "194.163.155.84",
				"port": 49656
			},
			"src": {
				"id": "3b389873f999763d3f937f63f765f0948411e296",
				"ip": "0.0.0.0",
				"port": 26656
			},
			"buckets": [
				243,
				16,
				30,
				39
			],
			"attempts": 11,
			"bucket_type": 1,
			"last_attempt": "2023-04-17T15:32:14.395965063+02:00",
			"last_success": "0001-01-01T00:00:00Z",
			"last_ban_time": "0001-01-01T00:00:00Z"
		},
		{
			"addr": {
				"id": "21d0c000b650af14f55005256abfb2919385df01",
				"ip": "195.201.195.40",
				"port": 56656
			},
			"src": {
				"id": "46b554c4cddbde4adb7b10e7b6c66e46845ffc33",
				"ip": "0.0.0.0",
				"port": 22796
			},
			"buckets": [
				158,
				11,
				26,
				116
			],
			"attempts": 13,
			"bucket_type": 1,
			"last_attempt": "2023-04-17T11:19:16.420433129+02:00",
			"last_success": "0001-01-01T00:00:00Z",
			"last_ban_time": "0001-01-01T00:00:00Z"
		},
		{
			"addr": {
				"id": "63cf1e7583eabf365856027815bc1491f2bc7939",
				"ip": "65.108.2.41",
				"port": 60556
			},
			"src": {
				"id": "3b389873f999763d3f937f63f765f0948411e296",
				"ip": "0.0.0.0",
				"port": 26656
			},
			"buckets": [
				252,
				124,
				116,
				162
			],
			"attempts": 0,
			"bucket_type": 1,
			"last_attempt": "2023-04-17T00:36:51.63502092+02:00",
			"last_success": "0001-01-01T00:00:00Z",
			"last_ban_time": "0001-01-01T00:00:00Z"
		},
		{
			"addr": {
				"id": "b651ea2a0517e82c1a476e25966ab3de3159afe8",
				"ip": "34.229.22.39",
				"port": 26656
			},
			"src": {
				"id": "1d61222b7b8e180aacebfd57fbd2d8ab95ebdc4c",
				"ip": "0.0.0.0",
				"port": 26656
			},
			"buckets": [
				205,
				237,
				134,
				169
			],
			"attempts": 0,
			"bucket_type": 1,
			"last_attempt": "2023-04-17T00:36:51.02102759+02:00",
			"last_success": "0001-01-01T00:00:00Z",
			"last_ban_time": "0001-01-01T00:00:00Z"
		},
		{
			"addr": {
				"id": "a8c4b6f867c1d67589306776f2d2f21d28238d5e",
				"ip": "161.97.108.208",
				"port": 28656
			},
			"src": {
				"id": "a8c4b6f867c1d67589306776f2d2f21d28238d5e",
				"ip": "161.97.108.208",
				"port": 28656
			},
			"buckets": [
				54,
				242,
				51,
				26
			],
			"attempts": 47,
			"bucket_type": 1,
			"last_attempt": "2023-04-17T17:11:43.43176931+02:00",
			"last_success": "0001-01-01T00:00:00Z",
			"last_ban_time": "0001-01-01T00:00:00Z"
		},
		{
			"addr": {
				"id": "36ca8d32631eeb973322aec9b8a9b810d5344cd4",
				"ip": "91.201.113.194",
				"port": 56656
			},
			"src": {
				"id": "46b554c4cddbde4adb7b10e7b6c66e46845ffc33",
				"ip": "0.0.0.0",
				"port": 22796
			},
			"buckets": [
				98,
				65,
				73,
				9
			],
			"attempts": 1,
			"bucket_type": 1,
			"last_attempt": "2023-04-17T03:50:16.097036492+02:00",
			"last_success": "0001-01-01T00:00:00Z",
			"last_ban_time": "0001-01-01T00:00:00Z"
		},
		{
			"addr": {
				"id": "43995c4fde3f9052bc2fd369a2e764c3efa23001",
				"ip": "161.97.108.208",
				"port": 28656
			},
			"src": {
				"id": "43995c4fde3f9052bc2fd369a2e764c3efa23001",
				"ip": "161.97.108.208",
				"port": 28656
			},
			"buckets": [
				54,
				51,
				242,
				26
			],
			"attempts": 46,
			"bucket_type": 1,
			"last_attempt": "2023-04-17T17:11:43.431766826+02:00",
			"last_success": "0001-01-01T00:00:00Z",
			"last_ban_time": "0001-01-01T00:00:00Z"
		},
		{
			"addr": {
				"id": "8757ec250851234487f04466adacd3b1d37375f2",
				"ip": "65.108.206.118",
				"port": 61556
			},
			"src": {
				"id": "8757ec250851234487f04466adacd3b1d37375f2",
				"ip": "65.108.206.118",
				"port": 61556
			},
			"buckets": [
				79,
				194,
				172,
				195
			],
			"attempts": 0,
			"bucket_type": 1,
			"last_attempt": "2023-04-17T12:54:07.072216506+02:00",
			"last_success": "0001-01-01T00:00:00Z",
			"last_ban_time": "0001-01-01T00:00:00Z"
		},
		{
			"addr": {
				"id": "603f78beb8ddc84de1f6375a792a9042f4e255c5",
				"ip": "37.27.10.160",
				"port": 26656
			},
			"src": {
				"id": "603f78beb8ddc84de1f6375a792a9042f4e255c5",
				"ip": "37.27.10.160",
				"port": 26656
			},
			"buckets": [
				170,
				155,
				62,
				244
			],
			"attempts": 1,
			"bucket_type": 1,
			"last_attempt": "2023-04-17T15:27:13.395312502+02:00",
			"last_success": "0001-01-01T00:00:00Z",
			"last_ban_time": "0001-01-01T00:00:00Z"
		},
		{
			"addr": {
				"id": "2ee106a3fd05f3764dc781b0863f0f0a98ed555f",
				"ip": "65.109.30.110",
				"port": 11804
			},
			"src": {
				"id": "2ee106a3fd05f3764dc781b0863f0f0a98ed555f",
				"ip": "65.109.30.110",
				"port": 11804
			},
			"buckets": [
				28
			],
			"attempts": 0,
			"bucket_type": 2,
			"last_attempt": "2023-04-17T15:23:59.550541378+02:00",
			"last_success": "2023-04-17T15:23:59.550541378+02:00",
			"last_ban_time": "0001-01-01T00:00:00Z"
		}
	]
}
