{
	"key": "fad4ff17ae2ba68065068892",
	"addrs": [
		{
			"addr": {
				"id": "afe93314d3d1f3b0bdc20f213983bd902263e171",
				"ip": "18.188.137.12",
				"port": 26656
			},
			"src": {
				"id": "efe1e1f891f785e6541ad18ff228ea61894dd980",
				"ip": "0.0.0.0",
				"port": 51656
			},
			"buckets": [
				65,
				103,
				158
			],
			"attempts": 0,
			"bucket_type": 1,
			"last_attempt": "2023-06-24T04:20:02.644648535Z",
			"last_success": "0001-01-01T00:00:00Z",
			"last_ban_time": "0001-01-01T00:00:00Z"
		},
		{
			"addr": {
				"id": "4d8147a80c46ba21a8a276d55e6993353e03a734",
				"ip": "165.22.42.220",
				"port": 26656
			},
			"src": {
				"id": "d9bcbc36e762ea9af94ee8bd5568867970079e61",
				"ip": "0.0.0.0",
				"port": 28656
			},
			"buckets": [
				209,
				130,
				64,
				36
			],
			"attempts": 0,
			"bucket_type": 1,
			"last_attempt": "2023-06-24T04:14:06.777922287Z",
			"last_success": "0001-01-01T00:00:00Z",
			"last_ban_time": "0001-01-01T00:00:00Z"
		},
		{
			"addr": {
				"id": "302bb8982059b801d48360d0d53b062d0bc056c7",
				"ip": "143.198.198.204",
				"port": 26656
			},
			"src": {
				"id": "5eedd8cf7fefc037a6233b1991c2a3b653518560",
				"ip": "65.108.230.113",
				"port": 31066
			},
			"buckets": [
				158,
				65,
				42
			],
			"attempts": 0,
			"bucket_type": 1,
			"last_attempt": "2023-06-24T04:20:02.644446081Z",
			"last_success": "0001-01-01T00:00:00Z",
			"last_ban_time": "0001-01-01T00:00:00Z"
		},
		{
			"addr": {
				"id": "0b6b896c1daf912857c16fa8d88d998dd0ef92d8",
				"ip": "65.109.82.112",
				"port": 2966
			},
			"src": {
				"id": "419438c7cb152a88a30d6922a2b2c7077dd4daf5",
				"ip": "0.0.0.0",
				"port": 22156
			},
			"buckets": [
				65,
				53
			],
			"attempts": 0,
			"bucket_type": 1,
			"last_attempt": "2023-06-24T04:20:02.647661613Z",
			"last_success": "0001-01-01T00:00:00Z",
			"last_ban_time": "0001-01-01T00:00:00Z"
		},
		{
			"addr": {
				"id": "efe1e1f891f785e6541ad18ff228ea61894dd980",
				"ip": "65.21.225.10",
				"port": 51656
			},
			"src": {
				"id": "d9bcbc36e762ea9af94ee8bd5568867970079e61",
				"ip": "0.0.0.0",
				"port": 28656
			},
			"buckets": [
				184,
				40,
				115,
				143
			],
			"attempts": 0,
			"bucket_type": 1,
			"last_attempt": "2023-06-24T04:05:46.539147902Z",
			"last_success": "0001-01-01T00:00:00Z",
			"last_ban_time": "0001-01-01T00:00:00Z"
		},
		{
			"addr": {
				"id": "ba6a0db582562d419694ba1d9fb4912f5b0da9bc",
				"ip": "144.76.97.251",
				"port": 26656
			},
			"src": {
				"id": "5eedd8cf7fefc037a6233b1991c2a3b653518560",
				"ip": "65.108.230.113",
				"port": 31066
			},
			"buckets": [
				89,
				18
			],
			"attempts": 0,
			"bucket_type": 1,
			"last_attempt": "2023-06-24T04:20:02.644426671Z",
			"last_success": "0001-01-01T00:00:00Z",
			"last_ban_time": "0001-01-01T00:00:00Z"
		},
		{
			"addr": {
				"id": "be085d09bfeb214e82b296caa64742fc5ef7a531",
				"ip": "192.118.76.122",
				"port": 26656
			},
			"src": {
				"id": "5eedd8cf7fefc037a6233b1991c2a3b653518560",
				"ip": "65.108.230.113",
				"port": 31066
			},
			"buckets": [
				125,
				202
			],
			"attempts": 0,
			"bucket_type": 1,
			"last_attempt": "2023-06-24T04:20:02.644483082Z",
			"last_success": "0001-01-01T00:00:00Z",
			"last_ban_time": "0001-01-01T00:00:00Z"
		},
		{
			"addr": {
				"id": "ade4d8bc8cbe014af6ebdf3cb7b1e9ad36f412c0",
				"ip": "176.9.82.221",
				"port": 22156
			},
			"src": {
				"id": "419438c7cb152a88a30d6922a2b2c7077dd4daf5",
				"ip": "0.0.0.0",
				"port": 22156
			},
			"buckets": [
				153,
				96,
				34
			],
			"attempts": 0,
			"bucket_type": 1,
			"last_attempt": "2023-06-24T04:20:02.647651293Z",
			"last_success": "0001-01-01T00:00:00Z",
			"last_ban_time": "0001-01-01T00:00:00Z"
		},
		{
			"addr": {
				"id": "adb152a90a61b910feb4b2cdbd3f897251aa5452",
				"ip": "116.202.227.117",
				"port": 16156
			},
			"src": {
				"id": "d9bcbc36e762ea9af94ee8bd5568867970079e61",
				"ip": "0.0.0.0",
				"port": 28656
			},
			"buckets": [
				39
			],
			"attempts": 0,
			"bucket_type": 2,
			"last_attempt": "2023-06-24T07:45:31.91517573Z",
			"last_success": "2023-06-24T07:45:31.91517573Z",
			"last_ban_time": "0001-01-01T00:00:00Z"
		},
		{
			"addr": {
				"id": "9ac65e3df9e40666ae598326f1882bbcf1be4685",
				"ip": "65.109.224.214",
				"port": 26656
			},
			"src": {
				"id": "5eedd8cf7fefc037a6233b1991c2a3b653518560",
				"ip": "65.108.230.113",
				"port": 31066
			},
			"buckets": [
				134,
				65
			],
			"attempts": 0,
			"bucket_type": 1,
			"last_attempt": "2023-06-24T04:20:02.644442231Z",
			"last_success": "0001-01-01T00:00:00Z",
			"last_ban_time": "0001-01-01T00:00:00Z"
		},
		{
			"addr": {
				"id": "671b874df4b06bf43405ef88629c085247a8703b",
				"ip": "65.108.78.101",
				"port": 16156
			},
			"src": {
				"id": "efe1e1f891f785e6541ad18ff228ea61894dd980",
				"ip": "0.0.0.0",
				"port": 51656
			},
			"buckets": [
				83,
				86,
				42
			],
			"attempts": 0,
			"bucket_type": 1,
			"last_attempt": "2023-06-24T04:20:02.644598124Z",
			"last_success": "0001-01-01T00:00:00Z",
			"last_ban_time": "0001-01-01T00:00:00Z"
		},
		{
			"addr": {
				"id": "31df60c419e4e5ab122ca17d95419a654729cbb7",
				"ip": "102.130.121.211",
				"port": 26656
			},
			"src": {
				"id": "d9bcbc36e762ea9af94ee8bd5568867970079e61",
				"ip": "0.0.0.0",
				"port": 28656
			},
			"buckets": [
				129,
				172,
				100,
				39
			],
			"attempts": 0,
			"bucket_type": 1,
			"last_attempt": "2023-06-24T04:14:06.777954518Z",
			"last_success": "0001-01-01T00:00:00Z",
			"last_ban_time": "0001-01-01T00:00:00Z"
		},
		{
			"addr": {
				"id": "60a15b1b7feb62b65d58cb4721340907c2092099",
				"ip": "65.108.6.45",
				"port": 61656
			},
			"src": {
				"id": "d9bcbc36e762ea9af94ee8bd5568867970079e61",
				"ip": "0.0.0.0",
				"port": 28656
			},
			"buckets": [
				62
			],
			"attempts": 0,
			"bucket_type": 2,
			"last_attempt": "2023-06-24T08:22:56.956008775Z",
			"last_success": "2023-06-24T08:22:56.956008775Z",
			"last_ban_time": "0001-01-01T00:00:00Z"
		},
		{
			"addr": {
				"id": "216e01ba9863a27bfe5aecc2ab4d301448a6c6e8",
				"ip": "51.79.103.100",
				"port": 26656
			},
			"src": {
				"id": "d9bcbc36e762ea9af94ee8bd5568867970079e61",
				"ip": "0.0.0.0",
				"port": 28656
			},
			"buckets": [
				225,
				245,
				119,
				61
			],
			"attempts": 0,
			"bucket_type": 1,
			"last_attempt": "2023-06-24T04:14:06.777915727Z",
			"last_success": "0001-01-01T00:00:00Z",
			"last_ban_time": "0001-01-01T00:00:00Z"
		},
		{
			"addr": {
				"id": "73e5dc6e04a1dd28e5851191eb9dede07f0b38fb",
				"ip": "141.94.99.87",
				"port": 14095
			},
			"src": {
				"id": "d9bcbc36e762ea9af94ee8bd5568867970079e61",
				"ip": "0.0.0.0",
				"port": 28656
			},
			"buckets": [
				61
			],
			"attempts": 0,
			"bucket_type": 2,
			"last_attempt": "2023-06-24T08:39:25.499377007Z",
			"last_success": "2023-06-24T08:39:25.499377007Z",
			"last_ban_time": "0001-01-01T00:00:00Z"
		},
		{
			"addr": {
				"id": "7b074856fb87066e761e737f32b83734a3d290b6",
				"ip": "128.140.56.206",
				"port": 46656
			},
			"src": {
				"id": "5eedd8cf7fefc037a6233b1991c2a3b653518560",
				"ip": "65.108.230.113",
				"port": 31066
			},
			"buckets": [
				202,
				73,
				239,
				250
			],
			"attempts": 0,
			"bucket_type": 1,
			"last_attempt": "2023-06-24T04:20:02.644405481Z",
			"last_success": "0001-01-01T00:00:00Z",
			"last_ban_time": "0001-01-01T00:00:00Z"
		},
		{
			"addr": {
				"id": "20ed10a223b71f89ce74d09d23dc4943eb74bb15",
				"ip": "196.240.128.71",
				"port": 26656
			},
			"src": {
				"id": "efe1e1f891f785e6541ad18ff228ea61894dd980",
				"ip": "0.0.0.0",
				"port": 51656
			},
			"buckets": [
				65,
				197
			],
			"attempts": 0,
			"bucket_type": 1,
			"last_attempt": "2023-06-24T04:20:02.644661085Z",
			"last_success": "0001-01-01T00:00:00Z",
			"last_ban_time": "0001-01-01T00:00:00Z"
		},
		{
			"addr": {
				"id": "82b9c5c56395193b3698780bc206d5f38fe26ca5",
				"ip": "137.184.226.133",
				"port": 16156
			},
			"src": {
				"id": "d9bcbc36e762ea9af94ee8bd5568867970079e61",
				"ip": "0.0.0.0",
				"port": 28656
			},
			"buckets": [
				24,
				42,
				87
			],
			"attempts": 0,
			"bucket_type": 1,
			"last_attempt": "2023-06-24T04:14:06.778149851Z",
			"last_success": "0001-01-01T00:00:00Z",
			"last_ban_time": "0001-01-01T00:00:00Z"
		},
		{
			"addr": {
				"id": "42798554b12ff3c24107af3b47a28459d717bdf4",
				"ip": "46.17.250.108",
				"port": 61356
			},
			"src": {
				"id": "d9bcbc36e762ea9af94ee8bd5568867970079e61",
				"ip": "0.0.0.0",
				"port": 28656
			},
			"buckets": [
				129,
				116,
				83,
				39
			],
			"attempts": 0,
			"bucket_type": 1,
			"last_attempt": "2023-06-24T04:14:06.778156971Z",
			"last_success": "0001-01-01T00:00:00Z",
			"last_ban_time": "0001-01-01T00:00:00Z"
		},
		{
			"addr": {
				"id": "b3a4f9e9797a0ed73f3abc1eb02070212294b249",
				"ip": "65.108.124.121",
				"port": 60756
			},
			"src": {
				"id": "9e16c875dfce96fb492cf16c3221836eeaf71afc",
				"ip": "65.21.82.203",
				"port": 56656
			},
			"buckets": [
				86,
				42,
				83,
				145
			],
			"attempts": 0,
			"bucket_type": 1,
			"last_attempt": "2023-06-24T04:20:02.654405242Z",
			"last_success": "0001-01-01T00:00:00Z",
			"last_ban_time": "0001-01-01T00:00:00Z"
		},
		{
			"addr": {
				"id": "b55e2db9b3b63fde77462c4f5ce589252c5f45af",
				"ip": "51.91.30.173",
				"port": 2009
			},
			"src": {
				"id": "d9bcbc36e762ea9af94ee8bd5568867970079e61",
				"ip": "0.0.0.0",
				"port": 28656
			},
			"buckets": [
				50,
				9,
				15,
				109
			],
			"attempts": 0,
			"bucket_type": 1,
			"last_attempt": "2023-06-24T04:14:06.77811093Z",
			"last_success": "0001-01-01T00:00:00Z",
			"last_ban_time": "0001-01-01T00:00:00Z"
		},
		{
			"addr": {
				"id": "fb0e4c35b42273848f605f526d1029800e7d73d7",
				"ip": "65.109.154.182",
				"port": 51656
			},
			"src": {
				"id": "5eedd8cf7fefc037a6233b1991c2a3b653518560",
				"ip": "65.108.230.113",
				"port": 31066
			},
			"buckets": [
				134,
				53,
				65
			],
			"attempts": 0,
			"bucket_type": 1,
			"last_attempt": "2023-06-24T04:20:02.644449931Z",
			"last_success": "0001-01-01T00:00:00Z",
			"last_ban_time": "0001-01-01T00:00:00Z"
		},
		{
			"addr": {
				"id": "e82fb793620a13e989be8b2521e94db988851c3c",
				"ip": "165.227.113.152",
				"port": 26656
			},
			"src": {
				"id": "d9bcbc36e762ea9af94ee8bd5568867970079e61",
				"ip": "0.0.0.0",
				"port": 28656
			},
			"buckets": [
				215,
				133,
				162,
				123
			],
			"attempts": 0,
			"bucket_type": 1,
			"last_attempt": "2023-06-24T04:14:06.777942188Z",
			"last_success": "0001-01-01T00:00:00Z",
			"last_ban_time": "0001-01-01T00:00:00Z"
		},
		{
			"addr": {
				"id": "9e16c875dfce96fb492cf16c3221836eeaf71afc",
				"ip": "65.21.82.203",
				"port": 56656
			},
			"src": {
				"id": "d9bcbc36e762ea9af94ee8bd5568867970079e61",
				"ip": "0.0.0.0",
				"port": 28656
			},
			"buckets": [
				31
			],
			"attempts": 0,
			"bucket_type": 2,
			"last_attempt": "2023-06-24T08:31:05.437002762Z",
			"last_success": "2023-06-24T08:31:05.437002762Z",
			"last_ban_time": "0001-01-01T00:00:00Z"
		},
		{
			"addr": {
				"id": "b2b8e67a3158e0854570c7de61812c8c6e92e4bc",
				"ip": "65.108.206.118",
				"port": 61656
			},
			"src": {
				"id": "d9bcbc36e762ea9af94ee8bd5568867970079e61",
				"ip": "0.0.0.0",
				"port": 28656
			},
			"buckets": [
				24,
				42,
				145
			],
			"attempts": 0,
			"bucket_type": 1,
			"last_attempt": "2023-06-24T04:14:06.777876907Z",
			"last_success": "0001-01-01T00:00:00Z",
			"last_ban_time": "0001-01-01T00:00:00Z"
		},
		{
			"addr": {
				"id": "c660bf910c013c1b603371cf4eb8ebee640000dd",
				"ip": "37.252.184.249",
				"port": 26656
			},
			"src": {
				"id": "d9bcbc36e762ea9af94ee8bd5568867970079e61",
				"ip": "0.0.0.0",
				"port": 28656
			},
			"buckets": [
				1,
				125,
				39
			],
			"attempts": 0,
			"bucket_type": 1,
			"last_attempt": "2023-06-24T04:14:06.77809314Z",
			"last_success": "0001-01-01T00:00:00Z",
			"last_ban_time": "0001-01-01T00:00:00Z"
		},
		{
			"addr": {
				"id": "506b6d9ee2a697b7941d04c525faf18a17dc2dff",
				"ip": "169.0.135.45",
				"port": 2010
			},
			"src": {
				"id": "5eedd8cf7fefc037a6233b1991c2a3b653518560",
				"ip": "65.108.230.113",
				"port": 31066
			},
			"buckets": [
				185,
				209
			],
			"attempts": 0,
			"bucket_type": 1,
			"last_attempt": "2023-06-24T04:20:02.644411491Z",
			"last_success": "0001-01-01T00:00:00Z",
			"last_ban_time": "0001-01-01T00:00:00Z"
		},
		{
			"addr": {
				"id": "c3ee892de5052c2813a7e4968a3ba5c4518455cb",
				"ip": "31.156.88.34",
				"port": 26656
			},
			"src": {
				"id": "5eedd8cf7fefc037a6233b1991c2a3b653518560",
				"ip": "65.108.230.113",
				"port": 31066
			},
			"buckets": [
				245,
				84,
				150,
				4
			],
			"attempts": 0,
			"bucket_type": 1,
			"last_attempt": "2023-06-24T04:20:02.644466632Z",
			"last_success": "0001-01-01T00:00:00Z",
			"last_ban_time": "0001-01-01T00:00:00Z"
		},
		{
			"addr": {
				"id": "d5519e378247dfb61dfe90652d1fe3e2b3005a5b",
				"ip": "65.109.68.190",
				"port": 16156
			},
			"src": {
				"id": "d9bcbc36e762ea9af94ee8bd5568867970079e61",
				"ip": "0.0.0.0",
				"port": 28656
			},
			"buckets": [
				225,
				134,
				65,
				24
			],
			"attempts": 0,
			"bucket_type": 1,
			"last_attempt": "2023-06-24T04:14:06.777898677Z",
			"last_success": "0001-01-01T00:00:00Z",
			"last_ban_time": "0001-01-01T00:00:00Z"
		},
		{
			"addr": {
				"id": "f60568a6ed1f848857c1c6c113719c1bb687c656",
				"ip": "65.108.105.48",
				"port": 22156
			},
			"src": {
				"id": "d9bcbc36e762ea9af94ee8bd5568867970079e61",
				"ip": "0.0.0.0",
				"port": 28656
			},
			"buckets": [
				53
			],
			"attempts": 0,
			"bucket_type": 2,
			"last_attempt": "2023-06-24T09:02:25.582112544Z",
			"last_success": "2023-06-24T09:02:25.582112544Z",
			"last_ban_time": "0001-01-01T00:00:00Z"
		},
		{
			"addr": {
				"id": "0fbeb25dfdae849be87d96a32050741a77983b13",
				"ip": "34.87.180.66",
				"port": 26656
			},
			"src": {
				"id": "d9bcbc36e762ea9af94ee8bd5568867970079e61",
				"ip": "0.0.0.0",
				"port": 28656
			},
			"buckets": [
				48,
				145,
				95
			],
			"attempts": 0,
			"bucket_type": 1,
			"last_attempt": "2023-06-24T04:15:55.630970632Z",
			"last_success": "0001-01-01T00:00:00Z",
			"last_ban_time": "0001-01-01T00:00:00Z"
		},
		{
			"addr": {
				"id": "a3a2a86740534e67c55774bf2b37299a8e268031",
				"ip": "107.181.236.98",
				"port": 26656
			},
			"src": {
				"id": "efe1e1f891f785e6541ad18ff228ea61894dd980",
				"ip": "0.0.0.0",
				"port": 51656
			},
			"buckets": [
				161,
				111,
				119
			],
			"attempts": 0,
			"bucket_type": 1,
			"last_attempt": "2023-06-24T04:20:02.644644395Z",
			"last_success": "0001-01-01T00:00:00Z",
			"last_ban_time": "0001-01-01T00:00:00Z"
		},
		{
			"addr": {
				"id": "a98484ac9cb8235bd6a65cdf7648107e3d14dab4",
				"ip": "116.202.231.58",
				"port": 16156
			},
			"src": {
				"id": "d9bcbc36e762ea9af94ee8bd5568867970079e61",
				"ip": "0.0.0.0",
				"port": 28656
			},
			"buckets": [
				225,
				133,
				200
			],
			"attempts": 0,
			"bucket_type": 1,
			"last_attempt": "2023-06-24T04:14:06.778139631Z",
			"last_success": "0001-01-01T00:00:00Z",
			"last_ban_time": "0001-01-01T00:00:00Z"
		},
		{
			"addr": {
				"id": "419438c7cb152a88a30d6922a2b2c7077dd4daf5",
				"ip": "88.99.3.158",
				"port": 22156
			},
			"src": {
				"id": "d9bcbc36e762ea9af94ee8bd5568867970079e61",
				"ip": "0.0.0.0",
				"port": 28656
			},
			"buckets": [
				26
			],
			"attempts": 0,
			"bucket_type": 2,
			"last_attempt": "2023-06-24T07:18:35.909673861Z",
			"last_success": "2023-06-24T07:18:35.909673861Z",
			"last_ban_time": "0001-01-01T00:00:00Z"
		},
		{
			"addr": {
				"id": "dae302f53ad526a9f0dd30baf327e98baca35de5",
				"ip": "89.250.150.241",
				"port": 26656
			},
			"src": {
				"id": "419438c7cb152a88a30d6922a2b2c7077dd4daf5",
				"ip": "0.0.0.0",
				"port": 22156
			},
			"buckets": [
				128
			],
			"attempts": 0,
			"bucket_type": 1,
			"last_attempt": "2023-06-24T04:20:02.647646593Z",
			"last_success": "0001-01-01T00:00:00Z",
			"last_ban_time": "0001-01-01T00:00:00Z"
		},
		{
			"addr": {
				"id": "c818c3aa14ae8183578b7be0572c2dcd75613e72",
				"ip": "186.233.185.214",
				"port": 26656
			},
			"src": {
				"id": "d9bcbc36e762ea9af94ee8bd5568867970079e61",
				"ip": "0.0.0.0",
				"port": 28656
			},
			"buckets": [
				238,
				65,
				119
			],
			"attempts": 0,
			"bucket_type": 1,
			"last_attempt": "2023-06-24T04:14:06.77811505Z",
			"last_success": "0001-01-01T00:00:00Z",
			"last_ban_time": "0001-01-01T00:00:00Z"
		},
		{
			"addr": {
				"id": "ad749d0e0c6542b89b5f98dfafe05cb527d0b9fc",
				"ip": "65.109.6.138",
				"port": 26656
			},
			"src": {
				"id": "d9bcbc36e762ea9af94ee8bd5568867970079e61",
				"ip": "0.0.0.0",
				"port": 28656
			},
			"buckets": [
				20
			],
			"attempts": 0,
			"bucket_type": 2,
			"last_attempt": "2023-06-24T08:10:29.028441527Z",
			"last_success": "2023-06-24T08:10:29.028441527Z",
			"last_ban_time": "0001-01-01T00:00:00Z"
		},
		{
			"addr": {
				"id": "d80daf11b1b336027bb3f50dc67b9c8f6be153b0",
				"ip": "195.201.195.61",
				"port": 29656
			},
			"src": {
				"id": "d9bcbc36e762ea9af94ee8bd5568867970079e61",
				"ip": "0.0.0.0",
				"port": 28656
			},
			"buckets": [
				77,
				59,
				123
			],
			"attempts": 0,
			"bucket_type": 1,
			"last_attempt": "2023-06-24T04:15:55.630966232Z",
			"last_success": "0001-01-01T00:00:00Z",
			"last_ban_time": "0001-01-01T00:00:00Z"
		},
		{
			"addr": {
				"id": "8336e98410c1c9b91ef86f13a3254a2b30a1a263",
				"ip": "65.108.226.183",
				"port": 22156
			},
			"src": {
				"id": "d9bcbc36e762ea9af94ee8bd5568867970079e61",
				"ip": "0.0.0.0",
				"port": 28656
			},
			"buckets": [
				53
			],
			"attempts": 0,
			"bucket_type": 2,
			"last_attempt": "2023-06-24T06:38:28.001034196Z",
			"last_success": "2023-06-24T06:38:28.001034196Z",
			"last_ban_time": "0001-01-01T00:00:00Z"
		},
		{
			"addr": {
				"id": "6b00a46b8c79deab378a8c1d5c2a63123b799e46",
				"ip": "34.69.0.43",
				"port": 26656
			},
			"src": {
				"id": "d9bcbc36e762ea9af94ee8bd5568867970079e61",
				"ip": "0.0.0.0",
				"port": 28656
			},
			"buckets": [
				24,
				11,
				13,
				209
			],
			"attempts": 0,
			"bucket_type": 1,
			"last_attempt": "2023-06-24T04:14:06.778124681Z",
			"last_success": "0001-01-01T00:00:00Z",
			"last_ban_time": "0001-01-01T00:00:00Z"
		},
		{
			"addr": {
				"id": "200828e2327e57bc3729b9aac4cfe9bc7a139b30",
				"ip": "65.109.95.104",
				"port": 27656
			},
			"src": {
				"id": "d9bcbc36e762ea9af94ee8bd5568867970079e61",
				"ip": "0.0.0.0",
				"port": 28656
			},
			"buckets": [
				225,
				24,
				134,
				53
			],
			"attempts": 0,
			"bucket_type": 1,
			"last_attempt": "2023-06-24T04:14:06.77808813Z",
			"last_success": "0001-01-01T00:00:00Z",
			"last_ban_time": "0001-01-01T00:00:00Z"
		},
		{
			"addr": {
				"id": "5c2a752c9b1952dbed075c56c600c3a79b58c395",
				"ip": "185.16.39.172",
				"port": 27316
			},
			"src": {
				"id": "d9bcbc36e762ea9af94ee8bd5568867970079e61",
				"ip": "0.0.0.0",
				"port": 28656
			},
			"buckets": [
				35,
				153
			],
			"attempts": 0,
			"bucket_type": 1,
			"last_attempt": "2023-06-24T04:14:06.777934988Z",
			"last_success": "0001-01-01T00:00:00Z",
			"last_ban_time": "0001-01-01T00:00:00Z"
		},
		{
			"addr": {
				"id": "bf7f0f76091c801595b3b0699c71595e3c51dc1e",
				"ip": "169.1.84.152",
				"port": 26616
			},
			"src": {
				"id": "efe1e1f891f785e6541ad18ff228ea61894dd980",
				"ip": "0.0.0.0",
				"port": 51656
			},
			"buckets": [
				129,
				95
			],
			"attempts": 0,
			"bucket_type": 1,
			"last_attempt": "2023-06-24T04:20:02.644629544Z",
			"last_success": "0001-01-01T00:00:00Z",
			"last_ban_time": "0001-01-01T00:00:00Z"
		},
		{
			"addr": {
				"id": "c91e98a2afb3cba1771f87719dc4a757d6e01ba6",
				"ip": "188.132.129.232",
				"port": 26656
			},
			"src": {
				"id": "ad749d0e0c6542b89b5f98dfafe05cb527d0b9fc",
				"ip": "0.0.0.0",
				"port": 26656
			},
			"buckets": [
				22
			],
			"attempts": 0,
			"bucket_type": 1,
			"last_attempt": "2023-06-24T04:20:02.652860417Z",
			"last_success": "0001-01-01T00:00:00Z",
			"last_ban_time": "0001-01-01T00:00:00Z"
		},
		{
			"addr": {
				"id": "5eedd8cf7fefc037a6233b1991c2a3b653518560",
				"ip": "65.108.230.113",
				"port": 31066
			},
			"src": {
				"id": "d9bcbc36e762ea9af94ee8bd5568867970079e61",
				"ip": "0.0.0.0",
				"port": 28656
			},
			"buckets": [
				53
			],
			"attempts": 0,
			"bucket_type": 2,
			"last_attempt": "2023-06-24T07:57:53.893183015Z",
			"last_success": "2023-06-24T07:57:53.893183015Z",
			"last_ban_time": "0001-01-01T00:00:00Z"
		},
		{
			"addr": {
				"id": "c166422d24413f0661b006af29f7545890a9a1f0",
				"ip": "54.173.208.94",
				"port": 26656
			},
			"src": {
				"id": "efe1e1f891f785e6541ad18ff228ea61894dd980",
				"ip": "0.0.0.0",
				"port": 51656
			},
			"buckets": [
				14,
				183
			],
			"attempts": 0,
			"bucket_type": 1,
			"last_attempt": "2023-06-24T04:20:02.644624844Z",
			"last_success": "0001-01-01T00:00:00Z",
			"last_ban_time": "0001-01-01T00:00:00Z"
		},
		{
			"addr": {
				"id": "6b726c450e96933b8ec51e3b5e06d8e501c7b9fa",
				"ip": "34.225.62.35",
				"port": 26656
			},
			"src": {
				"id": "5eedd8cf7fefc037a6233b1991c2a3b653518560",
				"ip": "65.108.230.113",
				"port": 31066
			},
			"buckets": [
				158,
				202
			],
			"attempts": 0,
			"bucket_type": 1,
			"last_attempt": "2023-06-24T04:20:02.644472372Z",
			"last_success": "0001-01-01T00:00:00Z",
			"last_ban_time": "0001-01-01T00:00:00Z"
		},
		{
			"addr": {
				"id": "5358994d1ecf2a6eefcc8b0f38d5177f566bbbfc",
				"ip": "75.119.155.248",
				"port": 26656
			},
			"src": {
				"id": "d9bcbc36e762ea9af94ee8bd5568867970079e61",
				"ip": "0.0.0.0",
				"port": 28656
			},
			"buckets": [
				50,
				185,
				131,
				209
			],
			"attempts": 0,
			"bucket_type": 1,
			"last_attempt": "2023-06-24T04:14:06.777909917Z",
			"last_success": "0001-01-01T00:00:00Z",
			"last_ban_time": "0001-01-01T00:00:00Z"
		},
		{
			"addr": {
				"id": "725c9918c40ab15d4309f0dc38c0040d809babdf",
				"ip": "65.108.233.102",
				"port": 33656
			},
			"src": {
				"id": "d9bcbc36e762ea9af94ee8bd5568867970079e61",
				"ip": "0.0.0.0",
				"port": 28656
			},
			"buckets": [
				24,
				42,
				145,
				83
			],
			"attempts": 0,
			"bucket_type": 1,
			"last_attempt": "2023-06-24T04:14:06.777929047Z",
			"last_success": "0001-01-01T00:00:00Z",
			"last_ban_time": "0001-01-01T00:00:00Z"
		},
		{
			"addr": {
				"id": "bb04cbb3b917efce76a8296a8411f211bad14352",
				"ip": "159.203.5.100",
				"port": 26656
			},
			"src": {
				"id": "d9bcbc36e762ea9af94ee8bd5568867970079e61",
				"ip": "0.0.0.0",
				"port": 28656
			},
			"buckets": [
				170,
				5,
				246,
				195
			],
			"attempts": 0,
			"bucket_type": 1,
			"last_attempt": "2023-06-24T04:14:06.778120701Z",
			"last_success": "0001-01-01T00:00:00Z",
			"last_ban_time": "0001-01-01T00:00:00Z"
		},
		{
			"addr": {
				"id": "4f5004b2ea4f115c8331c8b8b0d0e0129fb9e31b",
				"ip": "2.247.254.160",
				"port": 26656
			},
			"src": {
				"id": "5eedd8cf7fefc037a6233b1991c2a3b653518560",
				"ip": "65.108.230.113",
				"port": 31066
			},
			"buckets": [
				87,
				18
			],
			"attempts": 0,
			"bucket_type": 1,
			"last_attempt": "2023-06-24T04:20:02.644422101Z",
			"last_success": "0001-01-01T00:00:00Z",
			"last_ban_time": "0001-01-01T00:00:00Z"
		},
		{
			"addr": {
				"id": "aae38d6dd7a997000bd9ac195cb09fc1026f63d8",
				"ip": "169.1.84.152",
				"port": 26656
			},
			"src": {
				"id": "5eedd8cf7fefc037a6233b1991c2a3b653518560",
				"ip": "65.108.230.113",
				"port": 31066
			},
			"buckets": [
				111,
				129
			],
			"attempts": 0,
			"bucket_type": 1,
			"last_attempt": "2023-06-24T04:20:02.644433051Z",
			"last_success": "0001-01-01T00:00:00Z",
			"last_ban_time": "0001-01-01T00:00:00Z"
		},
		{
			"addr": {
				"id": "7111a00c1c257d252720f3e234beae8e6ead1baf",
				"ip": "185.183.33.143",
				"port": 26659
			},
			"src": {
				"id": "5eedd8cf7fefc037a6233b1991c2a3b653518560",
				"ip": "65.108.230.113",
				"port": 31066
			},
			"buckets": [
				185,
				209,
				103
			],
			"attempts": 0,
			"bucket_type": 1,
			"last_attempt": "2023-06-24T04:20:02.644457632Z",
			"last_success": "0001-01-01T00:00:00Z",
			"last_ban_time": "0001-01-01T00:00:00Z"
		},
		{
			"addr": {
				"id": "846731f7097e684efdd6b9446d562228640e2b14",
				"ip": "34.27.228.66",
				"port": 26656
			},
			"src": {
				"id": "d9bcbc36e762ea9af94ee8bd5568867970079e61",
				"ip": "0.0.0.0",
				"port": 28656
			},
			"buckets": [
				64,
				183,
				7,
				103
			],
			"attempts": 0,
			"bucket_type": 1,
			"last_attempt": "2023-06-24T04:15:55.630955451Z",
			"last_success": "0001-01-01T00:00:00Z",
			"last_ban_time": "0001-01-01T00:00:00Z"
		},
		{
			"addr": {
				"id": "8dfca3c8a308fb6e682814ba5c33623dd346e572",
				"ip": "65.109.23.114",
				"port": 22156
			},
			"src": {
				"id": "d9bcbc36e762ea9af94ee8bd5568867970079e61",
				"ip": "0.0.0.0",
				"port": 28656
			},
			"buckets": [
				225,
				134,
				65,
				53
			],
			"attempts": 0,
			"bucket_type": 1,
			"last_attempt": "2023-06-24T04:14:06.777892807Z",
			"last_success": "0001-01-01T00:00:00Z",
			"last_ban_time": "0001-01-01T00:00:00Z"
		},
		{
			"addr": {
				"id": "0527144a038e67800b35c902174e3fd02cc47387",
				"ip": "65.109.15.208",
				"port": 36656
			},
			"src": {
				"id": "efe1e1f891f785e6541ad18ff228ea61894dd980",
				"ip": "0.0.0.0",
				"port": 51656
			},
			"buckets": [
				65
			],
			"attempts": 0,
			"bucket_type": 1,
			"last_attempt": "2023-06-24T04:20:02.644610054Z",
			"last_success": "0001-01-01T00:00:00Z",
			"last_ban_time": "0001-01-01T00:00:00Z"
		},
		{
			"addr": {
				"id": "06bea1e5ad267b8d88db3cd4ac617f48ddd9b166",
				"ip": "65.108.199.206",
				"port": 33656
			},
			"src": {
				"id": "419438c7cb152a88a30d6922a2b2c7077dd4daf5",
				"ip": "0.0.0.0",
				"port": 22156
			},
			"buckets": [
				83,
				86,
				42
			],
			"attempts": 0,
			"bucket_type": 1,
			"last_attempt": "2023-06-24T04:20:02.647612483Z",
			"last_success": "0001-01-01T00:00:00Z",
			"last_ban_time": "0001-01-01T00:00:00Z"
		},
		{
			"addr": {
				"id": "f3fdb6f7bbe514e3ca8b91ec03505a0cda317ae3",
				"ip": "213.133.100.172",
				"port": 27060
			},
			"src": {
				"id": "ad749d0e0c6542b89b5f98dfafe05cb527d0b9fc",
				"ip": "0.0.0.0",
				"port": 26656
			},
			"buckets": [
				83,
				62
			],
			"attempts": 0,
			"bucket_type": 1,
			"last_attempt": "2023-06-24T04:20:02.652801996Z",
			"last_success": "0001-01-01T00:00:00Z",
			"last_ban_time": "0001-01-01T00:00:00Z"
		},
		{
			"addr": {
				"id": "bdd10f1a5aea7595003879baa89043177af1a90f",
				"ip": "142.132.248.253",
				"port": 65528
			},
			"src": {
				"id": "d9bcbc36e762ea9af94ee8bd5568867970079e61",
				"ip": "0.0.0.0",
				"port": 28656
			},
			"buckets": [
				77,
				139,
				123,
				119
			],
			"attempts": 0,
			"bucket_type": 1,
			"last_attempt": "2023-06-24T04:14:06.777948548Z",
			"last_success": "0001-01-01T00:00:00Z",
			"last_ban_time": "0001-01-01T00:00:00Z"
		},
		{
			"addr": {
				"id": "38de00b6d88286553eb123d16846190e5c594c59",
				"ip": "51.79.30.118",
				"port": 26656
			},
			"src": {
				"id": "d9bcbc36e762ea9af94ee8bd5568867970079e61",
				"ip": "0.0.0.0",
				"port": 28656
			},
			"buckets": [
				116,
				183,
				119
			],
			"attempts": 0,
			"bucket_type": 1,
			"last_attempt": "2023-06-24T04:15:55.630962551Z",
			"last_success": "0001-01-01T00:00:00Z",
			"last_ban_time": "0001-01-01T00:00:00Z"
		}
	]
}
