{
	"key": "23e3d7cbdc07fa0262678467",
	"addrs": [
		{
			"addr": {
				"id": "5665369b5ce2b90a42a51e20df495193b45aa354",
				"ip": "82.146.64.24",
				"port": 26656
			},
			"src": {
				"id": "16700793659365235701335a41dd7b2b317518dd",
				"ip": "0.0.0.0",
				"port": 26656
			},
			"buckets": [
				79,
				5
			],
			"attempts": 0,
			"bucket_type": 1,
			"last_attempt": "2023-06-26T02:28:29.25638099Z",
			"last_success": "0001-01-01T00:00:00Z",
			"last_ban_time": "0001-01-01T00:00:00Z"
		},
		{
			"addr": {
				"id": "2e4cd780103eb1450ce67c9e10bffe48b6fba9f7",
				"ip": "82.146.87.39",
				"port": 26656
			},
			"src": {
				"id": "16700793659365235701335a41dd7b2b317518dd",
				"ip": "0.0.0.0",
				"port": 26656
			},
			"buckets": [
				79,
				5
			],
			"attempts": 0,
			"bucket_type": 1,
			"last_attempt": "2023-06-26T02:28:29.25638439Z",
			"last_success": "0001-01-01T00:00:00Z",
			"last_ban_time": "0001-01-01T00:00:00Z"
		},
		{
			"addr": {
				"id": "16700793659365235701335a41dd7b2b317518dd",
				"ip": "173.249.54.208",
				"port": 26656
			},
			"src": {
				"id": "7a7867cf1d286098641bb8b47bf1d8c555e2f385",
				"ip": "0.0.0.0",
				"port": 23656
			},
			"buckets": [
				118,
				103
			],
			"attempts": 0,
			"bucket_type": 1,
			"last_attempt": "2023-06-26T02:28:28.892673481Z",
			"last_success": "0001-01-01T00:00:00Z",
			"last_ban_time": "0001-01-01T00:00:00Z"
		},
		{
			"addr": {
				"id": "53ed7cf91245967d349144ae74d7366f3d0d5e2b",
				"ip": "185.246.86.199",
				"port": 1656
			},
			"src": {
				"id": "16700793659365235701335a41dd7b2b317518dd",
				"ip": "0.0.0.0",
				"port": 26656
			},
			"buckets": [
				82
			],
			"attempts": 0,
			"bucket_type": 1,
			"last_attempt": "2023-06-26T02:28:29.25636696Z",
			"last_success": "0001-01-01T00:00:00Z",
			"last_ban_time": "0001-01-01T00:00:00Z"
		}
	]
}
