{
	"key": "738a93a7ba7c1899e63e74bc",
	"addrs": [
		{
			"addr": {
				"id": "b1cd5d86b8397fb35871acaf318d4423d9f990a3",
				"ip": "20.83.164.219",
				"port": 26656
			},
			"src": {
				"id": "53f2367d8f8291af8e3b6ca60efded0675ff6314",
				"ip": "34.29.15.170",
				"port": 26656
			},
			"buckets": [
				216,
				158,
				5,
				124
			],
			"attempts": 14,
			"bucket_type": 1,
			"last_attempt": "2023-02-09T18:03:27.870125606+01:00",
			"last_success": "0001-01-01T00:00:00Z",
			"last_ban_time": "0001-01-01T00:00:00Z"
		},
		{
			"addr": {
				"id": "27450dc5adcebc84ccd831b42fcd73cb69970881",
				"ip": "35.239.146.40",
				"port": 26656
			},
			"src": {
				"id": "53f2367d8f8291af8e3b6ca60efded0675ff6314",
				"ip": "34.29.15.170",
				"port": 26656
			},
			"buckets": [
				16
			],
			"attempts": 0,
			"bucket_type": 2,
			"last_attempt": "2023-02-10T13:10:31.026616091+01:00",
			"last_success": "2023-02-10T13:10:31.026616091+01:00",
			"last_ban_time": "0001-01-01T00:00:00Z"
		},
		{
			"addr": {
				"id": "c0a83c9a04c865a77510e2d77cb730bf293359f8",
				"ip": "38.141.51.34",
				"port": 26656
			},
			"src": {
				"id": "051a07f1018cfdd6c24bebb3094179a6ceda2482",
				"ip": "0.0.0.0",
				"port": 26656
			},
			"buckets": [
				131,
				245,
				218,
				93
			],
			"attempts": 2,
			"bucket_type": 1,
			"last_attempt": "2023-02-10T07:28:32.968469837+01:00",
			"last_success": "0001-01-01T00:00:00Z",
			"last_ban_time": "0001-01-01T00:00:00Z"
		},
		{
			"addr": {
				"id": "bcf4358ce13d9952ecdb01591f7106ce4dcab8d3",
				"ip": "152.32.191.216",
				"port": 26656
			},
			"src": {
				"id": "53f2367d8f8291af8e3b6ca60efded0675ff6314",
				"ip": "34.29.15.170",
				"port": 26656
			},
			"buckets": [
				65,
				67,
				105,
				120
			],
			"attempts": 0,
			"bucket_type": 1,
			"last_attempt": "2023-02-09T11:14:46.745279137+01:00",
			"last_success": "0001-01-01T00:00:00Z",
			"last_ban_time": "0001-01-01T00:00:00Z"
		},
		{
			"addr": {
				"id": "442d8f514d22a66202ca818ff38f383c7a01b6c0",
				"ip": "38.141.51.34",
				"port": 26656
			},
			"src": {
				"id": "051a07f1018cfdd6c24bebb3094179a6ceda2482",
				"ip": "0.0.0.0",
				"port": 26656
			},
			"buckets": [
				131,
				218,
				54,
				93
			],
			"attempts": 3,
			"bucket_type": 1,
			"last_attempt": "2023-02-09T17:37:27.259445308+01:00",
			"last_success": "0001-01-01T00:00:00Z",
			"last_ban_time": "0001-01-01T00:00:00Z"
		},
		{
			"addr": {
				"id": "39a34cd4f1e908a88a726b2444c6a407f67e4229",
				"ip": "158.160.59.199",
				"port": 26656
			},
			"src": {
				"id": "051a07f1018cfdd6c24bebb3094179a6ceda2482",
				"ip": "0.0.0.0",
				"port": 26656
			},
			"buckets": [
				10
			],
			"attempts": 0,
			"bucket_type": 2,
			"last_attempt": "2023-02-10T12:48:25.792384839+01:00",
			"last_success": "2023-02-10T12:48:25.792384839+01:00",
			"last_ban_time": "0001-01-01T00:00:00Z"
		},
		{
			"addr": {
				"id": "39173d0050aafc216ebaeb748506e5c16fd2179e",
				"ip": "40.76.120.9",
				"port": 26656
			},
			"src": {
				"id": "051a07f1018cfdd6c24bebb3094179a6ceda2482",
				"ip": "0.0.0.0",
				"port": 26656
			},
			"buckets": [
				96,
				6,
				40,
				78
			],
			"attempts": 10,
			"bucket_type": 1,
			"last_attempt": "2023-02-10T10:10:32.968995834+01:00",
			"last_success": "0001-01-01T00:00:00Z",
			"last_ban_time": "0001-01-01T00:00:00Z"
		},
		{
			"addr": {
				"id": "62df5a5097e2690af60bb98703bfef242add7728",
				"ip": "161.97.149.223",
				"port": 26656
			},
			"src": {
				"id": "1a3a573c53a4b90ab04eb47d160f4d3d6aa58000",
				"ip": "35.233.117.165",
				"port": 26656
			},
			"buckets": [
				234,
				20,
				63,
				125
			],
			"attempts": 2,
			"bucket_type": 1,
			"last_attempt": "2023-02-10T10:11:33.591075187+01:00",
			"last_success": "0001-01-01T00:00:00Z",
			"last_ban_time": "0001-01-01T00:00:00Z"
		},
		{
			"addr": {
				"id": "0aa5fa2507ada8a555d156920c0b09f0d633b0f9",
				"ip": "34.173.227.148",
				"port": 26656
			},
			"src": {
				"id": "53f2367d8f8291af8e3b6ca60efded0675ff6314",
				"ip": "34.29.15.170",
				"port": 26656
			},
			"buckets": [
				45
			],
			"attempts": 0,
			"bucket_type": 2,
			"last_attempt": "2023-02-10T01:50:37.467293113+01:00",
			"last_success": "2023-02-10T01:50:37.467293113+01:00",
			"last_ban_time": "0001-01-01T00:00:00Z"
		},
		{
			"addr": {
				"id": "7c0d4ce5ad561c3453e2e837d85c9745b76f7972",
				"ip": "35.238.77.191",
				"port": 26656
			},
			"src": {
				"id": "53f2367d8f8291af8e3b6ca60efded0675ff6314",
				"ip": "34.29.15.170",
				"port": 26656
			},
			"buckets": [
				61
			],
			"attempts": 0,
			"bucket_type": 2,
			"last_attempt": "2023-02-10T14:20:43.781755483+01:00",
			"last_success": "2023-02-10T14:20:43.781755483+01:00",
			"last_ban_time": "0001-01-01T00:00:00Z"
		},
		{
			"addr": {
				"id": "4b8d541efbb343effa1b5079de0b17d2566ac0fd",
				"ip": "34.172.70.24",
				"port": 26656
			},
			"src": {
				"id": "53f2367d8f8291af8e3b6ca60efded0675ff6314",
				"ip": "34.29.15.170",
				"port": 26656
			},
			"buckets": [
				63
			],
			"attempts": 0,
			"bucket_type": 2,
			"last_attempt": "2023-02-10T13:39:37.261763282+01:00",
			"last_success": "2023-02-10T13:39:37.261763282+01:00",
			"last_ban_time": "0001-01-01T00:00:00Z"
		},
		{
			"addr": {
				"id": "cc6d4220633104885b89e2e0545e04b8162d69b5",
				"ip": "75.119.134.20",
				"port": 26656
			},
			"src": {
				"id": "53f2367d8f8291af8e3b6ca60efded0675ff6314",
				"ip": "34.29.15.170",
				"port": 26656
			},
			"buckets": [
				54
			],
			"attempts": 0,
			"bucket_type": 2,
			"last_attempt": "2023-02-10T13:39:04.139602965+01:00",
			"last_success": "2023-02-10T13:39:04.139602965+01:00",
			"last_ban_time": "0001-01-01T00:00:00Z"
		},
		{
			"addr": {
				"id": "07748fa71d69c1c64486e8c79625d1a4b43192b5",
				"ip": "35.232.157.206",
				"port": 26656
			},
			"src": {
				"id": "53f2367d8f8291af8e3b6ca60efded0675ff6314",
				"ip": "34.29.15.170",
				"port": 26656
			},
			"buckets": [
				146,
				193,
				67,
				247
			],
			"attempts": 10,
			"bucket_type": 1,
			"last_attempt": "2023-02-10T10:11:32.722645861+01:00",
			"last_success": "0001-01-01T00:00:00Z",
			"last_ban_time": "0001-01-01T00:00:00Z"
		},
		{
			"addr": {
				"id": "d3d8b021a9b8758e63f50cdf326f98cb3376dbda",
				"ip": "34.69.126.231",
				"port": 26656
			},
			"src": {
				"id": "53f2367d8f8291af8e3b6ca60efded0675ff6314",
				"ip": "34.29.15.170",
				"port": 26656
			},
			"buckets": [
				101,
				36,
				76,
				238
			],
			"attempts": 11,
			"bucket_type": 1,
			"last_attempt": "2023-02-09T18:03:27.129707705+01:00",
			"last_success": "0001-01-01T00:00:00Z",
			"last_ban_time": "0001-01-01T00:00:00Z"
		},
		{
			"addr": {
				"id": "8e62b7b701cda9001d5096bfdbaf91aebf9a2c8e",
				"ip": "109.205.182.173",
				"port": 26656
			},
			"src": {
				"id": "051a07f1018cfdd6c24bebb3094179a6ceda2482",
				"ip": "0.0.0.0",
				"port": 26656
			},
			"buckets": [
				180,
				215,
				188,
				166
			],
			"attempts": 8,
			"bucket_type": 1,
			"last_attempt": "2023-02-10T07:28:32.968385807+01:00",
			"last_success": "0001-01-01T00:00:00Z",
			"last_ban_time": "0001-01-01T00:00:00Z"
		},
		{
			"addr": {
				"id": "5add70ec357311d07d10a730b4ec25107399e83c",
				"ip": "5.196.7.58",
				"port": 26656
			},
			"src": {
				"id": "53f2367d8f8291af8e3b6ca60efded0675ff6314",
				"ip": "34.29.15.170",
				"port": 26656
			},
			"buckets": [
				28
			],
			"attempts": 0,
			"bucket_type": 2,
			"last_attempt": "2023-02-10T14:00:36.908652394+01:00",
			"last_success": "2023-02-10T14:00:36.908652394+01:00",
			"last_ban_time": "0001-01-01T00:00:00Z"
		},
		{
			"addr": {
				"id": "1a3a573c53a4b90ab04eb47d160f4d3d6aa58000",
				"ip": "35.233.117.165",
				"port": 26656
			},
			"src": {
				"id": "53f2367d8f8291af8e3b6ca60efded0675ff6314",
				"ip": "34.29.15.170",
				"port": 26656
			},
			"buckets": [
				29
			],
			"attempts": 0,
			"bucket_type": 2,
			"last_attempt": "2023-02-10T14:12:53.734626678+01:00",
			"last_success": "2023-02-10T14:12:53.734626678+01:00",
			"last_ban_time": "0001-01-01T00:00:00Z"
		},
		{
			"addr": {
				"id": "53f2367d8f8291af8e3b6ca60efded0675ff6314",
				"ip": "34.29.15.170",
				"port": 26656
			},
			"src": {
				"id": "051a07f1018cfdd6c24bebb3094179a6ceda2482",
				"ip": "0.0.0.0",
				"port": 26656
			},
			"buckets": [
				36,
				61,
				143,
				206
			],
			"attempts": 7,
			"bucket_type": 1,
			"last_attempt": "2023-02-10T10:11:33.34155895+01:00",
			"last_success": "0001-01-01T00:00:00Z",
			"last_ban_time": "0001-01-01T00:00:00Z"
		},
		{
			"addr": {
				"id": "fca345d4afe98e953f41cf3770e1792118f5bcb6",
				"ip": "38.141.51.34",
				"port": 26656
			},
			"src": {
				"id": "051a07f1018cfdd6c24bebb3094179a6ceda2482",
				"ip": "0.0.0.0",
				"port": 26656
			},
			"buckets": [
				131,
				212,
				185,
				218
			],
			"attempts": 3,
			"bucket_type": 1,
			"last_attempt": "2023-02-10T07:28:02.970763082+01:00",
			"last_success": "0001-01-01T00:00:00Z",
			"last_ban_time": "0001-01-01T00:00:00Z"
		},
		{
			"addr": {
				"id": "b46f4776b21eeca202840af7f6599ac77be6e2ea",
				"ip": "38.141.51.34",
				"port": 26656
			},
			"src": {
				"id": "051a07f1018cfdd6c24bebb3094179a6ceda2482",
				"ip": "0.0.0.0",
				"port": 26656
			},
			"buckets": [
				131,
				245,
				212,
				93
			],
			"attempts": 5,
			"bucket_type": 1,
			"last_attempt": "2023-02-09T19:25:27.254569678+01:00",
			"last_success": "0001-01-01T00:00:00Z",
			"last_ban_time": "0001-01-01T00:00:00Z"
		},
		{
			"addr": {
				"id": "051a07f1018cfdd6c24bebb3094179a6ceda2482",
				"ip": "138.201.123.234",
				"port": 26656
			},
			"src": {
				"id": "53f2367d8f8291af8e3b6ca60efded0675ff6314",
				"ip": "34.29.15.170",
				"port": 26656
			},
			"buckets": [
				31
			],
			"attempts": 0,
			"bucket_type": 2,
			"last_attempt": "2023-02-10T14:06:25.253654456+01:00",
			"last_success": "2023-02-10T14:06:25.253654456+01:00",
			"last_ban_time": "0001-01-01T00:00:00Z"
		},
		{
			"addr": {
				"id": "b2978432c0126f28a6be7d62892f8ded1e48d227",
				"ip": "34.70.241.13",
				"port": 26656
			},
			"src": {
				"id": "53f2367d8f8291af8e3b6ca60efded0675ff6314",
				"ip": "34.29.15.170",
				"port": 26656
			},
			"buckets": [
				18
			],
			"attempts": 0,
			"bucket_type": 2,
			"last_attempt": "2023-02-10T13:32:47.679387414+01:00",
			"last_success": "2023-02-10T13:32:47.679387414+01:00",
			"last_ban_time": "0001-01-01T00:00:00Z"
		},
		{
			"addr": {
				"id": "80524fecdd726fffe997680a2e9cbff5dc0c659c",
				"ip": "34.29.15.170",
				"port": 26656
			},
			"src": {
				"id": "051a07f1018cfdd6c24bebb3094179a6ceda2482",
				"ip": "0.0.0.0",
				"port": 26656
			},
			"buckets": [
				36,
				103,
				124,
				86
			],
			"attempts": 16,
			"bucket_type": 1,
			"last_attempt": "2023-02-10T10:11:33.471063823+01:00",
			"last_success": "0001-01-01T00:00:00Z",
			"last_ban_time": "0001-01-01T00:00:00Z"
		},
		{
			"addr": {
				"id": "909fcdb59fac8e23bf8b0c40112a6533dc4bb639",
				"ip": "20.83.164.219",
				"port": 26656
			},
			"src": {
				"id": "53f2367d8f8291af8e3b6ca60efded0675ff6314",
				"ip": "34.29.15.170",
				"port": 26656
			},
			"buckets": [
				216,
				193,
				175,
				158
			],
			"attempts": 16,
			"bucket_type": 1,
			"last_attempt": "2023-02-10T07:27:32.968626119+01:00",
			"last_success": "0001-01-01T00:00:00Z",
			"last_ban_time": "0001-01-01T00:00:00Z"
		},
		{
			"addr": {
				"id": "69d7028b7b3c40f64ea43208ecdd43e88c797fd6",
				"ip": "34.69.126.231",
				"port": 26656
			},
			"src": {
				"id": "53f2367d8f8291af8e3b6ca60efded0675ff6314",
				"ip": "34.29.15.170",
				"port": 26656
			},
			"buckets": [
				13
			],
			"attempts": 0,
			"bucket_type": 2,
			"last_attempt": "2023-02-10T13:09:35.31990118+01:00",
			"last_success": "2023-02-10T13:09:35.31990118+01:00",
			"last_ban_time": "0001-01-01T00:00:00Z"
		},
		{
			"addr": {
				"id": "a5477299822dca76d70924da510b2a525a5c6d8b",
				"ip": "34.173.227.148",
				"port": 26656
			},
			"src": {
				"id": "53f2367d8f8291af8e3b6ca60efded0675ff6314",
				"ip": "34.29.15.170",
				"port": 26656
			},
			"buckets": [
				136,
				70,
				98,
				195
			],
			"attempts": 7,
			"bucket_type": 1,
			"last_attempt": "2023-02-10T10:11:32.720443446+01:00",
			"last_success": "0001-01-01T00:00:00Z",
			"last_ban_time": "0001-01-01T00:00:00Z"
		},
		{
			"addr": {
				"id": "95b09f511d101515612f7c0c6e1f2af1b8bf28eb",
				"ip": "34.70.18.177",
				"port": 26656
			},
			"src": {
				"id": "1a3a573c53a4b90ab04eb47d160f4d3d6aa58000",
				"ip": "35.233.117.165",
				"port": 26656
			},
			"buckets": [
				34,
				141,
				70,
				45
			],
			"attempts": 6,
			"bucket_type": 1,
			"last_attempt": "2023-02-10T10:11:02.9684856+01:00",
			"last_success": "0001-01-01T00:00:00Z",
			"last_ban_time": "0001-01-01T00:00:00Z"
		},
		{
			"addr": {
				"id": "64391878009b8804d90fda13805e45041f492155",
				"ip": "35.232.157.206",
				"port": 26656
			},
			"src": {
				"id": "53f2367d8f8291af8e3b6ca60efded0675ff6314",
				"ip": "34.29.15.170",
				"port": 26656
			},
			"buckets": [
				146,
				71,
				61,
				232
			],
			"attempts": 2,
			"bucket_type": 1,
			"last_attempt": "2023-02-09T18:03:27.125455946+01:00",
			"last_success": "0001-01-01T00:00:00Z",
			"last_ban_time": "0001-01-01T00:00:00Z"
		}
	]
}
