{
	"key": "c7a04ced1eb37c0cbaa3ff70",
	"addrs": [
		{
			"addr": {
				"id": "634e438d68e8600dea9484f45f3bfea3c0c72c61",
				"ip": "144.76.176.154",
				"port": 11356
			},
			"src": {
				"id": "5bdd466184f4a4f16c8af5e493e89d048db62608",
				"ip": "0.0.0.0",
				"port": 26656
			},
			"buckets": [
				63
			],
			"attempts": 0,
			"bucket_type": 2,
			"last_attempt": "2024-02-20T20:55:06.880714611Z",
			"last_success": "2024-02-20T20:55:06.880714611Z",
			"last_ban_time": "0001-01-01T00:00:00Z"
		},
		{
			"addr": {
				"id": "59352aeeff0abb35fd8866ba6c6bc7532fb9e967",
				"ip": "37.27.61.43",
				"port": 12556
			},
			"src": {
				"id": "821c159b59065a8653fc9ef9c28f25d558793980",
				"ip": "188.40.66.173",
				"port": 26356
			},
			"buckets": [
				151,
				9,
				131,
				40
			],
			"attempts": 0,
			"bucket_type": 1,
			"last_attempt": "2024-02-20T01:01:27.098568262Z",
			"last_success": "0001-01-01T00:00:00Z",
			"last_ban_time": "0001-01-01T00:00:00Z"
		},
		{
			"addr": {
				"id": "6bbe0597f1cf78117fc872974d0a3c07885c21a4",
				"ip": "143.244.188.164",
				"port": 50656
			},
			"src": {
				"id": "821c159b59065a8653fc9ef9c28f25d558793980",
				"ip": "188.40.66.173",
				"port": 26356
			},
			"buckets": [
				241,
				204,
				193
			],
			"attempts": 0,
			"bucket_type": 1,
			"last_attempt": "2024-02-21T01:52:18.161125074Z",
			"last_success": "0001-01-01T00:00:00Z",
			"last_ban_time": "0001-01-01T00:00:00Z"
		},
		{
			"addr": {
				"id": "0677147b29e230036b1f4cf345e41b2e4f8b9a53",
				"ip": "95.217.148.179",
				"port": 26656
			},
			"src": {
				"id": "b32942a7382aa2433d5d3b068c9b5ce9cb94e358",
				"ip": "0.0.0.0",
				"port": 11356
			},
			"buckets": [
				54
			],
			"attempts": 1,
			"bucket_type": 2,
			"last_attempt": "2024-02-20T01:01:29.527628923Z",
			"last_success": "2024-02-19T13:16:24.641246469Z",
			"last_ban_time": "0001-01-01T00:00:00Z"
		},
		{
			"addr": {
				"id": "f89e7a26541af83d3975c83d74a42589617b0971",
				"ip": "128.199.185.151",
				"port": 26656
			},
			"src": {
				"id": "74a4bfb27961536a99146b372a9f97e55716f946",
				"ip": "0.0.0.0",
				"port": 36656
			},
			"buckets": [
				221,
				84
			],
			"attempts": 0,
			"bucket_type": 1,
			"last_attempt": "2024-02-21T01:40:00.833228927Z",
			"last_success": "0001-01-01T00:00:00Z",
			"last_ban_time": "0001-01-01T00:00:00Z"
		},
		{
			"addr": {
				"id": "0b87896b3329030231b8e9baeb9c751c80ed843d",
				"ip": "88.198.52.89",
				"port": 11356
			},
			"src": {
				"id": "5bdd466184f4a4f16c8af5e493e89d048db62608",
				"ip": "0.0.0.0",
				"port": 26656
			},
			"buckets": [
				44
			],
			"attempts": 0,
			"bucket_type": 2,
			"last_attempt": "2024-02-20T22:36:55.787865253Z",
			"last_success": "2024-02-20T22:36:55.787865253Z",
			"last_ban_time": "0001-01-01T00:00:00Z"
		},
		{
			"addr": {
				"id": "85a16af0aa674b9d1c17c3f2f3a83f28f468174d",
				"ip": "167.235.242.236",
				"port": 26656
			},
			"src": {
				"id": "09ea56a225a4c3e525ae4cfc1311157dbcbe33c9",
				"ip": "141.95.65.26",
				"port": 24966
			},
			"buckets": [
				15
			],
			"attempts": 0,
			"bucket_type": 2,
			"last_attempt": "2024-02-20T23:27:24.794868111Z",
			"last_success": "2024-02-20T23:27:24.794868111Z",
			"last_ban_time": "0001-01-01T00:00:00Z"
		},
		{
			"addr": {
				"id": "25101be6dbaae1201fff5ebd213afb1dfc675d90",
				"ip": "37.60.239.244",
				"port": 26656
			},
			"src": {
				"id": "b32942a7382aa2433d5d3b068c9b5ce9cb94e358",
				"ip": "0.0.0.0",
				"port": 11356
			},
			"buckets": [
				37,
				217,
				225,
				155
			],
			"attempts": 0,
			"bucket_type": 1,
			"last_attempt": "2024-02-19T13:55:54.814608217Z",
			"last_success": "0001-01-01T00:00:00Z",
			"last_ban_time": "0001-01-01T00:00:00Z"
		},
		{
			"addr": {
				"id": "86145a563c0178349247d3e239b85d57d99e1993",
				"ip": "65.108.41.177",
				"port": 34656
			},
			"src": {
				"id": "e35994b6b240721f890f25b09b86a94ad39c79f2",
				"ip": "0.0.0.0",
				"port": 26656
			},
			"buckets": [
				203,
				205,
				139,
				156
			],
			"attempts": 0,
			"bucket_type": 1,
			"last_attempt": "2024-02-19T13:55:54.754484496Z",
			"last_success": "0001-01-01T00:00:00Z",
			"last_ban_time": "0001-01-01T00:00:00Z"
		},
		{
			"addr": {
				"id": "00e0d0a39d56bb945de4d4179ae0bd49679cac65",
				"ip": "65.108.206.118",
				"port": 46656
			},
			"src": {
				"id": "e35994b6b240721f890f25b09b86a94ad39c79f2",
				"ip": "0.0.0.0",
				"port": 26656
			},
			"buckets": [
				203,
				66,
				205,
				25
			],
			"attempts": 0,
			"bucket_type": 1,
			"last_attempt": "2024-02-19T13:55:54.754506314Z",
			"last_success": "0001-01-01T00:00:00Z",
			"last_ban_time": "0001-01-01T00:00:00Z"
		},
		{
			"addr": {
				"id": "55208d64d729dfe06a1051e9de8e42911a2e95e7",
				"ip": "65.109.122.105",
				"port": 61759
			},
			"src": {
				"id": "e35994b6b240721f890f25b09b86a94ad39c79f2",
				"ip": "0.0.0.0",
				"port": 26656
			},
			"buckets": [
				23,
				232,
				129,
				167
			],
			"attempts": 0,
			"bucket_type": 1,
			"last_attempt": "2024-02-19T07:10:00.796044142Z",
			"last_success": "0001-01-01T00:00:00Z",
			"last_ban_time": "0001-01-01T00:00:00Z"
		},
		{
			"addr": {
				"id": "0504cb9a19b85e369a8eff556165f9cfbb0fa513",
				"ip": "202.60.105.146",
				"port": 26656
			},
			"src": {
				"id": "0c9d9104c2e887b6cefb6d3f00a85e634a717f71",
				"ip": "51.195.188.49",
				"port": 36656
			},
			"buckets": [
				152,
				74,
				193
			],
			"attempts": 0,
			"bucket_type": 1,
			"last_attempt": "2024-02-21T01:01:30.162290381Z",
			"last_success": "0001-01-01T00:00:00Z",
			"last_ban_time": "0001-01-01T00:00:00Z"
		},
		{
			"addr": {
				"id": "14309b84a65f126865188021cf2d362b9e23d65d",
				"ip": "78.46.103.246",
				"port": 26656
			},
			"src": {
				"id": "2eba9c8e6fb9d56bbdd10d007a598541c37f6493",
				"ip": "0.0.0.0",
				"port": 26656
			},
			"buckets": [
				3
			],
			"attempts": 2,
			"bucket_type": 2,
			"last_attempt": "2024-02-21T07:10:22.753097846Z",
			"last_success": "2024-02-20T22:50:22.221776613Z",
			"last_ban_time": "0001-01-01T00:00:00Z"
		},
		{
			"addr": {
				"id": "3db3699c28cd12f310d49d15304a774526dcd826",
				"ip": "159.69.72.247",
				"port": 11356
			},
			"src": {
				"id": "5bdd466184f4a4f16c8af5e493e89d048db62608",
				"ip": "0.0.0.0",
				"port": 26656
			},
			"buckets": [
				15
			],
			"attempts": 0,
			"bucket_type": 2,
			"last_attempt": "2024-02-20T23:42:11.717299004Z",
			"last_success": "2024-02-20T23:42:11.717299004Z",
			"last_ban_time": "0001-01-01T00:00:00Z"
		},
		{
			"addr": {
				"id": "5e0b5f26e4c069fbcaac1ae4b22aba151e463a52",
				"ip": "65.108.79.241",
				"port": 60856
			},
			"src": {
				"id": "e35994b6b240721f890f25b09b86a94ad39c79f2",
				"ip": "0.0.0.0",
				"port": 26656
			},
			"buckets": [
				231,
				24,
				64,
				203
			],
			"attempts": 0,
			"bucket_type": 1,
			"last_attempt": "2024-02-19T07:10:00.796053991Z",
			"last_success": "0001-01-01T00:00:00Z",
			"last_ban_time": "0001-01-01T00:00:00Z"
		},
		{
			"addr": {
				"id": "2dcd0560317b8d271ddb1804e098d25941398344",
				"ip": "144.76.138.156",
				"port": 11356
			},
			"src": {
				"id": "09ea56a225a4c3e525ae4cfc1311157dbcbe33c9",
				"ip": "141.95.65.26",
				"port": 24966
			},
			"buckets": [
				229,
				232,
				18,
				138
			],
			"attempts": 0,
			"bucket_type": 1,
			"last_attempt": "2024-02-20T01:56:54.438568315Z",
			"last_success": "0001-01-01T00:00:00Z",
			"last_ban_time": "0001-01-01T00:00:00Z"
		},
		{
			"addr": {
				"id": "821c159b59065a8653fc9ef9c28f25d558793980",
				"ip": "188.40.66.173",
				"port": 26356
			},
			"src": {
				"id": "5bdd466184f4a4f16c8af5e493e89d048db62608",
				"ip": "0.0.0.0",
				"port": 26656
			},
			"buckets": [
				29
			],
			"attempts": 0,
			"bucket_type": 2,
			"last_attempt": "2024-02-21T00:48:48.778799697Z",
			"last_success": "2024-02-21T00:48:48.778799697Z",
			"last_ban_time": "0001-01-01T00:00:00Z"
		},
		{
			"addr": {
				"id": "c3066f3c8d0da61dc020a10a48af3ce4141a0885",
				"ip": "65.21.239.41",
				"port": 36656
			},
			"src": {
				"id": "91b6c3d622e28752c428091ca47eb463b63d14de",
				"ip": "0.0.0.0",
				"port": 11356
			},
			"buckets": [
				202,
				122,
				193
			],
			"attempts": 0,
			"bucket_type": 1,
			"last_attempt": "2024-02-21T06:42:49.725726766Z",
			"last_success": "0001-01-01T00:00:00Z",
			"last_ban_time": "0001-01-01T00:00:00Z"
		},
		{
			"addr": {
				"id": "87475000ca8e20a1118cd9f30ba2b874d88baca3",
				"ip": "65.108.143.210",
				"port": 45656
			},
			"src": {
				"id": "31e96450456e4ac56f5ee2a4ee498f7dfd18d23a",
				"ip": "0.0.0.0",
				"port": 36656
			},
			"buckets": [
				53,
				134,
				114,
				6
			],
			"attempts": 0,
			"bucket_type": 1,
			"last_attempt": "2024-02-20T01:56:57.409813203Z",
			"last_success": "0001-01-01T00:00:00Z",
			"last_ban_time": "0001-01-01T00:00:00Z"
		},
		{
			"addr": {
				"id": "f410dde64bd676e18e3fec635f5ef6437dd02218",
				"ip": "65.21.96.69",
				"port": 26856
			},
			"src": {
				"id": "e35994b6b240721f890f25b09b86a94ad39c79f2",
				"ip": "0.0.0.0",
				"port": 26656
			},
			"buckets": [
				4,
				69,
				10,
				125
			],
			"attempts": 0,
			"bucket_type": 1,
			"last_attempt": "2024-02-19T07:10:00.796038717Z",
			"last_success": "0001-01-01T00:00:00Z",
			"last_ban_time": "0001-01-01T00:00:00Z"
		},
		{
			"addr": {
				"id": "980140dc2a7d33064b458f8411b75e69d7c335f7",
				"ip": "5.189.177.74",
				"port": 26656
			},
			"src": {
				"id": "b32942a7382aa2433d5d3b068c9b5ce9cb94e358",
				"ip": "0.0.0.0",
				"port": 11356
			},
			"buckets": [
				124,
				220,
				53,
				51
			],
			"attempts": 0,
			"bucket_type": 1,
			"last_attempt": "2024-02-19T17:58:35.663571366Z",
			"last_success": "0001-01-01T00:00:00Z",
			"last_ban_time": "0001-01-01T00:00:00Z"
		},
		{
			"addr": {
				"id": "e9d50c5af9ea9e14b11bae091b75f3e3bbc25de7",
				"ip": "65.109.124.51",
				"port": 11356
			},
			"src": {
				"id": "e35994b6b240721f890f25b09b86a94ad39c79f2",
				"ip": "0.0.0.0",
				"port": 26656
			},
			"buckets": [
				23,
				143,
				129,
				187
			],
			"attempts": 0,
			"bucket_type": 1,
			"last_attempt": "2024-02-19T07:10:00.795965032Z",
			"last_success": "0001-01-01T00:00:00Z",
			"last_ban_time": "0001-01-01T00:00:00Z"
		},
		{
			"addr": {
				"id": "1d201fcbc8099597f3c327261b688117f1a2e078",
				"ip": "65.108.234.158",
				"port": 22656
			},
			"src": {
				"id": "634e438d68e8600dea9484f45f3bfea3c0c72c61",
				"ip": "0.0.0.0",
				"port": 11356
			},
			"buckets": [
				203,
				66,
				25,
				53
			],
			"attempts": 0,
			"bucket_type": 1,
			"last_attempt": "2024-02-19T17:58:34.445652655Z",
			"last_success": "0001-01-01T00:00:00Z",
			"last_ban_time": "0001-01-01T00:00:00Z"
		},
		{
			"addr": {
				"id": "a5e157bd92f682898b6d2b28c614befef42a84f8",
				"ip": "116.102.83.250",
				"port": 26656
			},
			"src": {
				"id": "0c9d9104c2e887b6cefb6d3f00a85e634a717f71",
				"ip": "51.195.188.49",
				"port": 36656
			},
			"buckets": [
				233,
				234
			],
			"attempts": 0,
			"bucket_type": 1,
			"last_attempt": "2024-02-21T06:42:49.751128295Z",
			"last_success": "0001-01-01T00:00:00Z",
			"last_ban_time": "0001-01-01T00:00:00Z"
		},
		{
			"addr": {
				"id": "5b21074ff383280912042e610c41c33526a0a616",
				"ip": "185.119.116.238",
				"port": 26656
			},
			"src": {
				"id": "b32942a7382aa2433d5d3b068c9b5ce9cb94e358",
				"ip": "0.0.0.0",
				"port": 11356
			},
			"buckets": [
				17
			],
			"attempts": 0,
			"bucket_type": 2,
			"last_attempt": "2024-02-20T22:30:17.239845377Z",
			"last_success": "2024-02-20T22:30:17.239845377Z",
			"last_ban_time": "0001-01-01T00:00:00Z"
		},
		{
			"addr": {
				"id": "983fd3bedfbf8c10d795d0e9308cf2175c1c9d05",
				"ip": "65.21.95.15",
				"port": 26656
			},
			"src": {
				"id": "09ea56a225a4c3e525ae4cfc1311157dbcbe33c9",
				"ip": "141.95.65.26",
				"port": 24966
			},
			"buckets": [
				227,
				125,
				99,
				104
			],
			"attempts": 1,
			"bucket_type": 1,
			"last_attempt": "2024-02-20T01:01:26.650144656Z",
			"last_success": "0001-01-01T00:00:00Z",
			"last_ban_time": "0001-01-01T00:00:00Z"
		},
		{
			"addr": {
				"id": "3bb8c0cb378e2aa954f057eff0f7ce78a23d7b29",
				"ip": "65.108.199.62",
				"port": 11356
			},
			"src": {
				"id": "821c159b59065a8653fc9ef9c28f25d558793980",
				"ip": "188.40.66.173",
				"port": 26356
			},
			"buckets": [
				14,
				156,
				6
			],
			"attempts": 0,
			"bucket_type": 1,
			"last_attempt": "2024-02-20T08:00:17.609226025Z",
			"last_success": "0001-01-01T00:00:00Z",
			"last_ban_time": "0001-01-01T00:00:00Z"
		},
		{
			"addr": {
				"id": "f7ef8ee888ef690bafdff0848726bef7a072a481",
				"ip": "51.195.61.9",
				"port": 26356
			},
			"src": {
				"id": "3db3699c28cd12f310d49d15304a774526dcd826",
				"ip": "0.0.0.0",
				"port": 11356
			},
			"buckets": [
				154,
				187,
				112,
				94
			],
			"attempts": 0,
			"bucket_type": 1,
			"last_attempt": "2024-02-19T07:10:00.829626976Z",
			"last_success": "0001-01-01T00:00:00Z",
			"last_ban_time": "0001-01-01T00:00:00Z"
		},
		{
			"addr": {
				"id": "956c75bf079bb2027ad42d4db8006e3f90b499e4",
				"ip": "65.109.117.113",
				"port": 28056
			},
			"src": {
				"id": "e35994b6b240721f890f25b09b86a94ad39c79f2",
				"ip": "0.0.0.0",
				"port": 26656
			},
			"buckets": [
				23,
				129,
				187,
				167
			],
			"attempts": 0,
			"bucket_type": 1,
			"last_attempt": "2024-02-19T07:10:00.795936299Z",
			"last_success": "0001-01-01T00:00:00Z",
			"last_ban_time": "0001-01-01T00:00:00Z"
		},
		{
			"addr": {
				"id": "09ea56a225a4c3e525ae4cfc1311157dbcbe33c9",
				"ip": "141.95.65.26",
				"port": 24966
			},
			"src": {
				"id": "e35994b6b240721f890f25b09b86a94ad39c79f2",
				"ip": "0.0.0.0",
				"port": 26656
			},
			"buckets": [
				16
			],
			"attempts": 0,
			"bucket_type": 2,
			"last_attempt": "2024-02-21T00:00:15.315475455Z",
			"last_success": "2024-02-21T00:00:15.315475455Z",
			"last_ban_time": "0001-01-01T00:00:00Z"
		},
		{
			"addr": {
				"id": "f37b7cb4f138670c98eca1555ae7b84d9e638dbb",
				"ip": "86.48.3.66",
				"port": 12556
			},
			"src": {
				"id": "9c14080752bdfa33f4624f83cd155e2d3976e303",
				"ip": "65.108.231.124",
				"port": 45656
			},
			"buckets": [
				70,
				212,
				121,
				58
			],
			"attempts": 0,
			"bucket_type": 1,
			"last_attempt": "2024-02-21T01:01:30.197324342Z",
			"last_success": "0001-01-01T00:00:00Z",
			"last_ban_time": "0001-01-01T00:00:00Z"
		},
		{
			"addr": {
				"id": "f33a51b02576d961cf02f3eeb24b0295c4560854",
				"ip": "65.21.202.101",
				"port": 36656
			},
			"src": {
				"id": "0b87896b3329030231b8e9baeb9c751c80ed843d",
				"ip": "0.0.0.0",
				"port": 11356
			},
			"buckets": [
				202,
				115,
				193
			],
			"attempts": 0,
			"bucket_type": 1,
			"last_attempt": "2024-02-21T06:42:49.723253488Z",
			"last_success": "0001-01-01T00:00:00Z",
			"last_ban_time": "0001-01-01T00:00:00Z"
		},
		{
			"addr": {
				"id": "c5fadfafd37dcd0de83e263e42ce6cd8aa6c6912",
				"ip": "70.54.152.124",
				"port": 45656
			},
			"src": {
				"id": "0677147b29e230036b1f4cf345e41b2e4f8b9a53",
				"ip": "0.0.0.0",
				"port": 26656
			},
			"buckets": [
				183,
				146
			],
			"attempts": 0,
			"bucket_type": 1,
			"last_attempt": "2024-02-21T06:42:49.627403493Z",
			"last_success": "0001-01-01T00:00:00Z",
			"last_ban_time": "0001-01-01T00:00:00Z"
		},
		{
			"addr": {
				"id": "53bc92e2900d831d5e1a9b99b53d4c96e76ac14d",
				"ip": "167.235.178.134",
				"port": 26356
			},
			"src": {
				"id": "e35994b6b240721f890f25b09b86a94ad39c79f2",
				"ip": "0.0.0.0",
				"port": 26656
			},
			"buckets": [
				23
			],
			"attempts": 0,
			"bucket_type": 2,
			"last_attempt": "2024-02-21T00:19:54.783567315Z",
			"last_success": "2024-02-21T00:19:54.783567315Z",
			"last_ban_time": "0001-01-01T00:00:00Z"
		},
		{
			"addr": {
				"id": "bffc0ddd261240edbf14adee105a29665db8ceee",
				"ip": "37.27.41.69",
				"port": 26656
			},
			"src": {
				"id": "53bc92e2900d831d5e1a9b99b53d4c96e76ac14d",
				"ip": "167.235.178.134",
				"port": 26356
			},
			"buckets": [
				188,
				121,
				40
			],
			"attempts": 0,
			"bucket_type": 1,
			"last_attempt": "2024-02-21T01:01:30.202267524Z",
			"last_success": "0001-01-01T00:00:00Z",
			"last_ban_time": "0001-01-01T00:00:00Z"
		},
		{
			"addr": {
				"id": "4c68a092c18d769b2b4f6df9008d71cf9196725f",
				"ip": "178.18.254.5",
				"port": 45656
			},
			"src": {
				"id": "2eba9c8e6fb9d56bbdd10d007a598541c37f6493",
				"ip": "0.0.0.0",
				"port": 26656
			},
			"buckets": [
				149,
				9,
				188,
				63
			],
			"attempts": 0,
			"bucket_type": 1,
			"last_attempt": "2024-02-20T01:01:27.510632024Z",
			"last_success": "0001-01-01T00:00:00Z",
			"last_ban_time": "0001-01-01T00:00:00Z"
		},
		{
			"addr": {
				"id": "6fc4445270f993e18e6e7b0e428119c9cd1d5903",
				"ip": "103.89.85.23",
				"port": 26656
			},
			"src": {
				"id": "821c159b59065a8653fc9ef9c28f25d558793980",
				"ip": "188.40.66.173",
				"port": 26356
			},
			"buckets": [
				148,
				120,
				164,
				7
			],
			"attempts": 0,
			"bucket_type": 1,
			"last_attempt": "2024-02-21T01:01:30.251183762Z",
			"last_success": "0001-01-01T00:00:00Z",
			"last_ban_time": "0001-01-01T00:00:00Z"
		},
		{
			"addr": {
				"id": "0c105bcc9d4d5310e4b28b9a3e4a6228762adbf4",
				"ip": "65.109.23.237",
				"port": 32656
			},
			"src": {
				"id": "821c159b59065a8653fc9ef9c28f25d558793980",
				"ip": "188.40.66.173",
				"port": 26356
			},
			"buckets": [
				74,
				69,
				107,
				80
			],
			"attempts": 0,
			"bucket_type": 1,
			"last_attempt": "2024-02-19T20:00:20.53948983Z",
			"last_success": "0001-01-01T00:00:00Z",
			"last_ban_time": "0001-01-01T00:00:00Z"
		},
		{
			"addr": {
				"id": "ada6452d2e59a4c6c89cc2fec6906798a0a53122",
				"ip": "89.40.1.150",
				"port": 26656
			},
			"src": {
				"id": "09ea56a225a4c3e525ae4cfc1311157dbcbe33c9",
				"ip": "141.95.65.26",
				"port": 24966
			},
			"buckets": [
				135,
				193,
				188,
				136
			],
			"attempts": 0,
			"bucket_type": 1,
			"last_attempt": "2024-02-21T01:01:30.251841193Z",
			"last_success": "0001-01-01T00:00:00Z",
			"last_ban_time": "0001-01-01T00:00:00Z"
		},
		{
			"addr": {
				"id": "f80883961649fb5c5d74e4a489547c3f37669ef0",
				"ip": "65.108.66.174",
				"port": 50656
			},
			"src": {
				"id": "e35994b6b240721f890f25b09b86a94ad39c79f2",
				"ip": "0.0.0.0",
				"port": 26656
			},
			"buckets": [
				231,
				213,
				24,
				203
			],
			"attempts": 0,
			"bucket_type": 1,
			"last_attempt": "2024-02-19T07:10:00.796026402Z",
			"last_success": "0001-01-01T00:00:00Z",
			"last_ban_time": "0001-01-01T00:00:00Z"
		},
		{
			"addr": {
				"id": "5953ee40ff6fede8539994b46ede4435769da3a2",
				"ip": "176.223.140.32",
				"port": 26656
			},
			"src": {
				"id": "821c159b59065a8653fc9ef9c28f25d558793980",
				"ip": "188.40.66.173",
				"port": 26356
			},
			"buckets": [
				10,
				6,
				36,
				131
			],
			"attempts": 0,
			"bucket_type": 1,
			"last_attempt": "2024-02-20T01:56:57.139744075Z",
			"last_success": "0001-01-01T00:00:00Z",
			"last_ban_time": "0001-01-01T00:00:00Z"
		},
		{
			"addr": {
				"id": "0cfebd2960f6eddc1219be8ae0ae26e74fbb5ac6",
				"ip": "51.79.82.227",
				"port": 2656
			},
			"src": {
				"id": "821c159b59065a8653fc9ef9c28f25d558793980",
				"ip": "188.40.66.173",
				"port": 26356
			},
			"buckets": [
				46,
				179,
				215,
				126
			],
			"attempts": 0,
			"bucket_type": 1,
			"last_attempt": "2024-02-20T01:01:27.098556989Z",
			"last_success": "0001-01-01T00:00:00Z",
			"last_ban_time": "0001-01-01T00:00:00Z"
		},
		{
			"addr": {
				"id": "c82ef4e41623a70fd9bf0517606de36458227be5",
				"ip": "78.46.79.238",
				"port": 11356
			},
			"src": {
				"id": "0677147b29e230036b1f4cf345e41b2e4f8b9a53",
				"ip": "0.0.0.0",
				"port": 26656
			},
			"buckets": [
				136,
				141,
				126
			],
			"attempts": 0,
			"bucket_type": 1,
			"last_attempt": "2024-02-21T06:42:49.627395713Z",
			"last_success": "0001-01-01T00:00:00Z",
			"last_ban_time": "0001-01-01T00:00:00Z"
		},
		{
			"addr": {
				"id": "853a3855384335a6d1155310d7e0d2142bda84a3",
				"ip": "167.86.95.127",
				"port": 48656
			},
			"src": {
				"id": "6b9a708fe8b336c6e01c83b470161b9d1d7f1a97",
				"ip": "0.0.0.0",
				"port": 28656
			},
			"buckets": [
				22
			],
			"attempts": 0,
			"bucket_type": 1,
			"last_attempt": "2024-02-21T07:10:22.943251585Z",
			"last_success": "0001-01-01T00:00:00Z",
			"last_ban_time": "0001-01-01T00:00:00Z"
		},
		{
			"addr": {
				"id": "3e3c20f6881e8301b318d100d6cc37ac2cfcfa04",
				"ip": "37.27.27.203",
				"port": 26656
			},
			"src": {
				"id": "53bc92e2900d831d5e1a9b99b53d4c96e76ac14d",
				"ip": "167.235.178.134",
				"port": 26356
			},
			"buckets": [
				188,
				121,
				241
			],
			"attempts": 0,
			"bucket_type": 1,
			"last_attempt": "2024-02-21T01:01:30.202298003Z",
			"last_success": "0001-01-01T00:00:00Z",
			"last_ban_time": "0001-01-01T00:00:00Z"
		},
		{
			"addr": {
				"id": "0c01d502892a9b1c7dcb6aee71a66d74d555efa2",
				"ip": "149.102.132.207",
				"port": 45656
			},
			"src": {
				"id": "09ea56a225a4c3e525ae4cfc1311157dbcbe33c9",
				"ip": "141.95.65.26",
				"port": 24966
			},
			"buckets": [
				160,
				26,
				125,
				6
			],
			"attempts": 0,
			"bucket_type": 1,
			"last_attempt": "2024-02-20T01:56:54.438602804Z",
			"last_success": "0001-01-01T00:00:00Z",
			"last_ban_time": "0001-01-01T00:00:00Z"
		},
		{
			"addr": {
				"id": "773b65084c9294275497cd31828e787069c76da3",
				"ip": "65.108.46.100",
				"port": 51656
			},
			"src": {
				"id": "3db3699c28cd12f310d49d15304a774526dcd826",
				"ip": "0.0.0.0",
				"port": 11356
			},
			"buckets": [
				231,
				128,
				156,
				24
			],
			"attempts": 0,
			"bucket_type": 1,
			"last_attempt": "2024-02-19T07:10:00.829665201Z",
			"last_success": "0001-01-01T00:00:00Z",
			"last_ban_time": "0001-01-01T00:00:00Z"
		},
		{
			"addr": {
				"id": "5bdd466184f4a4f16c8af5e493e89d048db62608",
				"ip": "3.141.19.7",
				"port": 26656
			},
			"src": {
				"id": "0c9d9104c2e887b6cefb6d3f00a85e634a717f71",
				"ip": "51.195.188.49",
				"port": 36656
			},
			"buckets": [
				64,
				138,
				114
			],
			"attempts": 0,
			"bucket_type": 1,
			"last_attempt": "2024-02-21T01:01:30.162746064Z",
			"last_success": "0001-01-01T00:00:00Z",
			"last_ban_time": "0001-01-01T00:00:00Z"
		},
		{
			"addr": {
				"id": "f94ca93ef9beae3728d8d009eb30a08d2770b387",
				"ip": "62.171.153.92",
				"port": 26656
			},
			"src": {
				"id": "53bc92e2900d831d5e1a9b99b53d4c96e76ac14d",
				"ip": "167.235.178.134",
				"port": 26356
			},
			"buckets": [
				125,
				75,
				232
			],
			"attempts": 0,
			"bucket_type": 1,
			"last_attempt": "2024-02-21T01:01:30.202228225Z",
			"last_success": "0001-01-01T00:00:00Z",
			"last_ban_time": "0001-01-01T00:00:00Z"
		},
		{
			"addr": {
				"id": "074cf595831d61ff7af95bcb3ecaea971dd02644",
				"ip": "91.144.171.205",
				"port": 29656
			},
			"src": {
				"id": "09ea56a225a4c3e525ae4cfc1311157dbcbe33c9",
				"ip": "141.95.65.26",
				"port": 24966
			},
			"buckets": [
				0,
				17,
				70,
				92
			],
			"attempts": 0,
			"bucket_type": 1,
			"last_attempt": "2024-02-20T01:01:27.040470438Z",
			"last_success": "0001-01-01T00:00:00Z",
			"last_ban_time": "0001-01-01T00:00:00Z"
		},
		{
			"addr": {
				"id": "01e2004c3cb15979ce1ba96123149a295ccb4286",
				"ip": "84.247.133.41",
				"port": 26676
			},
			"src": {
				"id": "91b6c3d622e28752c428091ca47eb463b63d14de",
				"ip": "0.0.0.0",
				"port": 11356
			},
			"buckets": [
				121,
				100
			],
			"attempts": 0,
			"bucket_type": 1,
			"last_attempt": "2024-02-21T06:42:49.725775457Z",
			"last_success": "0001-01-01T00:00:00Z",
			"last_ban_time": "0001-01-01T00:00:00Z"
		},
		{
			"addr": {
				"id": "bbbf623474e377664673bde3256fc35a36ba0df1",
				"ip": "65.109.36.231",
				"port": 45656
			},
			"src": {
				"id": "c7a6173aaf47510efe89d7b6dda23ac5692503d5",
				"ip": "0.0.0.0",
				"port": 36656
			},
			"buckets": [
				167,
				74,
				255,
				139
			],
			"attempts": 0,
			"bucket_type": 1,
			"last_attempt": "2024-02-19T18:00:50.329873972Z",
			"last_success": "0001-01-01T00:00:00Z",
			"last_ban_time": "0001-01-01T00:00:00Z"
		},
		{
			"addr": {
				"id": "e35994b6b240721f890f25b09b86a94ad39c79f2",
				"ip": "38.129.16.55",
				"port": 26656
			},
			"src": {
				"id": "5bdd466184f4a4f16c8af5e493e89d048db62608",
				"ip": "0.0.0.0",
				"port": 26656
			},
			"buckets": [
				28
			],
			"attempts": 0,
			"bucket_type": 2,
			"last_attempt": "2024-02-20T23:09:30.979121663Z",
			"last_success": "2024-02-20T23:09:30.979121663Z",
			"last_ban_time": "0001-01-01T00:00:00Z"
		},
		{
			"addr": {
				"id": "0bf69fa81b336aba0c54007b96df702ceef565e9",
				"ip": "152.228.208.164",
				"port": 26656
			},
			"src": {
				"id": "b32942a7382aa2433d5d3b068c9b5ce9cb94e358",
				"ip": "0.0.0.0",
				"port": 11356
			},
			"buckets": [
				23,
				172,
				29,
				78
			],
			"attempts": 0,
			"bucket_type": 1,
			"last_attempt": "2024-02-19T07:10:00.828998365Z",
			"last_success": "0001-01-01T00:00:00Z",
			"last_ban_time": "0001-01-01T00:00:00Z"
		},
		{
			"addr": {
				"id": "bafec048bc1ba1856091f0bcf038863cad7a29e7",
				"ip": "84.247.133.41",
				"port": 26651
			},
			"src": {
				"id": "b32942a7382aa2433d5d3b068c9b5ce9cb94e358",
				"ip": "0.0.0.0",
				"port": 11356
			},
			"buckets": [
				62,
				134,
				197,
				89
			],
			"attempts": 1,
			"bucket_type": 1,
			"last_attempt": "2024-02-19T07:15:59.131833023Z",
			"last_success": "0001-01-01T00:00:00Z",
			"last_ban_time": "0001-01-01T00:00:00Z"
		},
		{
			"addr": {
				"id": "16cebdbf581b41757e66a8b5123db0248acf2ecc",
				"ip": "207.244.230.15",
				"port": 26656
			},
			"src": {
				"id": "2eba9c8e6fb9d56bbdd10d007a598541c37f6493",
				"ip": "0.0.0.0",
				"port": 26656
			},
			"buckets": [
				2,
				132
			],
			"attempts": 0,
			"bucket_type": 1,
			"last_attempt": "2024-02-21T06:42:52.150585809Z",
			"last_success": "0001-01-01T00:00:00Z",
			"last_ban_time": "0001-01-01T00:00:00Z"
		},
		{
			"addr": {
				"id": "b91ab310c515c992da03d8c348801031eb0f04b6",
				"ip": "161.97.68.200",
				"port": 26656
			},
			"src": {
				"id": "821c159b59065a8653fc9ef9c28f25d558793980",
				"ip": "188.40.66.173",
				"port": 26356
			},
			"buckets": [
				29,
				89,
				34,
				155
			],
			"attempts": 0,
			"bucket_type": 1,
			"last_attempt": "2024-02-20T01:01:27.098542006Z",
			"last_success": "0001-01-01T00:00:00Z",
			"last_ban_time": "0001-01-01T00:00:00Z"
		},
		{
			"addr": {
				"id": "501671d782667890c6614f50c6227577bcb6f3cd",
				"ip": "89.40.0.102",
				"port": 26656
			},
			"src": {
				"id": "821c159b59065a8653fc9ef9c28f25d558793980",
				"ip": "188.40.66.173",
				"port": 26356
			},
			"buckets": [
				140,
				185,
				188,
				136
			],
			"attempts": 0,
			"bucket_type": 1,
			"last_attempt": "2024-02-20T01:01:27.098503877Z",
			"last_success": "0001-01-01T00:00:00Z",
			"last_ban_time": "0001-01-01T00:00:00Z"
		},
		{
			"addr": {
				"id": "b325f4ebf91ca6cab1a69a2d7b939a39cfc5da03",
				"ip": "78.46.76.145",
				"port": 36656
			},
			"src": {
				"id": "0c9d9104c2e887b6cefb6d3f00a85e634a717f71",
				"ip": "51.195.188.49",
				"port": 36656
			},
			"buckets": [
				194,
				136
			],
			"attempts": 0,
			"bucket_type": 1,
			"last_attempt": "2024-02-21T06:42:49.751148066Z",
			"last_success": "0001-01-01T00:00:00Z",
			"last_ban_time": "0001-01-01T00:00:00Z"
		},
		{
			"addr": {
				"id": "9de697df853b46f5dffd38ee7a20b58a792d7b4f",
				"ip": "80.208.224.222",
				"port": 26656
			},
			"src": {
				"id": "9c14080752bdfa33f4624f83cd155e2d3976e303",
				"ip": "65.108.231.124",
				"port": 45656
			},
			"buckets": [
				102,
				177,
				21,
				116
			],
			"attempts": 0,
			"bucket_type": 1,
			"last_attempt": "2024-02-21T01:01:30.19729708Z",
			"last_success": "0001-01-01T00:00:00Z",
			"last_ban_time": "0001-01-01T00:00:00Z"
		},
		{
			"addr": {
				"id": "25c52970aca7fa0e5316139dc914180d7f54c161",
				"ip": "80.209.229.84",
				"port": 26656
			},
			"src": {
				"id": "0c9d9104c2e887b6cefb6d3f00a85e634a717f71",
				"ip": "51.195.188.49",
				"port": 36656
			},
			"buckets": [
				80,
				161
			],
			"attempts": 0,
			"bucket_type": 1,
			"last_attempt": "2024-02-21T01:01:30.162208073Z",
			"last_success": "0001-01-01T00:00:00Z",
			"last_ban_time": "0001-01-01T00:00:00Z"
		},
		{
			"addr": {
				"id": "baefc0687a42073bf57217c204f9bc18af239c0f",
				"ip": "135.181.112.166",
				"port": 11356
			},
			"src": {
				"id": "5bdd466184f4a4f16c8af5e493e89d048db62608",
				"ip": "0.0.0.0",
				"port": 26656
			},
			"buckets": [
				50
			],
			"attempts": 0,
			"bucket_type": 2,
			"last_attempt": "2024-02-20T21:58:32.211643008Z",
			"last_success": "2024-02-20T21:58:32.211643008Z",
			"last_ban_time": "0001-01-01T00:00:00Z"
		},
		{
			"addr": {
				"id": "ade4d8bc8cbe014af6ebdf3cb7b1e9ad36f412c0",
				"ip": "176.9.82.221",
				"port": 26356
			},
			"src": {
				"id": "b32942a7382aa2433d5d3b068c9b5ce9cb94e358",
				"ip": "0.0.0.0",
				"port": 11356
			},
			"buckets": [
				186,
				155,
				249,
				157
			],
			"attempts": 0,
			"bucket_type": 1,
			"last_attempt": "2024-02-19T07:10:00.829388831Z",
			"last_success": "0001-01-01T00:00:00Z",
			"last_ban_time": "0001-01-01T00:00:00Z"
		},
		{
			"addr": {
				"id": "c66d6476ef9b3a5672495dafdb3d5bcf0be38249",
				"ip": "143.110.162.110",
				"port": 26656
			},
			"src": {
				"id": "3db3699c28cd12f310d49d15304a774526dcd826",
				"ip": "0.0.0.0",
				"port": 11356
			},
			"buckets": [
				184,
				190,
				18,
				142
			],
			"attempts": 0,
			"bucket_type": 1,
			"last_attempt": "2024-02-19T17:58:51.193531665Z",
			"last_success": "0001-01-01T00:00:00Z",
			"last_ban_time": "0001-01-01T00:00:00Z"
		},
		{
			"addr": {
				"id": "c97ed5daa6800490b29ad546a2241b61e1ccfeaf",
				"ip": "178.63.100.17",
				"port": 26656
			},
			"src": {
				"id": "0b87896b3329030231b8e9baeb9c751c80ed843d",
				"ip": "0.0.0.0",
				"port": 11356
			},
			"buckets": [
				211,
				119,
				5
			],
			"attempts": 0,
			"bucket_type": 1,
			"last_attempt": "2024-02-20T13:57:31.081871426Z",
			"last_success": "0001-01-01T00:00:00Z",
			"last_ban_time": "0001-01-01T00:00:00Z"
		},
		{
			"addr": {
				"id": "8e5859bfbe8845d59ca116a495873e18ed03b3c8",
				"ip": "5.9.83.110",
				"port": 26656
			},
			"src": {
				"id": "e35994b6b240721f890f25b09b86a94ad39c79f2",
				"ip": "0.0.0.0",
				"port": 26656
			},
			"buckets": [
				53,
				107,
				148,
				227
			],
			"attempts": 0,
			"bucket_type": 1,
			"last_attempt": "2024-02-19T13:55:54.754338999Z",
			"last_success": "0001-01-01T00:00:00Z",
			"last_ban_time": "0001-01-01T00:00:00Z"
		},
		{
			"addr": {
				"id": "7169bd4ae3e9e0b4cfaabe34ba643a5377bff354",
				"ip": "65.109.122.105",
				"port": 46656
			},
			"src": {
				"id": "b32942a7382aa2433d5d3b068c9b5ce9cb94e358",
				"ip": "0.0.0.0",
				"port": 11356
			},
			"buckets": [
				23,
				143,
				129,
				167
			],
			"attempts": 0,
			"bucket_type": 1,
			"last_attempt": "2024-02-19T07:10:00.829377653Z",
			"last_success": "0001-01-01T00:00:00Z",
			"last_ban_time": "0001-01-01T00:00:00Z"
		},
		{
			"addr": {
				"id": "08f006100a637b2fea09eab6c124949fe437af3e",
				"ip": "37.27.69.161",
				"port": 36656
			},
			"src": {
				"id": "e35994b6b240721f890f25b09b86a94ad39c79f2",
				"ip": "0.0.0.0",
				"port": 26656
			},
			"buckets": [
				154,
				123,
				130,
				248
			],
			"attempts": 0,
			"bucket_type": 1,
			"last_attempt": "2024-02-19T07:10:00.796064037Z",
			"last_success": "0001-01-01T00:00:00Z",
			"last_ban_time": "0001-01-01T00:00:00Z"
		},
		{
			"addr": {
				"id": "b7165f079dfa5f961b04907c876c4b63f98c7bc3",
				"ip": "95.217.72.99",
				"port": 26656
			},
			"src": {
				"id": "e35994b6b240721f890f25b09b86a94ad39c79f2",
				"ip": "0.0.0.0",
				"port": 26656
			},
			"buckets": [
				186,
				176,
				197,
				130
			],
			"attempts": 0,
			"bucket_type": 1,
			"last_attempt": "2024-02-19T07:10:00.796030634Z",
			"last_success": "0001-01-01T00:00:00Z",
			"last_ban_time": "0001-01-01T00:00:00Z"
		},
		{
			"addr": {
				"id": "a920526772d42a852b36521f2de8770e1736ab26",
				"ip": "74.119.192.173",
				"port": 26656
			},
			"src": {
				"id": "53bc92e2900d831d5e1a9b99b53d4c96e76ac14d",
				"ip": "167.235.178.134",
				"port": 26356
			},
			"buckets": [
				44,
				43,
				145,
				71
			],
			"attempts": 0,
			"bucket_type": 1,
			"last_attempt": "2024-02-21T01:01:30.198090456Z",
			"last_success": "0001-01-01T00:00:00Z",
			"last_ban_time": "0001-01-01T00:00:00Z"
		},
		{
			"addr": {
				"id": "369d3c7cdf455524ddda23c0aafb2cf60e3ffac3",
				"ip": "80.253.246.64",
				"port": 48656
			},
			"src": {
				"id": "31e96450456e4ac56f5ee2a4ee498f7dfd18d23a",
				"ip": "0.0.0.0",
				"port": 36656
			},
			"buckets": [
				145,
				94
			],
			"attempts": 0,
			"bucket_type": 1,
			"last_attempt": "2024-02-21T01:01:33.031226534Z",
			"last_success": "0001-01-01T00:00:00Z",
			"last_ban_time": "0001-01-01T00:00:00Z"
		},
		{
			"addr": {
				"id": "2ea7519d596bf5558067dde08f6b7cc24a565975",
				"ip": "65.108.78.101",
				"port": 12556
			},
			"src": {
				"id": "09ea56a225a4c3e525ae4cfc1311157dbcbe33c9",
				"ip": "141.95.65.26",
				"port": 24966
			},
			"buckets": [
				140,
				53,
				14,
				210
			],
			"attempts": 0,
			"bucket_type": 1,
			"last_attempt": "2024-02-20T01:01:27.0404481Z",
			"last_success": "0001-01-01T00:00:00Z",
			"last_ban_time": "0001-01-01T00:00:00Z"
		},
		{
			"addr": {
				"id": "91b6c3d622e28752c428091ca47eb463b63d14de",
				"ip": "162.55.4.42",
				"port": 11356
			},
			"src": {
				"id": "5bdd466184f4a4f16c8af5e493e89d048db62608",
				"ip": "0.0.0.0",
				"port": 26656
			},
			"buckets": [
				8
			],
			"attempts": 0,
			"bucket_type": 2,
			"last_attempt": "2024-02-20T21:09:23.531251283Z",
			"last_success": "2024-02-20T21:09:23.531251283Z",
			"last_ban_time": "0001-01-01T00:00:00Z"
		},
		{
			"addr": {
				"id": "1f7e2e9b3202a590a08a3a2ef934a19df2e2b6a9",
				"ip": "115.75.100.101",
				"port": 26656
			},
			"src": {
				"id": "ad731aefa7582d59b4de7c9063e87dc90d98fa8f",
				"ip": "78.46.45.174",
				"port": 12656
			},
			"buckets": [
				223,
				234
			],
			"attempts": 0,
			"bucket_type": 1,
			"last_attempt": "2024-02-21T06:42:51.299617262Z",
			"last_success": "0001-01-01T00:00:00Z",
			"last_ban_time": "0001-01-01T00:00:00Z"
		},
		{
			"addr": {
				"id": "419e3c4f38f44b8e06e20d7244fabe09277097c6",
				"ip": "84.247.133.41",
				"port": 26666
			},
			"src": {
				"id": "91b6c3d622e28752c428091ca47eb463b63d14de",
				"ip": "0.0.0.0",
				"port": 11356
			},
			"buckets": [
				121,
				17,
				246,
				100
			],
			"attempts": 0,
			"bucket_type": 1,
			"last_attempt": "2024-02-21T06:42:49.725749377Z",
			"last_success": "0001-01-01T00:00:00Z",
			"last_ban_time": "0001-01-01T00:00:00Z"
		},
		{
			"addr": {
				"id": "2ca1a2f1170df5ecb55dcae5e976d6dbb85e3b6b",
				"ip": "65.109.92.148",
				"port": 61456
			},
			"src": {
				"id": "e35994b6b240721f890f25b09b86a94ad39c79f2",
				"ip": "0.0.0.0",
				"port": 26656
			},
			"buckets": [
				34
			],
			"attempts": 0,
			"bucket_type": 2,
			"last_attempt": "2024-02-21T00:00:55.510466783Z",
			"last_success": "2024-02-21T00:00:55.510466783Z",
			"last_ban_time": "0001-01-01T00:00:00Z"
		},
		{
			"addr": {
				"id": "c37b0eebcb73217f3a2d7d5458048222a62ebff4",
				"ip": "85.239.233.245",
				"port": 26656
			},
			"src": {
				"id": "9dbe355a1f242ecc2fef1e0d478a44ee3e41bd29",
				"ip": "0.0.0.0",
				"port": 26656
			},
			"buckets": [
				186,
				94,
				118
			],
			"attempts": 0,
			"bucket_type": 1,
			"last_attempt": "2024-02-21T06:42:50.685196365Z",
			"last_success": "0001-01-01T00:00:00Z",
			"last_ban_time": "0001-01-01T00:00:00Z"
		},
		{
			"addr": {
				"id": "c7a6173aaf47510efe89d7b6dda23ac5692503d5",
				"ip": "88.99.137.42",
				"port": 36656
			},
			"src": {
				"id": "5bdd466184f4a4f16c8af5e493e89d048db62608",
				"ip": "0.0.0.0",
				"port": 26656
			},
			"buckets": [
				54
			],
			"attempts": 0,
			"bucket_type": 2,
			"last_attempt": "2024-02-20T22:51:17.779082373Z",
			"last_success": "2024-02-20T22:51:17.779082373Z",
			"last_ban_time": "0001-01-01T00:00:00Z"
		},
		{
			"addr": {
				"id": "ccfea7dc3466f74f6a3261d643115f36969c8f3f",
				"ip": "65.21.230.12",
				"port": 36656
			},
			"src": {
				"id": "9dbe355a1f242ecc2fef1e0d478a44ee3e41bd29",
				"ip": "0.0.0.0",
				"port": 26656
			},
			"buckets": [
				202,
				193
			],
			"attempts": 0,
			"bucket_type": 1,
			"last_attempt": "2024-02-21T06:42:50.685242726Z",
			"last_success": "0001-01-01T00:00:00Z",
			"last_ban_time": "0001-01-01T00:00:00Z"
		},
		{
			"addr": {
				"id": "a442702f898c77bd1d09ffbbc683946f437c2ac1",
				"ip": "209.145.55.218",
				"port": 56656
			},
			"src": {
				"id": "e35994b6b240721f890f25b09b86a94ad39c79f2",
				"ip": "0.0.0.0",
				"port": 26656
			},
			"buckets": [
				105,
				6,
				51,
				69
			],
			"attempts": 0,
			"bucket_type": 1,
			"last_attempt": "2024-02-19T07:10:00.79600904Z",
			"last_success": "0001-01-01T00:00:00Z",
			"last_ban_time": "0001-01-01T00:00:00Z"
		},
		{
			"addr": {
				"id": "31e96450456e4ac56f5ee2a4ee498f7dfd18d23a",
				"ip": "116.202.82.233",
				"port": 36656
			},
			"src": {
				"id": "5bdd466184f4a4f16c8af5e493e89d048db62608",
				"ip": "0.0.0.0",
				"port": 26656
			},
			"buckets": [
				211,
				64,
				232,
				147
			],
			"attempts": 1,
			"bucket_type": 1,
			"last_attempt": "2024-02-21T06:42:52.447525026Z",
			"last_success": "0001-01-01T00:00:00Z",
			"last_ban_time": "0001-01-01T00:00:00Z"
		},
		{
			"addr": {
				"id": "4960cfc4e633b937598de7b61bbea3619d2eecfd",
				"ip": "65.108.233.225",
				"port": 11356
			},
			"src": {
				"id": "0677147b29e230036b1f4cf345e41b2e4f8b9a53",
				"ip": "0.0.0.0",
				"port": 26656
			},
			"buckets": [
				198,
				94,
				143
			],
			"attempts": 0,
			"bucket_type": 1,
			"last_attempt": "2024-02-21T06:42:49.627432054Z",
			"last_success": "0001-01-01T00:00:00Z",
			"last_ban_time": "0001-01-01T00:00:00Z"
		},
		{
			"addr": {
				"id": "6f59f8b2ac9c89fa16f79530d86695f581644718",
				"ip": "159.69.86.235",
				"port": 26656
			},
			"src": {
				"id": "09ea56a225a4c3e525ae4cfc1311157dbcbe33c9",
				"ip": "141.95.65.26",
				"port": 24966
			},
			"buckets": [
				185,
				129,
				83,
				142
			],
			"attempts": 0,
			"bucket_type": 1,
			"last_attempt": "2024-02-20T01:01:27.040426178Z",
			"last_success": "0001-01-01T00:00:00Z",
			"last_ban_time": "0001-01-01T00:00:00Z"
		},
		{
			"addr": {
				"id": "3d1bf59e73886a01d7936acbc76cef4d6b2df6c3",
				"ip": "213.239.217.52",
				"port": 37656
			},
			"src": {
				"id": "09ea56a225a4c3e525ae4cfc1311157dbcbe33c9",
				"ip": "141.95.65.26",
				"port": 24966
			},
			"buckets": [
				48
			],
			"attempts": 0,
			"bucket_type": 2,
			"last_attempt": "2024-02-21T00:22:15.822022545Z",
			"last_success": "2024-02-21T00:22:15.822022545Z",
			"last_ban_time": "0001-01-01T00:00:00Z"
		},
		{
			"addr": {
				"id": "28a59fec963b72183bb060526adec66fd1983903",
				"ip": "80.209.232.148",
				"port": 26656
			},
			"src": {
				"id": "74a4bfb27961536a99146b372a9f97e55716f946",
				"ip": "0.0.0.0",
				"port": 36656
			},
			"buckets": [
				161,
				219
			],
			"attempts": 0,
			"bucket_type": 1,
			"last_attempt": "2024-02-21T01:38:15.507202354Z",
			"last_success": "0001-01-01T00:00:00Z",
			"last_ban_time": "0001-01-01T00:00:00Z"
		},
		{
			"addr": {
				"id": "f5ddacbbaa2f15f32f0eed262156c883e584ff30",
				"ip": "65.109.93.152",
				"port": 26776
			},
			"src": {
				"id": "e35994b6b240721f890f25b09b86a94ad39c79f2",
				"ip": "0.0.0.0",
				"port": 26656
			},
			"buckets": [
				23,
				129,
				111,
				74
			],
			"attempts": 0,
			"bucket_type": 1,
			"last_attempt": "2024-02-19T07:10:00.796068159Z",
			"last_success": "0001-01-01T00:00:00Z",
			"last_ban_time": "0001-01-01T00:00:00Z"
		},
		{
			"addr": {
				"id": "42643845287324333e1cdbec4fb1f62ee89840e0",
				"ip": "95.217.104.49",
				"port": 11356
			},
			"src": {
				"id": "821c159b59065a8653fc9ef9c28f25d558793980",
				"ip": "188.40.66.173",
				"port": 26356
			},
			"buckets": [
				115,
				222,
				106,
				99
			],
			"attempts": 0,
			"bucket_type": 1,
			"last_attempt": "2024-02-20T01:56:57.139711163Z",
			"last_success": "0001-01-01T00:00:00Z",
			"last_ban_time": "0001-01-01T00:00:00Z"
		},
		{
			"addr": {
				"id": "d205902e8d0d0c56e2f9b62bed11596f264eadc4",
				"ip": "38.242.246.212",
				"port": 26656
			},
			"src": {
				"id": "09ea56a225a4c3e525ae4cfc1311157dbcbe33c9",
				"ip": "141.95.65.26",
				"port": 24966
			},
			"buckets": [
				37,
				89,
				155,
				190
			],
			"attempts": 0,
			"bucket_type": 1,
			"last_attempt": "2024-02-20T01:01:27.040406578Z",
			"last_success": "0001-01-01T00:00:00Z",
			"last_ban_time": "0001-01-01T00:00:00Z"
		},
		{
			"addr": {
				"id": "6ab6eb51a50a08b3d092ece9c2a91799d1c7e1eb",
				"ip": "23.88.70.109",
				"port": 11356
			},
			"src": {
				"id": "e35994b6b240721f890f25b09b86a94ad39c79f2",
				"ip": "0.0.0.0",
				"port": 26656
			},
			"buckets": [
				194,
				61,
				53,
				109
			],
			"attempts": 0,
			"bucket_type": 1,
			"last_attempt": "2024-02-19T07:10:00.795952123Z",
			"last_success": "0001-01-01T00:00:00Z",
			"last_ban_time": "0001-01-01T00:00:00Z"
		},
		{
			"addr": {
				"id": "c30e86114101682105f7846ac39082e7e80c37ff",
				"ip": "65.108.66.174",
				"port": 51656
			},
			"src": {
				"id": "e35994b6b240721f890f25b09b86a94ad39c79f2",
				"ip": "0.0.0.0",
				"port": 26656
			},
			"buckets": [
				41
			],
			"attempts": 2,
			"bucket_type": 2,
			"last_attempt": "2024-02-21T06:42:52.422712448Z",
			"last_success": "2024-02-20T05:46:50.89287652Z",
			"last_ban_time": "0001-01-01T00:00:00Z"
		},
		{
			"addr": {
				"id": "b6052902d5c95daff5920dec15be0c20ac529948",
				"ip": "143.110.162.110",
				"port": 26656
			},
			"src": {
				"id": "b32942a7382aa2433d5d3b068c9b5ce9cb94e358",
				"ip": "0.0.0.0",
				"port": 11356
			},
			"buckets": [
				184,
				190,
				18,
				90
			],
			"attempts": 0,
			"bucket_type": 1,
			"last_attempt": "2024-02-19T17:58:35.663554245Z",
			"last_success": "0001-01-01T00:00:00Z",
			"last_ban_time": "0001-01-01T00:00:00Z"
		},
		{
			"addr": {
				"id": "abec6ee40204b5a967eed1640da29501be793426",
				"ip": "79.98.26.207",
				"port": 26656
			},
			"src": {
				"id": "634e438d68e8600dea9484f45f3bfea3c0c72c61",
				"ip": "0.0.0.0",
				"port": 11356
			},
			"buckets": [
				75,
				148,
				194
			],
			"attempts": 0,
			"bucket_type": 1,
			"last_attempt": "2024-02-21T01:01:30.248736633Z",
			"last_success": "0001-01-01T00:00:00Z",
			"last_ban_time": "0001-01-01T00:00:00Z"
		},
		{
			"addr": {
				"id": "0250652a28fd2852aafc9b6970e4ae80ec2a9b81",
				"ip": "95.217.62.210",
				"port": 11356
			},
			"src": {
				"id": "634e438d68e8600dea9484f45f3bfea3c0c72c61",
				"ip": "0.0.0.0",
				"port": 11356
			},
			"buckets": [
				186,
				88,
				197,
				53
			],
			"attempts": 0,
			"bucket_type": 1,
			"last_attempt": "2024-02-19T07:10:00.831191797Z",
			"last_success": "0001-01-01T00:00:00Z",
			"last_ban_time": "0001-01-01T00:00:00Z"
		},
		{
			"addr": {
				"id": "75209498409020ca3ebf8831ae139a0b8c01b8c1",
				"ip": "65.109.93.152",
				"port": 26786
			},
			"src": {
				"id": "3db3699c28cd12f310d49d15304a774526dcd826",
				"ip": "0.0.0.0",
				"port": 11356
			},
			"buckets": [
				23,
				129,
				187,
				167
			],
			"attempts": 0,
			"bucket_type": 1,
			"last_attempt": "2024-02-19T07:10:00.829632372Z",
			"last_success": "0001-01-01T00:00:00Z",
			"last_ban_time": "0001-01-01T00:00:00Z"
		},
		{
			"addr": {
				"id": "cc59c525e7ddcbd0361ee12b151afd6cb98183ea",
				"ip": "94.176.236.169",
				"port": 26656
			},
			"src": {
				"id": "53bc92e2900d831d5e1a9b99b53d4c96e76ac14d",
				"ip": "167.235.178.134",
				"port": 26356
			},
			"buckets": [
				142,
				250,
				35,
				166
			],
			"attempts": 0,
			"bucket_type": 1,
			"last_attempt": "2024-02-21T01:01:30.202178391Z",
			"last_success": "0001-01-01T00:00:00Z",
			"last_ban_time": "0001-01-01T00:00:00Z"
		},
		{
			"addr": {
				"id": "7fe5b91e360411862ca63ac987172ec8e5d9f4f3",
				"ip": "65.109.68.87",
				"port": 28656
			},
			"src": {
				"id": "91b6c3d622e28752c428091ca47eb463b63d14de",
				"ip": "0.0.0.0",
				"port": 11356
			},
			"buckets": [
				45,
				163,
				142
			],
			"attempts": 0,
			"bucket_type": 1,
			"last_attempt": "2024-02-21T06:42:49.725758577Z",
			"last_success": "0001-01-01T00:00:00Z",
			"last_ban_time": "0001-01-01T00:00:00Z"
		},
		{
			"addr": {
				"id": "08081932b59f348587a31c5ca13258fed865ad00",
				"ip": "176.9.20.118",
				"port": 26656
			},
			"src": {
				"id": "e35994b6b240721f890f25b09b86a94ad39c79f2",
				"ip": "0.0.0.0",
				"port": 26656
			},
			"buckets": [
				186,
				155,
				157,
				127
			],
			"attempts": 0,
			"bucket_type": 1,
			"last_attempt": "2024-02-19T07:10:00.796016326Z",
			"last_success": "0001-01-01T00:00:00Z",
			"last_ban_time": "0001-01-01T00:00:00Z"
		},
		{
			"addr": {
				"id": "eebebec1fd58e69bedf172d9cf065f3e1e83494a",
				"ip": "152.53.34.76",
				"port": 26656
			},
			"src": {
				"id": "09ea56a225a4c3e525ae4cfc1311157dbcbe33c9",
				"ip": "141.95.65.26",
				"port": 24966
			},
			"buckets": [
				15,
				178,
				39,
				5
			],
			"attempts": 0,
			"bucket_type": 1,
			"last_attempt": "2024-02-20T01:01:27.04043929Z",
			"last_success": "0001-01-01T00:00:00Z",
			"last_ban_time": "0001-01-01T00:00:00Z"
		},
		{
			"addr": {
				"id": "74a4bfb27961536a99146b372a9f97e55716f946",
				"ip": "116.202.174.53",
				"port": 36656
			},
			"src": {
				"id": "5bdd466184f4a4f16c8af5e493e89d048db62608",
				"ip": "0.0.0.0",
				"port": 26656
			},
			"buckets": [
				45
			],
			"attempts": 0,
			"bucket_type": 2,
			"last_attempt": "2024-02-20T12:36:25.870721829Z",
			"last_success": "2024-02-20T12:36:25.870721829Z",
			"last_ban_time": "0001-01-01T00:00:00Z"
		},
		{
			"addr": {
				"id": "ad731aefa7582d59b4de7c9063e87dc90d98fa8f",
				"ip": "78.46.45.174",
				"port": 12656
			},
			"src": {
				"id": "b32942a7382aa2433d5d3b068c9b5ce9cb94e358",
				"ip": "0.0.0.0",
				"port": 11356
			},
			"buckets": [
				40
			],
			"attempts": 0,
			"bucket_type": 2,
			"last_attempt": "2024-02-21T00:48:33.970566927Z",
			"last_success": "2024-02-21T00:48:33.970566927Z",
			"last_ban_time": "0001-01-01T00:00:00Z"
		},
		{
			"addr": {
				"id": "9c14080752bdfa33f4624f83cd155e2d3976e303",
				"ip": "65.108.231.124",
				"port": 45656
			},
			"src": {
				"id": "31e96450456e4ac56f5ee2a4ee498f7dfd18d23a",
				"ip": "0.0.0.0",
				"port": 36656
			},
			"buckets": [
				13
			],
			"attempts": 0,
			"bucket_type": 2,
			"last_attempt": "2024-02-20T21:35:06.042981452Z",
			"last_success": "2024-02-20T21:35:06.042981452Z",
			"last_ban_time": "0001-01-01T00:00:00Z"
		},
		{
			"addr": {
				"id": "81971e4459383037ecea93e2a7d53f6a42cc4fed",
				"ip": "109.123.242.217",
				"port": 21306
			},
			"src": {
				"id": "e35994b6b240721f890f25b09b86a94ad39c79f2",
				"ip": "0.0.0.0",
				"port": 26656
			},
			"buckets": [
				41,
				134,
				6,
				170
			],
			"attempts": 1,
			"bucket_type": 1,
			"last_attempt": "2024-02-20T01:56:54.123832853Z",
			"last_success": "0001-01-01T00:00:00Z",
			"last_ban_time": "0001-01-01T00:00:00Z"
		},
		{
			"addr": {
				"id": "c6f9bef5ff372428246a825d0f95b560180811e0",
				"ip": "141.95.65.26",
				"port": 26656
			},
			"src": {
				"id": "3db3699c28cd12f310d49d15304a774526dcd826",
				"ip": "0.0.0.0",
				"port": 11356
			},
			"buckets": [
				126,
				213,
				83,
				124
			],
			"attempts": 0,
			"bucket_type": 1,
			"last_attempt": "2024-02-19T07:10:00.829707279Z",
			"last_success": "0001-01-01T00:00:00Z",
			"last_ban_time": "0001-01-01T00:00:00Z"
		},
		{
			"addr": {
				"id": "84f0fe2a0dc9a50779bf43ce7c1d3c1f2bbc0b92",
				"ip": "65.108.79.241",
				"port": 60856
			},
			"src": {
				"id": "3db3699c28cd12f310d49d15304a774526dcd826",
				"ip": "0.0.0.0",
				"port": 11356
			},
			"buckets": [
				231,
				128,
				156,
				24
			],
			"attempts": 0,
			"bucket_type": 1,
			"last_attempt": "2024-02-19T07:10:00.829656616Z",
			"last_success": "0001-01-01T00:00:00Z",
			"last_ban_time": "0001-01-01T00:00:00Z"
		},
		{
			"addr": {
				"id": "9dbe355a1f242ecc2fef1e0d478a44ee3e41bd29",
				"ip": "38.242.241.173",
				"port": 26656
			},
			"src": {
				"id": "c16bf48e54780f17a162d28cc8102101ceb36463",
				"ip": "0.0.0.0",
				"port": 49656
			},
			"buckets": [
				58,
				87,
				77,
				204
			],
			"attempts": 0,
			"bucket_type": 1,
			"last_attempt": "2024-02-21T06:30:16.60422031Z",
			"last_success": "0001-01-01T00:00:00Z",
			"last_ban_time": "0001-01-01T00:00:00Z"
		},
		{
			"addr": {
				"id": "4061b95808597f161838410681e92cf9e9ca906f",
				"ip": "142.132.211.91",
				"port": 11356
			},
			"src": {
				"id": "5bdd466184f4a4f16c8af5e493e89d048db62608",
				"ip": "0.0.0.0",
				"port": 26656
			},
			"buckets": [
				20
			],
			"attempts": 0,
			"bucket_type": 2,
			"last_attempt": "2024-02-20T19:59:25.096288762Z",
			"last_success": "2024-02-20T19:59:25.096288762Z",
			"last_ban_time": "0001-01-01T00:00:00Z"
		},
		{
			"addr": {
				"id": "f379c81afd53ecb5c77a4f4521b0ae63d676ff42",
				"ip": "95.216.246.20",
				"port": 36656
			},
			"src": {
				"id": "09ea56a225a4c3e525ae4cfc1311157dbcbe33c9",
				"ip": "141.95.65.26",
				"port": 24966
			},
			"buckets": [
				37,
				5,
				173,
				58
			],
			"attempts": 0,
			"bucket_type": 1,
			"last_attempt": "2024-02-20T01:01:27.040395019Z",
			"last_success": "0001-01-01T00:00:00Z",
			"last_ban_time": "0001-01-01T00:00:00Z"
		},
		{
			"addr": {
				"id": "b4d9c049c2abd608260458635a8dbc2da1cb2710",
				"ip": "65.21.113.10",
				"port": 60856
			},
			"src": {
				"id": "91b6c3d622e28752c428091ca47eb463b63d14de",
				"ip": "0.0.0.0",
				"port": 11356
			},
			"buckets": [
				4,
				10,
				32,
				81
			],
			"attempts": 0,
			"bucket_type": 1,
			"last_attempt": "2024-02-19T07:10:00.84094966Z",
			"last_success": "0001-01-01T00:00:00Z",
			"last_ban_time": "0001-01-01T00:00:00Z"
		},
		{
			"addr": {
				"id": "db165a039236165c8c1225c1c793320593ce2b35",
				"ip": "65.109.68.87",
				"port": 21656
			},
			"src": {
				"id": "e35994b6b240721f890f25b09b86a94ad39c79f2",
				"ip": "0.0.0.0",
				"port": 26656
			},
			"buckets": [
				167,
				69,
				107,
				115
			],
			"attempts": 1,
			"bucket_type": 1,
			"last_attempt": "2024-02-20T13:57:18.84272024Z",
			"last_success": "0001-01-01T00:00:00Z",
			"last_ban_time": "0001-01-01T00:00:00Z"
		},
		{
			"addr": {
				"id": "c07ae9eb3f2706a2cfb88dd3eb0bc3c9ed58fcd3",
				"ip": "5.78.96.220",
				"port": 26656
			},
			"src": {
				"id": "91b6c3d622e28752c428091ca47eb463b63d14de",
				"ip": "0.0.0.0",
				"port": 11356
			},
			"buckets": [
				180,
				179,
				217,
				164
			],
			"attempts": 0,
			"bucket_type": 1,
			"last_attempt": "2024-02-20T13:57:58.796300265Z",
			"last_success": "0001-01-01T00:00:00Z",
			"last_ban_time": "0001-01-01T00:00:00Z"
		},
		{
			"addr": {
				"id": "373041f5d5491c422682ed275ffff80f178813db",
				"ip": "51.195.188.49",
				"port": 36656
			},
			"src": {
				"id": "53bc92e2900d831d5e1a9b99b53d4c96e76ac14d",
				"ip": "167.235.178.134",
				"port": 26356
			},
			"buckets": [
				31,
				94,
				190,
				147
			],
			"attempts": 0,
			"bucket_type": 1,
			"last_attempt": "2024-02-19T13:55:54.781879978Z",
			"last_success": "0001-01-01T00:00:00Z",
			"last_ban_time": "0001-01-01T00:00:00Z"
		},
		{
			"addr": {
				"id": "2c47c80abc9562fb77d9f0f0941dc8594ece86ad",
				"ip": "181.41.142.82",
				"port": 26656
			},
			"src": {
				"id": "821c159b59065a8653fc9ef9c28f25d558793980",
				"ip": "188.40.66.173",
				"port": 26356
			},
			"buckets": [
				193,
				119,
				2
			],
			"attempts": 0,
			"bucket_type": 1,
			"last_attempt": "2024-02-21T01:01:30.25112305Z",
			"last_success": "0001-01-01T00:00:00Z",
			"last_ban_time": "0001-01-01T00:00:00Z"
		},
		{
			"addr": {
				"id": "efe5b94d840404d59be3dbb60357c0fbd2978f5d",
				"ip": "65.21.123.172",
				"port": 11356
			},
			"src": {
				"id": "e35994b6b240721f890f25b09b86a94ad39c79f2",
				"ip": "0.0.0.0",
				"port": 26656
			},
			"buckets": [
				4,
				69,
				13,
				232
			],
			"attempts": 0,
			"bucket_type": 1,
			"last_attempt": "2024-02-19T07:10:00.795995333Z",
			"last_success": "0001-01-01T00:00:00Z",
			"last_ban_time": "0001-01-01T00:00:00Z"
		},
		{
			"addr": {
				"id": "0d408edbcc41e157cbd3b2ab4010a375faee2dbd",
				"ip": "95.217.34.91",
				"port": 22656
			},
			"src": {
				"id": "09ea56a225a4c3e525ae4cfc1311157dbcbe33c9",
				"ip": "141.95.65.26",
				"port": 24966
			},
			"buckets": [
				152,
				106,
				99,
				118
			],
			"attempts": 0,
			"bucket_type": 1,
			"last_attempt": "2024-02-20T01:01:27.040330996Z",
			"last_success": "0001-01-01T00:00:00Z",
			"last_ban_time": "0001-01-01T00:00:00Z"
		},
		{
			"addr": {
				"id": "1519306f44a4611202fe8d4f650fde3a3e8285bf",
				"ip": "65.21.113.10",
				"port": 60856
			},
			"src": {
				"id": "e35994b6b240721f890f25b09b86a94ad39c79f2",
				"ip": "0.0.0.0",
				"port": 26656
			},
			"buckets": [
				4,
				10,
				32,
				99
			],
			"attempts": 1,
			"bucket_type": 1,
			"last_attempt": "2024-02-19T13:55:54.38941979Z",
			"last_success": "0001-01-01T00:00:00Z",
			"last_ban_time": "0001-01-01T00:00:00Z"
		},
		{
			"addr": {
				"id": "aac3dedd241248dbb09d58940be09deeab846b5c",
				"ip": "188.3.59.66",
				"port": 48656
			},
			"src": {
				"id": "09ea56a225a4c3e525ae4cfc1311157dbcbe33c9",
				"ip": "141.95.65.26",
				"port": 24966
			},
			"buckets": [
				247,
				70,
				2,
				5
			],
			"attempts": 0,
			"bucket_type": 1,
			"last_attempt": "2024-02-21T01:01:30.251862247Z",
			"last_success": "0001-01-01T00:00:00Z",
			"last_ban_time": "0001-01-01T00:00:00Z"
		},
		{
			"addr": {
				"id": "83163f1bfaec59b7eed7006b3f43a53ab1ee077d",
				"ip": "135.181.116.152",
				"port": 44656
			},
			"src": {
				"id": "634e438d68e8600dea9484f45f3bfea3c0c72c61",
				"ip": "0.0.0.0",
				"port": 11356
			},
			"buckets": [
				154,
				201,
				232,
				203
			],
			"attempts": 0,
			"bucket_type": 1,
			"last_attempt": "2024-02-19T07:10:00.831363509Z",
			"last_success": "0001-01-01T00:00:00Z",
			"last_ban_time": "0001-01-01T00:00:00Z"
		},
		{
			"addr": {
				"id": "a9067b6cb3d2e746b4f37de7c5ee511abb9ba9e6",
				"ip": "23.88.66.86",
				"port": 26656
			},
			"src": {
				"id": "e35994b6b240721f890f25b09b86a94ad39c79f2",
				"ip": "0.0.0.0",
				"port": 26656
			},
			"buckets": [
				194,
				13,
				34,
				53
			],
			"attempts": 1,
			"bucket_type": 1,
			"last_attempt": "2024-02-19T13:55:54.363642189Z",
			"last_success": "0001-01-01T00:00:00Z",
			"last_ban_time": "0001-01-01T00:00:00Z"
		},
		{
			"addr": {
				"id": "d63a876d515e0c4391c3ca2fd3ea3c5bf5b24dd8",
				"ip": "212.24.96.212",
				"port": 26656
			},
			"src": {
				"id": "0c9d9104c2e887b6cefb6d3f00a85e634a717f71",
				"ip": "51.195.188.49",
				"port": 36656
			},
			"buckets": [
				138,
				85,
				70,
				116
			],
			"attempts": 0,
			"bucket_type": 1,
			"last_attempt": "2024-02-21T01:01:30.162394772Z",
			"last_success": "0001-01-01T00:00:00Z",
			"last_ban_time": "0001-01-01T00:00:00Z"
		},
		{
			"addr": {
				"id": "656004608d89d1fd96b6118d877c3d11c26cd8ba",
				"ip": "195.201.241.107",
				"port": 56146
			},
			"src": {
				"id": "09ea56a225a4c3e525ae4cfc1311157dbcbe33c9",
				"ip": "141.95.65.26",
				"port": 24966
			},
			"buckets": [
				85,
				65,
				168,
				57
			],
			"attempts": 0,
			"bucket_type": 1,
			"last_attempt": "2024-02-20T01:56:54.438641059Z",
			"last_success": "0001-01-01T00:00:00Z",
			"last_ban_time": "0001-01-01T00:00:00Z"
		},
		{
			"addr": {
				"id": "cb0c64e85255d127d5e9c16f7db9c995b3600c37",
				"ip": "152.228.208.164",
				"port": 26656
			},
			"src": {
				"id": "e35994b6b240721f890f25b09b86a94ad39c79f2",
				"ip": "0.0.0.0",
				"port": 26656
			},
			"buckets": [
				23,
				72,
				29,
				172
			],
			"attempts": 0,
			"bucket_type": 1,
			"last_attempt": "2024-02-19T07:10:00.795940907Z",
			"last_success": "0001-01-01T00:00:00Z",
			"last_ban_time": "0001-01-01T00:00:00Z"
		},
		{
			"addr": {
				"id": "031c902cd9bc7b9d1a8e0487f1b134308a2111f9",
				"ip": "65.109.122.105",
				"port": 61729
			},
			"src": {
				"id": "3db3699c28cd12f310d49d15304a774526dcd826",
				"ip": "0.0.0.0",
				"port": 11356
			},
			"buckets": [
				23,
				143,
				129,
				111
			],
			"attempts": 0,
			"bucket_type": 1,
			"last_attempt": "2024-02-19T07:10:00.829642319Z",
			"last_success": "0001-01-01T00:00:00Z",
			"last_ban_time": "0001-01-01T00:00:00Z"
		},
		{
			"addr": {
				"id": "dc8d051e6ee12fa586eeba2fb76c4412aa457a28",
				"ip": "84.247.134.49",
				"port": 26656
			},
			"src": {
				"id": "3db3699c28cd12f310d49d15304a774526dcd826",
				"ip": "0.0.0.0",
				"port": 11356
			},
			"buckets": [
				188,
				111,
				6
			],
			"attempts": 0,
			"bucket_type": 1,
			"last_attempt": "2024-02-21T01:01:30.949063526Z",
			"last_success": "0001-01-01T00:00:00Z",
			"last_ban_time": "0001-01-01T00:00:00Z"
		},
		{
			"addr": {
				"id": "d04f85d9b5d21f83d7bf12707bd35c1e69780438",
				"ip": "92.252.240.93",
				"port": 26656
			},
			"src": {
				"id": "0b87896b3329030231b8e9baeb9c751c80ed843d",
				"ip": "0.0.0.0",
				"port": 11356
			},
			"buckets": [
				63,
				129,
				246,
				179
			],
			"attempts": 0,
			"bucket_type": 1,
			"last_attempt": "2024-02-20T01:01:27.051542449Z",
			"last_success": "0001-01-01T00:00:00Z",
			"last_ban_time": "0001-01-01T00:00:00Z"
		},
		{
			"addr": {
				"id": "fad59a438051161be332714505e86a5da4920bc4",
				"ip": "109.123.242.217",
				"port": 21306
			},
			"src": {
				"id": "b32942a7382aa2433d5d3b068c9b5ce9cb94e358",
				"ip": "0.0.0.0",
				"port": 11356
			},
			"buckets": [
				41,
				176,
				6,
				51
			],
			"attempts": 0,
			"bucket_type": 1,
			"last_attempt": "2024-02-19T07:10:00.829002891Z",
			"last_success": "0001-01-01T00:00:00Z",
			"last_ban_time": "0001-01-01T00:00:00Z"
		},
		{
			"addr": {
				"id": "2eba9c8e6fb9d56bbdd10d007a598541c37f6493",
				"ip": "13.212.61.41",
				"port": 26656
			},
			"src": {
				"id": "5bdd466184f4a4f16c8af5e493e89d048db62608",
				"ip": "0.0.0.0",
				"port": 26656
			},
			"buckets": [
				0
			],
			"attempts": 0,
			"bucket_type": 2,
			"last_attempt": "2024-02-20T20:18:13.73495239Z",
			"last_success": "2024-02-20T20:18:13.73495239Z",
			"last_ban_time": "0001-01-01T00:00:00Z"
		},
		{
			"addr": {
				"id": "b2fc71c8d63df6342c1fb5ea6dc5b7dae25b962b",
				"ip": "176.223.143.35",
				"port": 26656
			},
			"src": {
				"id": "53bc92e2900d831d5e1a9b99b53d4c96e76ac14d",
				"ip": "167.235.178.134",
				"port": 26356
			},
			"buckets": [
				126,
				131,
				36,
				188
			],
			"attempts": 0,
			"bucket_type": 1,
			"last_attempt": "2024-02-21T01:01:30.198113962Z",
			"last_success": "0001-01-01T00:00:00Z",
			"last_ban_time": "0001-01-01T00:00:00Z"
		},
		{
			"addr": {
				"id": "64f8a2539e9779b1c2c058f0d62d0a3ff454df44",
				"ip": "95.217.185.249",
				"port": 26656
			},
			"src": {
				"id": "e35994b6b240721f890f25b09b86a94ad39c79f2",
				"ip": "0.0.0.0",
				"port": 26656
			},
			"buckets": [
				99,
				253,
				136,
				180
			],
			"attempts": 0,
			"bucket_type": 1,
			"last_attempt": "2024-02-21T01:40:00.748779164Z",
			"last_success": "0001-01-01T00:00:00Z",
			"last_ban_time": "0001-01-01T00:00:00Z"
		},
		{
			"addr": {
				"id": "0c9d9104c2e887b6cefb6d3f00a85e634a717f71",
				"ip": "51.195.188.49",
				"port": 36656
			},
			"src": {
				"id": "0c9d9104c2e887b6cefb6d3f00a85e634a717f71",
				"ip": "51.195.188.49",
				"port": 36656
			},
			"buckets": [
				49
			],
			"attempts": 0,
			"bucket_type": 2,
			"last_attempt": "2024-02-20T21:09:13.942678509Z",
			"last_success": "2024-02-20T21:09:13.942678509Z",
			"last_ban_time": "0001-01-01T00:00:00Z"
		},
		{
			"addr": {
				"id": "6f1cc66dc0ef2a7a2d957eb264a9ef61baff1d2c",
				"ip": "142.132.248.253",
				"port": 24657
			},
			"src": {
				"id": "634e438d68e8600dea9484f45f3bfea3c0c72c61",
				"ip": "0.0.0.0",
				"port": 11356
			},
			"buckets": [
				66,
				2,
				243,
				155
			],
			"attempts": 0,
			"bucket_type": 1,
			"last_attempt": "2024-02-19T13:55:54.781329459Z",
			"last_success": "0001-01-01T00:00:00Z",
			"last_ban_time": "0001-01-01T00:00:00Z"
		},
		{
			"addr": {
				"id": "e0b4a05daa0647ad6ba13193031f8612f439d900",
				"ip": "148.251.69.40",
				"port": 26656
			},
			"src": {
				"id": "09ea56a225a4c3e525ae4cfc1311157dbcbe33c9",
				"ip": "141.95.65.26",
				"port": 24966
			},
			"buckets": [
				55
			],
			"attempts": 1,
			"bucket_type": 2,
			"last_attempt": "2024-02-21T07:10:22.778548463Z",
			"last_success": "2024-02-20T21:48:47.466480648Z",
			"last_ban_time": "0001-01-01T00:00:00Z"
		},
		{
			"addr": {
				"id": "47569def38066753b1d2f1193695ee7fe86571da",
				"ip": "159.69.86.235",
				"port": 26656
			},
			"src": {
				"id": "0b87896b3329030231b8e9baeb9c751c80ed843d",
				"ip": "0.0.0.0",
				"port": 11356
			},
			"buckets": [
				186,
				234
			],
			"attempts": 0,
			"bucket_type": 1,
			"last_attempt": "2024-02-21T06:42:49.723301698Z",
			"last_success": "0001-01-01T00:00:00Z",
			"last_ban_time": "0001-01-01T00:00:00Z"
		},
		{
			"addr": {
				"id": "b79ff308191fb5ce3e3f862c797c02fc8aec2e4c",
				"ip": "84.247.133.41",
				"port": 26651
			},
			"src": {
				"id": "5bdd466184f4a4f16c8af5e493e89d048db62608",
				"ip": "0.0.0.0",
				"port": 26656
			},
			"buckets": [
				62,
				134,
				197,
				53
			],
			"attempts": 1,
			"bucket_type": 1,
			"last_attempt": "2024-02-19T07:15:59.005284277Z",
			"last_success": "0001-01-01T00:00:00Z",
			"last_ban_time": "0001-01-01T00:00:00Z"
		},
		{
			"addr": {
				"id": "5d45cbb43ca01c3b4c6e87feb5ce6efa8615c0fe",
				"ip": "65.109.115.56",
				"port": 45656
			},
			"src": {
				"id": "53bc92e2900d831d5e1a9b99b53d4c96e76ac14d",
				"ip": "167.235.178.134",
				"port": 26356
			},
			"buckets": [
				207,
				211,
				123,
				45
			],
			"attempts": 0,
			"bucket_type": 1,
			"last_attempt": "2024-02-20T13:57:16.235927288Z",
			"last_success": "0001-01-01T00:00:00Z",
			"last_ban_time": "0001-01-01T00:00:00Z"
		},
		{
			"addr": {
				"id": "bf7a013ab4ac5b1584e53e6853b9a0a1ef739e01",
				"ip": "37.27.69.160",
				"port": 36656
			},
			"src": {
				"id": "baefc0687a42073bf57217c204f9bc18af239c0f",
				"ip": "0.0.0.0",
				"port": 11356
			},
			"buckets": [
				40,
				70
			],
			"attempts": 0,
			"bucket_type": 1,
			"last_attempt": "2024-02-21T06:42:49.627638408Z",
			"last_success": "0001-01-01T00:00:00Z",
			"last_ban_time": "0001-01-01T00:00:00Z"
		},
		{
			"addr": {
				"id": "a8916ff6878e24fd663a53cbc0bfceda42a4d3f8",
				"ip": "65.21.96.69",
				"port": 26856
			},
			"src": {
				"id": "e35994b6b240721f890f25b09b86a94ad39c79f2",
				"ip": "0.0.0.0",
				"port": 26656
			},
			"buckets": [
				4,
				13,
				10,
				99
			],
			"attempts": 0,
			"bucket_type": 1,
			"last_attempt": "2024-02-19T07:10:00.795987665Z",
			"last_success": "0001-01-01T00:00:00Z",
			"last_ban_time": "0001-01-01T00:00:00Z"
		},
		{
			"addr": {
				"id": "d9e2e92a3bb21f3e3d6a08fd788cf7c15fd5a414",
				"ip": "65.108.46.100",
				"port": 50656
			},
			"src": {
				"id": "b32942a7382aa2433d5d3b068c9b5ce9cb94e358",
				"ip": "0.0.0.0",
				"port": 11356
			},
			"buckets": [
				231,
				213,
				24,
				203
			],
			"attempts": 0,
			"bucket_type": 1,
			"last_attempt": "2024-02-19T07:10:00.828987899Z",
			"last_success": "0001-01-01T00:00:00Z",
			"last_ban_time": "0001-01-01T00:00:00Z"
		},
		{
			"addr": {
				"id": "526210477c4ad8712cdbf15bc0899be82f05491b",
				"ip": "65.21.113.10",
				"port": 60856
			},
			"src": {
				"id": "e35994b6b240721f890f25b09b86a94ad39c79f2",
				"ip": "0.0.0.0",
				"port": 26656
			},
			"buckets": [
				4,
				69,
				10,
				81
			],
			"attempts": 1,
			"bucket_type": 1,
			"last_attempt": "2024-02-19T07:15:59.13548639Z",
			"last_success": "0001-01-01T00:00:00Z",
			"last_ban_time": "0001-01-01T00:00:00Z"
		},
		{
			"addr": {
				"id": "be88031cc35f4e807e0bed968c8904e4d35401f7",
				"ip": "62.77.153.145",
				"port": 26656
			},
			"src": {
				"id": "0c9d9104c2e887b6cefb6d3f00a85e634a717f71",
				"ip": "51.195.188.49",
				"port": 36656
			},
			"buckets": [
				114,
				162,
				0,
				186
			],
			"attempts": 0,
			"bucket_type": 1,
			"last_attempt": "2024-02-21T01:01:30.162699375Z",
			"last_success": "0001-01-01T00:00:00Z",
			"last_ban_time": "0001-01-01T00:00:00Z"
		},
		{
			"addr": {
				"id": "30cdc4176bfdbd7e81780c2cd150dd6575b1e95a",
				"ip": "185.8.107.232",
				"port": 24656
			},
			"src": {
				"id": "09ea56a225a4c3e525ae4cfc1311157dbcbe33c9",
				"ip": "141.95.65.26",
				"port": 24966
			},
			"buckets": [
				219,
				185,
				187
			],
			"attempts": 0,
			"bucket_type": 1,
			"last_attempt": "2024-02-20T01:01:27.040359475Z",
			"last_success": "0001-01-01T00:00:00Z",
			"last_ban_time": "0001-01-01T00:00:00Z"
		},
		{
			"addr": {
				"id": "6b9a708fe8b336c6e01c83b470161b9d1d7f1a97",
				"ip": "95.216.244.226",
				"port": 28656
			},
			"src": {
				"id": "821c159b59065a8653fc9ef9c28f25d558793980",
				"ip": "188.40.66.173",
				"port": 26356
			},
			"buckets": [
				210,
				58,
				145,
				100
			],
			"attempts": 0,
			"bucket_type": 1,
			"last_attempt": "2024-02-20T08:00:17.609191637Z",
			"last_success": "0001-01-01T00:00:00Z",
			"last_ban_time": "0001-01-01T00:00:00Z"
		},
		{
			"addr": {
				"id": "b32942a7382aa2433d5d3b068c9b5ce9cb94e358",
				"ip": "148.251.11.99",
				"port": 11356
			},
			"src": {
				"id": "5bdd466184f4a4f16c8af5e493e89d048db62608",
				"ip": "0.0.0.0",
				"port": 26656
			},
			"buckets": [
				12
			],
			"attempts": 0,
			"bucket_type": 2,
			"last_attempt": "2024-02-20T23:53:42.164262601Z",
			"last_success": "2024-02-20T23:53:42.164262601Z",
			"last_ban_time": "0001-01-01T00:00:00Z"
		},
		{
			"addr": {
				"id": "6ca568abf7b0218a5a06cfc6008269ccb78a7397",
				"ip": "65.108.124.121",
				"port": 26656
			},
			"src": {
				"id": "e35994b6b240721f890f25b09b86a94ad39c79f2",
				"ip": "0.0.0.0",
				"port": 26656
			},
			"buckets": [
				231,
				24,
				64,
				203
			],
			"attempts": 0,
			"bucket_type": 1,
			"last_attempt": "2024-02-19T07:10:00.796005263Z",
			"last_success": "0001-01-01T00:00:00Z",
			"last_ban_time": "0001-01-01T00:00:00Z"
		}
	]
}
