{
	"key": "7aed3c3d5b9b8809256e1b91",
	"addrs": [
		{
			"addr": {
				"id": "b2e9bebc16bc35e16573269beba67ffea5932e13",
				"ip": "95.111.239.250",
				"port": 26656
			},
			"src": {
				"id": "0fc70473e7ee84b77ebcb1c098d457379931bc0a",
				"ip": "0.0.0.0",
				"port": 38656
			},
			"buckets": [
				12
			],
			"attempts": 0,
			"bucket_type": 2,
			"last_attempt": "2024-05-11T05:01:10.378680968+02:00",
			"last_success": "2024-05-11T05:01:10.378680968+02:00",
			"last_ban_time": "0001-01-01T00:00:00Z"
		},
		{
			"addr": {
				"id": "3b429f2c994fa76f9443e517fd8b72dcf60e6590",
				"ip": "37.27.11.132",
				"port": 26656
			},
			"src": {
				"id": "0fc70473e7ee84b77ebcb1c098d457379931bc0a",
				"ip": "0.0.0.0",
				"port": 38656
			},
			"buckets": [
				14
			],
			"attempts": 0,
			"bucket_type": 2,
			"last_attempt": "2024-05-11T05:08:04.344372403+02:00",
			"last_success": "2024-05-11T05:08:04.344372403+02:00",
			"last_ban_time": "0001-01-01T00:00:00Z"
		},
		{
			"addr": {
				"id": "611440c7193678ec1cd0c60b55abfca07dfa27cd",
				"ip": "95.217.161.97",
				"port": 26656
			},
			"src": {
				"id": "eb4d2c546be8d2dc62d41ff5e98ef4ee96d2ff29",
				"ip": "0.0.0.0",
				"port": 26656
			},
			"buckets": [
				137
			],
			"attempts": 0,
			"bucket_type": 1,
			"last_attempt": "2024-05-11T01:31:54.58176111+02:00",
			"last_success": "0001-01-01T00:00:00Z",
			"last_ban_time": "0001-01-01T00:00:00Z"
		},
		{
			"addr": {
				"id": "7e82b7c61b1c5819098ed0849cdeec5bde077e86",
				"ip": "37.27.86.137",
				"port": 26656
			},
			"src": {
				"id": "eb4d2c546be8d2dc62d41ff5e98ef4ee96d2ff29",
				"ip": "0.0.0.0",
				"port": 26656
			},
			"buckets": [
				173
			],
			"attempts": 0,
			"bucket_type": 1,
			"last_attempt": "2024-05-11T01:31:54.581771878+02:00",
			"last_success": "0001-01-01T00:00:00Z",
			"last_ban_time": "0001-01-01T00:00:00Z"
		},
		{
			"addr": {
				"id": "84338d734df72a61b6b455970da2fd78b960f97c",
				"ip": "131.153.242.101",
				"port": 26656
			},
			"src": {
				"id": "84b6ccf69680c9459b3b78ca4ba80313fa9b315a",
				"ip": "0.0.0.0",
				"port": 26656
			},
			"buckets": [
				173
			],
			"attempts": 0,
			"bucket_type": 1,
			"last_attempt": "2024-05-11T04:48:01.731386363+02:00",
			"last_success": "0001-01-01T00:00:00Z",
			"last_ban_time": "0001-01-01T00:00:00Z"
		},
		{
			"addr": {
				"id": "23152e91e3bd642bef6508c8d6bd1dbedccf9e56",
				"ip": "95.111.237.24",
				"port": 26656
			},
			"src": {
				"id": "0fc70473e7ee84b77ebcb1c098d457379931bc0a",
				"ip": "0.0.0.0",
				"port": 38656
			},
			"buckets": [
				10
			],
			"attempts": 0,
			"bucket_type": 2,
			"last_attempt": "2024-05-11T05:22:09.697756311+02:00",
			"last_success": "2024-05-11T05:22:09.697756311+02:00",
			"last_ban_time": "0001-01-01T00:00:00Z"
		},
		{
			"addr": {
				"id": "49fb1316b22c71e455720af15dd552dafb9af39a",
				"ip": "5.189.151.175",
				"port": 26656
			},
			"src": {
				"id": "0305205b9c2c76557381ed71ac23244558a51099",
				"ip": "0.0.0.0",
				"port": 26656
			},
			"buckets": [
				71,
				171,
				13
			],
			"attempts": 0,
			"bucket_type": 1,
			"last_attempt": "2024-05-10T11:50:34.91939587+02:00",
			"last_success": "0001-01-01T00:00:00Z",
			"last_ban_time": "0001-01-01T00:00:00Z"
		},
		{
			"addr": {
				"id": "5b31fdf605645b44ad615c8b79b1550540895fe5",
				"ip": "35.214.147.230",
				"port": 26656
			},
			"src": {
				"id": "eb4d2c546be8d2dc62d41ff5e98ef4ee96d2ff29",
				"ip": "0.0.0.0",
				"port": 26656
			},
			"buckets": [
				28,
				18,
				91
			],
			"attempts": 0,
			"bucket_type": 1,
			"last_attempt": "2024-05-10T11:48:23.002233001+02:00",
			"last_success": "0001-01-01T00:00:00Z",
			"last_ban_time": "0001-01-01T00:00:00Z"
		},
		{
			"addr": {
				"id": "5138e089bc938e0d6377ca1a80126cdddc65af96",
				"ip": "195.26.243.208",
				"port": 47656
			},
			"src": {
				"id": "84b6ccf69680c9459b3b78ca4ba80313fa9b315a",
				"ip": "0.0.0.0",
				"port": 26656
			},
			"buckets": [
				205
			],
			"attempts": 0,
			"bucket_type": 1,
			"last_attempt": "2024-05-11T04:25:26.850619278+02:00",
			"last_success": "0001-01-01T00:00:00Z",
			"last_ban_time": "0001-01-01T00:00:00Z"
		},
		{
			"addr": {
				"id": "fb20e4cfdece3a39e4ba43b40072c1d57e482399",
				"ip": "123.19.45.21",
				"port": 16656
			},
			"src": {
				"id": "e831fa909cce0d1807cfcf417e28e782530f5c94",
				"ip": "0.0.0.0",
				"port": 26666
			},
			"buckets": [
				232,
				35,
				135
			],
			"attempts": 0,
			"bucket_type": 1,
			"last_attempt": "2024-05-10T11:50:19.655907213+02:00",
			"last_success": "0001-01-01T00:00:00Z",
			"last_ban_time": "0001-01-01T00:00:00Z"
		},
		{
			"addr": {
				"id": "c284cbda3ab197001136c39c9df8e45af2038513",
				"ip": "34.93.143.222",
				"port": 26656
			},
			"src": {
				"id": "eb4d2c546be8d2dc62d41ff5e98ef4ee96d2ff29",
				"ip": "0.0.0.0",
				"port": 26656
			},
			"buckets": [
				13
			],
			"attempts": 0,
			"bucket_type": 1,
			"last_attempt": "2024-05-11T01:31:54.581808358+02:00",
			"last_success": "0001-01-01T00:00:00Z",
			"last_ban_time": "0001-01-01T00:00:00Z"
		},
		{
			"addr": {
				"id": "5a161464aa73571f1b7e22204bcf3bdb6fb71f3b",
				"ip": "195.26.241.184",
				"port": 26656
			},
			"src": {
				"id": "eb4d2c546be8d2dc62d41ff5e98ef4ee96d2ff29",
				"ip": "0.0.0.0",
				"port": 26656
			},
			"buckets": [
				205
			],
			"attempts": 0,
			"bucket_type": 1,
			"last_attempt": "2024-05-11T01:31:54.581813644+02:00",
			"last_success": "0001-01-01T00:00:00Z",
			"last_ban_time": "0001-01-01T00:00:00Z"
		},
		{
			"addr": {
				"id": "575e98598e9813a26576759c7ef70fd38d2516a4",
				"ip": "65.109.113.251",
				"port": 15656
			},
			"src": {
				"id": "eb4d2c546be8d2dc62d41ff5e98ef4ee96d2ff29",
				"ip": "0.0.0.0",
				"port": 26656
			},
			"buckets": [
				100,
				108,
				104
			],
			"attempts": 0,
			"bucket_type": 1,
			"last_attempt": "2024-05-10T11:48:23.002104892+02:00",
			"last_success": "0001-01-01T00:00:00Z",
			"last_ban_time": "0001-01-01T00:00:00Z"
		},
		{
			"addr": {
				"id": "beec52199d4b28cab6fc3b2f2a2718c6667ac46a",
				"ip": "37.27.19.95",
				"port": 26656
			},
			"src": {
				"id": "eb4d2c546be8d2dc62d41ff5e98ef4ee96d2ff29",
				"ip": "0.0.0.0",
				"port": 26656
			},
			"buckets": [
				173
			],
			"attempts": 0,
			"bucket_type": 1,
			"last_attempt": "2024-05-11T01:31:54.581786036+02:00",
			"last_success": "0001-01-01T00:00:00Z",
			"last_ban_time": "0001-01-01T00:00:00Z"
		},
		{
			"addr": {
				"id": "976a0fe0a0fa205478beb66addaae3842907c3f6",
				"ip": "37.27.48.77",
				"port": 32656
			},
			"src": {
				"id": "84b6ccf69680c9459b3b78ca4ba80313fa9b315a",
				"ip": "0.0.0.0",
				"port": 26656
			},
			"buckets": [
				173
			],
			"attempts": 0,
			"bucket_type": 1,
			"last_attempt": "2024-05-11T04:25:26.895414379+02:00",
			"last_success": "0001-01-01T00:00:00Z",
			"last_ban_time": "0001-01-01T00:00:00Z"
		},
		{
			"addr": {
				"id": "84b6ccf69680c9459b3b78ca4ba80313fa9b315a",
				"ip": "159.69.208.30",
				"port": 26656
			},
			"src": {
				"id": "0fc70473e7ee84b77ebcb1c098d457379931bc0a",
				"ip": "0.0.0.0",
				"port": 38656
			},
			"buckets": [
				36
			],
			"attempts": 0,
			"bucket_type": 2,
			"last_attempt": "2024-05-11T03:50:38.855781327+02:00",
			"last_success": "2024-05-11T03:50:38.855781327+02:00",
			"last_ban_time": "0001-01-01T00:00:00Z"
		},
		{
			"addr": {
				"id": "a832f99f615a723e83f9dd27be4ebaf06b3e635e",
				"ip": "113.176.163.161",
				"port": 26656
			},
			"src": {
				"id": "eb4d2c546be8d2dc62d41ff5e98ef4ee96d2ff29",
				"ip": "0.0.0.0",
				"port": 26656
			},
			"buckets": [
				17,
				98,
				200
			],
			"attempts": 0,
			"bucket_type": 1,
			"last_attempt": "2024-05-10T11:48:23.002119243+02:00",
			"last_success": "0001-01-01T00:00:00Z",
			"last_ban_time": "0001-01-01T00:00:00Z"
		},
		{
			"addr": {
				"id": "c97c7a9c11cf3cb059ce89c36f7ff219daa3ada4",
				"ip": "195.26.246.26",
				"port": 26656
			},
			"src": {
				"id": "0305205b9c2c76557381ed71ac23244558a51099",
				"ip": "0.0.0.0",
				"port": 26656
			},
			"buckets": [
				18,
				205
			],
			"attempts": 0,
			"bucket_type": 1,
			"last_attempt": "2024-05-10T14:10:09.106289671+02:00",
			"last_success": "0001-01-01T00:00:00Z",
			"last_ban_time": "0001-01-01T00:00:00Z"
		},
		{
			"addr": {
				"id": "b82ac298366a89db5ab9e4e4d3cc9849a7a3ec9a",
				"ip": "65.109.30.150",
				"port": 47656
			},
			"src": {
				"id": "086d19f4d7542666c8b0cac703f78d4a8d4ec528",
				"ip": "0.0.0.0",
				"port": 26656
			},
			"buckets": [
				108,
				104
			],
			"attempts": 0,
			"bucket_type": 1,
			"last_attempt": "2024-05-10T14:10:09.473232258+02:00",
			"last_success": "0001-01-01T00:00:00Z",
			"last_ban_time": "0001-01-01T00:00:00Z"
		},
		{
			"addr": {
				"id": "5c5989b5dee8cff0b379c4f7273eac3091c3137b",
				"ip": "57.128.74.22",
				"port": 56256
			},
			"src": {
				"id": "de2e7251667dee5de5eed98e54a58749fadd23d8",
				"ip": "0.0.0.0",
				"port": 26656
			},
			"buckets": [
				2
			],
			"attempts": 8,
			"bucket_type": 2,
			"last_attempt": "2024-05-10T14:13:50.819617756+02:00",
			"last_success": "2024-05-09T00:48:52.142416459Z",
			"last_ban_time": "0001-01-01T00:00:00Z"
		},
		{
			"addr": {
				"id": "70807903180371f9cd3a10a63b025d15c6605125",
				"ip": "195.26.255.109",
				"port": 26656
			},
			"src": {
				"id": "e09fa8cc6b06b99d07560b6c33443023e6a3b9c6",
				"ip": "0.0.0.0",
				"port": 26656
			},
			"buckets": [
				64,
				238,
				81,
				185
			],
			"attempts": 38,
			"bucket_type": 1,
			"last_attempt": "2024-05-10T11:40:36.270888429+02:00",
			"last_success": "0001-01-01T00:00:00Z",
			"last_ban_time": "0001-01-01T00:00:00Z"
		},
		{
			"addr": {
				"id": "f3c912cf5653e51ee94aaad0589a3d176d31a19d",
				"ip": "157.90.0.102",
				"port": 31656
			},
			"src": {
				"id": "e09fa8cc6b06b99d07560b6c33443023e6a3b9c6",
				"ip": "0.0.0.0",
				"port": 26656
			},
			"buckets": [
				111
			],
			"attempts": 0,
			"bucket_type": 1,
			"last_attempt": "2024-05-10T17:01:35.524695189+02:00",
			"last_success": "0001-01-01T00:00:00Z",
			"last_ban_time": "0001-01-01T00:00:00Z"
		},
		{
			"addr": {
				"id": "08a0014125bded5fe76b9dc3275b0a58b6841b43",
				"ip": "116.203.184.36",
				"port": 26656
			},
			"src": {
				"id": "e09fa8cc6b06b99d07560b6c33443023e6a3b9c6",
				"ip": "0.0.0.0",
				"port": 26656
			},
			"buckets": [
				135
			],
			"attempts": 0,
			"bucket_type": 1,
			"last_attempt": "2024-05-10T17:01:35.524719724+02:00",
			"last_success": "0001-01-01T00:00:00Z",
			"last_ban_time": "0001-01-01T00:00:00Z"
		},
		{
			"addr": {
				"id": "48887cbb310bb854d7f9da8d5687cbfca02b9968",
				"ip": "35.200.245.190",
				"port": 26656
			},
			"src": {
				"id": "de2e7251667dee5de5eed98e54a58749fadd23d8",
				"ip": "0.0.0.0",
				"port": 26656
			},
			"buckets": [
				34
			],
			"attempts": 9,
			"bucket_type": 2,
			"last_attempt": "2024-05-10T14:10:12.032584218+02:00",
			"last_success": "2024-05-09T05:52:50.861021418Z",
			"last_ban_time": "0001-01-01T00:00:00Z"
		},
		{
			"addr": {
				"id": "1918bd71bc764c71456d10483f754884223959a5",
				"ip": "35.240.206.208",
				"port": 26656
			},
			"src": {
				"id": "de2e7251667dee5de5eed98e54a58749fadd23d8",
				"ip": "0.0.0.0",
				"port": 26656
			},
			"buckets": [
				38
			],
			"attempts": 11,
			"bucket_type": 2,
			"last_attempt": "2024-05-10T14:13:51.009681324+02:00",
			"last_success": "2024-05-09T07:38:58.644041191Z",
			"last_ban_time": "0001-01-01T00:00:00Z"
		},
		{
			"addr": {
				"id": "1ad9bdeac0b06f585a9c64261d0705c4cbfd28e7",
				"ip": "144.91.99.93",
				"port": 26656
			},
			"src": {
				"id": "0305205b9c2c76557381ed71ac23244558a51099",
				"ip": "0.0.0.0",
				"port": 26656
			},
			"buckets": [
				3
			],
			"attempts": 0,
			"bucket_type": 2,
			"last_attempt": "2024-05-11T05:35:15.503513381+02:00",
			"last_success": "2024-05-11T05:35:15.503513381+02:00",
			"last_ban_time": "0001-01-01T00:00:00Z"
		},
		{
			"addr": {
				"id": "42897b24165bb42b23f1052792f673165b2b0b21",
				"ip": "141.95.151.163",
				"port": 26656
			},
			"src": {
				"id": "84b6ccf69680c9459b3b78ca4ba80313fa9b315a",
				"ip": "0.0.0.0",
				"port": 26656
			},
			"buckets": [
				91
			],
			"attempts": 0,
			"bucket_type": 1,
			"last_attempt": "2024-05-11T04:25:26.850605017+02:00",
			"last_success": "0001-01-01T00:00:00Z",
			"last_ban_time": "0001-01-01T00:00:00Z"
		},
		{
			"addr": {
				"id": "9d501aa2efb9a530e626fa0122baa76f551a25c7",
				"ip": "131.153.242.101",
				"port": 26656
			},
			"src": {
				"id": "84b6ccf69680c9459b3b78ca4ba80313fa9b315a",
				"ip": "0.0.0.0",
				"port": 26656
			},
			"buckets": [
				173
			],
			"attempts": 0,
			"bucket_type": 1,
			"last_attempt": "2024-05-11T04:45:26.888082122+02:00",
			"last_success": "0001-01-01T00:00:00Z",
			"last_ban_time": "0001-01-01T00:00:00Z"
		},
		{
			"addr": {
				"id": "e09fa8cc6b06b99d07560b6c33443023e6a3b9c6",
				"ip": "65.21.131.187",
				"port": 26656
			},
			"src": {
				"id": "de2e7251667dee5de5eed98e54a58749fadd23d8",
				"ip": "0.0.0.0",
				"port": 26656
			},
			"buckets": [
				20
			],
			"attempts": 0,
			"bucket_type": 2,
			"last_attempt": "2024-05-11T04:43:25.424448518+02:00",
			"last_success": "2024-05-11T04:43:25.424448518+02:00",
			"last_ban_time": "0001-01-01T00:00:00Z"
		},
		{
			"addr": {
				"id": "ff7dff8cc8eacc3773de82b16705bee314d4b4ee",
				"ip": "65.109.30.35",
				"port": 63656
			},
			"src": {
				"id": "84b6ccf69680c9459b3b78ca4ba80313fa9b315a",
				"ip": "0.0.0.0",
				"port": 26656
			},
			"buckets": [
				104
			],
			"attempts": 0,
			"bucket_type": 1,
			"last_attempt": "2024-05-11T04:45:26.888129327+02:00",
			"last_success": "0001-01-01T00:00:00Z",
			"last_ban_time": "0001-01-01T00:00:00Z"
		},
		{
			"addr": {
				"id": "eb4d2c546be8d2dc62d41ff5e98ef4ee96d2ff29",
				"ip": "46.250.233.5",
				"port": 26656
			},
			"src": {
				"id": "0fc70473e7ee84b77ebcb1c098d457379931bc0a",
				"ip": "0.0.0.0",
				"port": 38656
			},
			"buckets": [
				8,
				33,
				177
			],
			"attempts": 0,
			"bucket_type": 1,
			"last_attempt": "2024-05-10T11:48:19.314039425+02:00",
			"last_success": "0001-01-01T00:00:00Z",
			"last_ban_time": "0001-01-01T00:00:00Z"
		},
		{
			"addr": {
				"id": "bff7c802021ed3b4aaf222da9d42280bfc5dad88",
				"ip": "65.109.139.181",
				"port": 26656
			},
			"src": {
				"id": "0305205b9c2c76557381ed71ac23244558a51099",
				"ip": "0.0.0.0",
				"port": 26656
			},
			"buckets": [
				108,
				104
			],
			"attempts": 0,
			"bucket_type": 1,
			"last_attempt": "2024-05-10T14:10:09.106340466+02:00",
			"last_success": "0001-01-01T00:00:00Z",
			"last_ban_time": "0001-01-01T00:00:00Z"
		},
		{
			"addr": {
				"id": "0254e4f7aa7317aed23b0a28261e0a2510339393",
				"ip": "104.251.215.102",
				"port": 63656
			},
			"src": {
				"id": "84b6ccf69680c9459b3b78ca4ba80313fa9b315a",
				"ip": "0.0.0.0",
				"port": 26656
			},
			"buckets": [
				91
			],
			"attempts": 0,
			"bucket_type": 1,
			"last_attempt": "2024-05-11T04:25:26.895399185+02:00",
			"last_success": "0001-01-01T00:00:00Z",
			"last_ban_time": "0001-01-01T00:00:00Z"
		},
		{
			"addr": {
				"id": "db38d672f66df4de01b26e1fa97e1632fbfb1bdf",
				"ip": "173.249.57.190",
				"port": 26656
			},
			"src": {
				"id": "0305205b9c2c76557381ed71ac23244558a51099",
				"ip": "0.0.0.0",
				"port": 26656
			},
			"buckets": [
				20
			],
			"attempts": 0,
			"bucket_type": 2,
			"last_attempt": "2024-05-11T05:23:06.065280658+02:00",
			"last_success": "2024-05-11T05:23:06.065280658+02:00",
			"last_ban_time": "0001-01-01T00:00:00Z"
		},
		{
			"addr": {
				"id": "1ae671ef5610b32af93524d19e578987578d1e34",
				"ip": "23.158.200.127",
				"port": 26656
			},
			"src": {
				"id": "e831fa909cce0d1807cfcf417e28e782530f5c94",
				"ip": "0.0.0.0",
				"port": 26666
			},
			"buckets": [
				192,
				136,
				180
			],
			"attempts": 1,
			"bucket_type": 1,
			"last_attempt": "2024-05-10T14:13:48.147980542+02:00",
			"last_success": "0001-01-01T00:00:00Z",
			"last_ban_time": "0001-01-01T00:00:00Z"
		},
		{
			"addr": {
				"id": "87dcd315edcc343b6885e71393a72cf4bae9aad1",
				"ip": "109.199.121.180",
				"port": 36656
			},
			"src": {
				"id": "84b6ccf69680c9459b3b78ca4ba80313fa9b315a",
				"ip": "0.0.0.0",
				"port": 26656
			},
			"buckets": [
				110,
				150
			],
			"attempts": 0,
			"bucket_type": 1,
			"last_attempt": "2024-05-10T14:10:09.11780402+02:00",
			"last_success": "0001-01-01T00:00:00Z",
			"last_ban_time": "0001-01-01T00:00:00Z"
		},
		{
			"addr": {
				"id": "da7c279accee690913f2bfc7a1105829cac92cb8",
				"ip": "113.161.185.148",
				"port": 26656
			},
			"src": {
				"id": "eb4d2c546be8d2dc62d41ff5e98ef4ee96d2ff29",
				"ip": "0.0.0.0",
				"port": 26656
			},
			"buckets": [
				223,
				108,
				135
			],
			"attempts": 0,
			"bucket_type": 1,
			"last_attempt": "2024-05-10T11:48:23.002245253+02:00",
			"last_success": "0001-01-01T00:00:00Z",
			"last_ban_time": "0001-01-01T00:00:00Z"
		},
		{
			"addr": {
				"id": "aa773e2723a09149fb6b97bd648935ec806a09b7",
				"ip": "128.140.94.113",
				"port": 26656
			},
			"src": {
				"id": "eb4d2c546be8d2dc62d41ff5e98ef4ee96d2ff29",
				"ip": "0.0.0.0",
				"port": 26656
			},
			"buckets": [
				147,
				234,
				173
			],
			"attempts": 1,
			"bucket_type": 1,
			"last_attempt": "2024-05-10T12:28:50.315927153+02:00",
			"last_success": "0001-01-01T00:00:00Z",
			"last_ban_time": "0001-01-01T00:00:00Z"
		},
		{
			"addr": {
				"id": "6a2f6a5cd2050f72704d6a9c8917a5bf0ed63b53",
				"ip": "93.115.25.41",
				"port": 26656
			},
			"src": {
				"id": "de2e7251667dee5de5eed98e54a58749fadd23d8",
				"ip": "0.0.0.0",
				"port": 26656
			},
			"buckets": [
				80,
				58,
				50,
				246
			],
			"attempts": 16,
			"bucket_type": 1,
			"last_attempt": "2024-05-10T11:48:52.348087629+02:00",
			"last_success": "0001-01-01T00:00:00Z",
			"last_ban_time": "0001-01-01T00:00:00Z"
		},
		{
			"addr": {
				"id": "515d8e638fb2dd8ca1cc2ad12588999d1bbba7cc",
				"ip": "65.109.63.103",
				"port": 63656
			},
			"src": {
				"id": "84b6ccf69680c9459b3b78ca4ba80313fa9b315a",
				"ip": "0.0.0.0",
				"port": 26656
			},
			"buckets": [
				104
			],
			"attempts": 0,
			"bucket_type": 1,
			"last_attempt": "2024-05-11T04:45:26.88822351+02:00",
			"last_success": "0001-01-01T00:00:00Z",
			"last_ban_time": "0001-01-01T00:00:00Z"
		},
		{
			"addr": {
				"id": "487691ba3a3bcc848f8da2cc4536e898c00f59e3",
				"ip": "23.158.200.127",
				"port": 26656
			},
			"src": {
				"id": "84b6ccf69680c9459b3b78ca4ba80313fa9b315a",
				"ip": "0.0.0.0",
				"port": 26656
			},
			"buckets": [
				180
			],
			"attempts": 0,
			"bucket_type": 1,
			"last_attempt": "2024-05-11T04:48:01.731439673+02:00",
			"last_success": "0001-01-01T00:00:00Z",
			"last_ban_time": "0001-01-01T00:00:00Z"
		},
		{
			"addr": {
				"id": "2d1ea4833843cc1433e3c44e69e297f357d2d8bd",
				"ip": "35.203.171.169",
				"port": 26656
			},
			"src": {
				"id": "de2e7251667dee5de5eed98e54a58749fadd23d8",
				"ip": "0.0.0.0",
				"port": 26656
			},
			"buckets": [
				149,
				143,
				126,
				6
			],
			"attempts": 40,
			"bucket_type": 1,
			"last_attempt": "2024-05-10T11:48:50.315026226+02:00",
			"last_success": "0001-01-01T00:00:00Z",
			"last_ban_time": "0001-01-01T00:00:00Z"
		},
		{
			"addr": {
				"id": "c58e46ab610eb0145b187508321114dfcbf1e4e6",
				"ip": "178.18.251.146",
				"port": 11656
			},
			"src": {
				"id": "eb4d2c546be8d2dc62d41ff5e98ef4ee96d2ff29",
				"ip": "0.0.0.0",
				"port": 26656
			},
			"buckets": [
				217,
				211,
				179
			],
			"attempts": 1,
			"bucket_type": 1,
			"last_attempt": "2024-05-10T11:50:20.334790877+02:00",
			"last_success": "0001-01-01T00:00:00Z",
			"last_ban_time": "0001-01-01T00:00:00Z"
		},
		{
			"addr": {
				"id": "fed2e80e159a23bf9f71f980b501c2304cec2f6d",
				"ip": "185.194.216.61",
				"port": 17656
			},
			"src": {
				"id": "eb4d2c546be8d2dc62d41ff5e98ef4ee96d2ff29",
				"ip": "0.0.0.0",
				"port": 26656
			},
			"buckets": [
				94,
				136,
				179
			],
			"attempts": 0,
			"bucket_type": 1,
			"last_attempt": "2024-05-10T11:48:23.002176214+02:00",
			"last_success": "0001-01-01T00:00:00Z",
			"last_ban_time": "0001-01-01T00:00:00Z"
		},
		{
			"addr": {
				"id": "de2e7251667dee5de5eed98e54a58749fadd23d8",
				"ip": "34.22.237.85",
				"port": 26656
			},
			"src": {
				"id": "fb20e4cfdece3a39e4ba43b40072c1d57e482399",
				"ip": "0.0.0.0",
				"port": 16656
			},
			"buckets": [
				14
			],
			"attempts": 9,
			"bucket_type": 2,
			"last_attempt": "2024-05-10T11:48:22.327194692+02:00",
			"last_success": "2024-05-09T05:09:18.789545287Z",
			"last_ban_time": "0001-01-01T00:00:00Z"
		},
		{
			"addr": {
				"id": "d92c7efcb453ba2edab6d80ad6e3b692e3a7e4f5",
				"ip": "49.13.120.225",
				"port": 26656
			},
			"src": {
				"id": "eb4d2c546be8d2dc62d41ff5e98ef4ee96d2ff29",
				"ip": "0.0.0.0",
				"port": 26656
			},
			"buckets": [
				176
			],
			"attempts": 0,
			"bucket_type": 1,
			"last_attempt": "2024-05-11T01:31:54.581821333+02:00",
			"last_success": "0001-01-01T00:00:00Z",
			"last_ban_time": "0001-01-01T00:00:00Z"
		},
		{
			"addr": {
				"id": "009075e1d1b0989ab2d0563c9e7454eb6c320772",
				"ip": "35.200.232.241",
				"port": 26656
			},
			"src": {
				"id": "84b6ccf69680c9459b3b78ca4ba80313fa9b315a",
				"ip": "0.0.0.0",
				"port": 26656
			},
			"buckets": [
				179
			],
			"attempts": 0,
			"bucket_type": 1,
			"last_attempt": "2024-05-11T04:25:26.895541436+02:00",
			"last_success": "0001-01-01T00:00:00Z",
			"last_ban_time": "0001-01-01T00:00:00Z"
		},
		{
			"addr": {
				"id": "479b63df84e247c55e80cccd9abbf7100a334fcc",
				"ip": "65.108.156.83",
				"port": 26656
			},
			"src": {
				"id": "84b6ccf69680c9459b3b78ca4ba80313fa9b315a",
				"ip": "0.0.0.0",
				"port": 26656
			},
			"buckets": [
				111
			],
			"attempts": 0,
			"bucket_type": 1,
			"last_attempt": "2024-05-11T04:48:01.731430994+02:00",
			"last_success": "0001-01-01T00:00:00Z",
			"last_ban_time": "0001-01-01T00:00:00Z"
		},
		{
			"addr": {
				"id": "3e5f3247d41d2c3ceeef0987f836e9b29068a3e9",
				"ip": "168.119.31.198",
				"port": 56256
			},
			"src": {
				"id": "de2e7251667dee5de5eed98e54a58749fadd23d8",
				"ip": "0.0.0.0",
				"port": 26656
			},
			"buckets": [
				49
			],
			"attempts": 10,
			"bucket_type": 2,
			"last_attempt": "2024-05-10T14:13:50.81466192+02:00",
			"last_success": "2024-05-09T00:02:55.047719573Z",
			"last_ban_time": "0001-01-01T00:00:00Z"
		},
		{
			"addr": {
				"id": "0305205b9c2c76557381ed71ac23244558a51099",
				"ip": "162.55.65.162",
				"port": 26656
			},
			"src": {
				"id": "de2e7251667dee5de5eed98e54a58749fadd23d8",
				"ip": "0.0.0.0",
				"port": 26656
			},
			"buckets": [
				1
			],
			"attempts": 0,
			"bucket_type": 2,
			"last_attempt": "2024-05-11T05:34:35.8818764+02:00",
			"last_success": "2024-05-11T05:34:35.8818764+02:00",
			"last_ban_time": "0001-01-01T00:00:00Z"
		},
		{
			"addr": {
				"id": "a6384bd23bd728ffa9a8452b12fc865dadf51672",
				"ip": "81.200.154.160",
				"port": 26656
			},
			"src": {
				"id": "eb4d2c546be8d2dc62d41ff5e98ef4ee96d2ff29",
				"ip": "0.0.0.0",
				"port": 26656
			},
			"buckets": [
				105,
				29,
				214
			],
			"attempts": 0,
			"bucket_type": 1,
			"last_attempt": "2024-05-10T11:48:23.002126875+02:00",
			"last_success": "0001-01-01T00:00:00Z",
			"last_ban_time": "0001-01-01T00:00:00Z"
		},
		{
			"addr": {
				"id": "07927adaadbe1d31b6c8dbbf231f53691154591b",
				"ip": "35.200.233.238",
				"port": 80
			},
			"src": {
				"id": "84b6ccf69680c9459b3b78ca4ba80313fa9b315a",
				"ip": "0.0.0.0",
				"port": 26656
			},
			"buckets": [
				179
			],
			"attempts": 0,
			"bucket_type": 1,
			"last_attempt": "2024-05-11T04:45:26.888209237+02:00",
			"last_success": "0001-01-01T00:00:00Z",
			"last_ban_time": "0001-01-01T00:00:00Z"
		},
		{
			"addr": {
				"id": "4ca8e94a00d8462823770b38c86c6c70f0e79cbc",
				"ip": "117.2.123.206",
				"port": 26656
			},
			"src": {
				"id": "eb4d2c546be8d2dc62d41ff5e98ef4ee96d2ff29",
				"ip": "0.0.0.0",
				"port": 26656
			},
			"buckets": [
				238,
				112
			],
			"attempts": 0,
			"bucket_type": 1,
			"last_attempt": "2024-05-10T11:48:23.002191635+02:00",
			"last_success": "0001-01-01T00:00:00Z",
			"last_ban_time": "0001-01-01T00:00:00Z"
		},
		{
			"addr": {
				"id": "6025c1523ad0cd6926ef277cfcf46d82ebb43c21",
				"ip": "116.203.24.46",
				"port": 26656
			},
			"src": {
				"id": "e831fa909cce0d1807cfcf417e28e782530f5c94",
				"ip": "0.0.0.0",
				"port": 26666
			},
			"buckets": [
				215,
				98,
				135
			],
			"attempts": 0,
			"bucket_type": 1,
			"last_attempt": "2024-05-10T11:50:19.656018508+02:00",
			"last_success": "0001-01-01T00:00:00Z",
			"last_ban_time": "0001-01-01T00:00:00Z"
		},
		{
			"addr": {
				"id": "b1dcbec01fa1673c58e50bb91524f2dd98db2c80",
				"ip": "2606:4700:3031::6815:3bce",
				"port": 80
			},
			"src": {
				"id": "84b6ccf69680c9459b3b78ca4ba80313fa9b315a",
				"ip": "0.0.0.0",
				"port": 26656
			},
			"buckets": [
				66
			],
			"attempts": 0,
			"bucket_type": 1,
			"last_attempt": "2024-05-11T04:25:26.850629764+02:00",
			"last_success": "0001-01-01T00:00:00Z",
			"last_ban_time": "0001-01-01T00:00:00Z"
		},
		{
			"addr": {
				"id": "6a3a13d7631823eb6dcd00882243c913c819a125",
				"ip": "38.242.196.100",
				"port": 26656
			},
			"src": {
				"id": "eb4d2c546be8d2dc62d41ff5e98ef4ee96d2ff29",
				"ip": "0.0.0.0",
				"port": 26656
			},
			"buckets": [
				23,
				171,
				234
			],
			"attempts": 0,
			"bucket_type": 1,
			"last_attempt": "2024-05-10T11:48:23.002226747+02:00",
			"last_success": "0001-01-01T00:00:00Z",
			"last_ban_time": "0001-01-01T00:00:00Z"
		},
		{
			"addr": {
				"id": "449297568d9d6d4aa51a93f7a1b1e92e1ec38619",
				"ip": "65.108.242.9",
				"port": 26656
			},
			"src": {
				"id": "eb4d2c546be8d2dc62d41ff5e98ef4ee96d2ff29",
				"ip": "0.0.0.0",
				"port": 26656
			},
			"buckets": [
				111
			],
			"attempts": 0,
			"bucket_type": 1,
			"last_attempt": "2024-05-11T01:31:54.581826123+02:00",
			"last_success": "0001-01-01T00:00:00Z",
			"last_ban_time": "0001-01-01T00:00:00Z"
		},
		{
			"addr": {
				"id": "59666d8fba69a344899d6c22389bcc797d98ece8",
				"ip": "84.247.170.5",
				"port": 63656
			},
			"src": {
				"id": "84b6ccf69680c9459b3b78ca4ba80313fa9b315a",
				"ip": "0.0.0.0",
				"port": 26656
			},
			"buckets": [
				96
			],
			"attempts": 0,
			"bucket_type": 1,
			"last_attempt": "2024-05-11T04:25:26.895460757+02:00",
			"last_success": "0001-01-01T00:00:00Z",
			"last_ban_time": "0001-01-01T00:00:00Z"
		},
		{
			"addr": {
				"id": "086d19f4d7542666c8b0cac703f78d4a8d4ec528",
				"ip": "135.148.232.105",
				"port": 26656
			},
			"src": {
				"id": "de2e7251667dee5de5eed98e54a58749fadd23d8",
				"ip": "0.0.0.0",
				"port": 26656
			},
			"buckets": [
				20
			],
			"attempts": 0,
			"bucket_type": 2,
			"last_attempt": "2024-05-11T03:13:31.881459634+02:00",
			"last_success": "2024-05-11T03:13:31.881459634+02:00",
			"last_ban_time": "0001-01-01T00:00:00Z"
		},
		{
			"addr": {
				"id": "6a15b9e57902eb6e950c434d94fafb1d7caf9a00",
				"ip": "37.27.19.184",
				"port": 26656
			},
			"src": {
				"id": "eb4d2c546be8d2dc62d41ff5e98ef4ee96d2ff29",
				"ip": "0.0.0.0",
				"port": 26656
			},
			"buckets": [
				173
			],
			"attempts": 0,
			"bucket_type": 1,
			"last_attempt": "2024-05-11T01:31:54.581801527+02:00",
			"last_success": "0001-01-01T00:00:00Z",
			"last_ban_time": "0001-01-01T00:00:00Z"
		},
		{
			"addr": {
				"id": "69e5a8d936d700bbd2c7214cec5f3cf28d042d09",
				"ip": "65.109.30.147",
				"port": 63656
			},
			"src": {
				"id": "84b6ccf69680c9459b3b78ca4ba80313fa9b315a",
				"ip": "0.0.0.0",
				"port": 26656
			},
			"buckets": [
				104
			],
			"attempts": 0,
			"bucket_type": 1,
			"last_attempt": "2024-05-11T04:45:26.888165773+02:00",
			"last_success": "0001-01-01T00:00:00Z",
			"last_ban_time": "0001-01-01T00:00:00Z"
		},
		{
			"addr": {
				"id": "e78a440c57576f3743e6aa9db00438462980927e",
				"ip": "5.161.199.115",
				"port": 26656
			},
			"src": {
				"id": "eb4d2c546be8d2dc62d41ff5e98ef4ee96d2ff29",
				"ip": "0.0.0.0",
				"port": 26656
			},
			"buckets": [
				71,
				52,
				176
			],
			"attempts": 0,
			"bucket_type": 1,
			"last_attempt": "2024-05-10T11:48:23.002209348+02:00",
			"last_success": "0001-01-01T00:00:00Z",
			"last_ban_time": "0001-01-01T00:00:00Z"
		},
		{
			"addr": {
				"id": "3e182e463425dfa6d4cef83f4bdd67c98c36eba3",
				"ip": "195.26.243.208",
				"port": 47656
			},
			"src": {
				"id": "e09fa8cc6b06b99d07560b6c33443023e6a3b9c6",
				"ip": "0.0.0.0",
				"port": 26656
			},
			"buckets": [
				205
			],
			"attempts": 0,
			"bucket_type": 1,
			"last_attempt": "2024-05-10T17:01:35.524650859+02:00",
			"last_success": "0001-01-01T00:00:00Z",
			"last_ban_time": "0001-01-01T00:00:00Z"
		},
		{
			"addr": {
				"id": "226b9c42e81cddd185d435348cd89f87fee37279",
				"ip": "135.181.42.46",
				"port": 26656
			},
			"src": {
				"id": "eb4d2c546be8d2dc62d41ff5e98ef4ee96d2ff29",
				"ip": "0.0.0.0",
				"port": 26656
			},
			"buckets": [
				41
			],
			"attempts": 0,
			"bucket_type": 1,
			"last_attempt": "2024-05-11T01:31:54.58177763+02:00",
			"last_success": "0001-01-01T00:00:00Z",
			"last_ban_time": "0001-01-01T00:00:00Z"
		},
		{
			"addr": {
				"id": "7fbeda300964da899eccba9919fc829a9335e320",
				"ip": "65.108.212.199",
				"port": 26656
			},
			"src": {
				"id": "eb4d2c546be8d2dc62d41ff5e98ef4ee96d2ff29",
				"ip": "0.0.0.0",
				"port": 26656
			},
			"buckets": [
				111
			],
			"attempts": 0,
			"bucket_type": 1,
			"last_attempt": "2024-05-11T01:31:54.581795088+02:00",
			"last_success": "0001-01-01T00:00:00Z",
			"last_ban_time": "0001-01-01T00:00:00Z"
		},
		{
			"addr": {
				"id": "1a7917564c007b4c099fe3e3dff83eb4675ce36a",
				"ip": "207.180.206.3",
				"port": 63656
			},
			"src": {
				"id": "84b6ccf69680c9459b3b78ca4ba80313fa9b315a",
				"ip": "0.0.0.0",
				"port": 26656
			},
			"buckets": [
				188
			],
			"attempts": 0,
			"bucket_type": 1,
			"last_attempt": "2024-05-11T04:25:26.89550646+02:00",
			"last_success": "0001-01-01T00:00:00Z",
			"last_ban_time": "0001-01-01T00:00:00Z"
		},
		{
			"addr": {
				"id": "8b72b2f2e027f8a736e36b2350f6897a5e9bfeaa",
				"ip": "131.153.232.69",
				"port": 26656
			},
			"src": {
				"id": "de2e7251667dee5de5eed98e54a58749fadd23d8",
				"ip": "0.0.0.0",
				"port": 26656
			},
			"buckets": [
				4
			],
			"attempts": 11,
			"bucket_type": 2,
			"last_attempt": "2024-05-10T14:13:50.909614678+02:00",
			"last_success": "2024-05-09T01:21:53.088166738Z",
			"last_ban_time": "0001-01-01T00:00:00Z"
		},
		{
			"addr": {
				"id": "284fba85922b6bdb98ca56f8e8e9e852a056e354",
				"ip": "116.105.188.164",
				"port": 16656
			},
			"src": {
				"id": "eb4d2c546be8d2dc62d41ff5e98ef4ee96d2ff29",
				"ip": "0.0.0.0",
				"port": 26656
			},
			"buckets": [
				103,
				110,
				176
			],
			"attempts": 0,
			"bucket_type": 1,
			"last_attempt": "2024-05-10T11:48:23.002220338+02:00",
			"last_success": "0001-01-01T00:00:00Z",
			"last_ban_time": "0001-01-01T00:00:00Z"
		},
		{
			"addr": {
				"id": "234aea1aaff7bb742231b4d3dc924cc818a2f5af",
				"ip": "175.141.175.218",
				"port": 26656
			},
			"src": {
				"id": "eb4d2c546be8d2dc62d41ff5e98ef4ee96d2ff29",
				"ip": "0.0.0.0",
				"port": 26656
			},
			"buckets": [
				17,
				20
			],
			"attempts": 0,
			"bucket_type": 1,
			"last_attempt": "2024-05-10T11:48:23.002146326+02:00",
			"last_success": "0001-01-01T00:00:00Z",
			"last_ban_time": "0001-01-01T00:00:00Z"
		},
		{
			"addr": {
				"id": "43c8c397d843c662e3ceb718606f0f654738dc78",
				"ip": "131.153.242.101",
				"port": 26656
			},
			"src": {
				"id": "84b6ccf69680c9459b3b78ca4ba80313fa9b315a",
				"ip": "0.0.0.0",
				"port": 26656
			},
			"buckets": [
				173
			],
			"attempts": 0,
			"bucket_type": 1,
			"last_attempt": "2024-05-11T04:45:26.888181778+02:00",
			"last_success": "0001-01-01T00:00:00Z",
			"last_ban_time": "0001-01-01T00:00:00Z"
		},
		{
			"addr": {
				"id": "7d162ef2392d25720d7cdb2cfdf2ccf146e32bac",
				"ip": "49.13.234.149",
				"port": 26656
			},
			"src": {
				"id": "eb4d2c546be8d2dc62d41ff5e98ef4ee96d2ff29",
				"ip": "0.0.0.0",
				"port": 26656
			},
			"buckets": [
				8,
				234,
				176
			],
			"attempts": 0,
			"bucket_type": 1,
			"last_attempt": "2024-05-10T11:48:23.002182557+02:00",
			"last_success": "0001-01-01T00:00:00Z",
			"last_ban_time": "0001-01-01T00:00:00Z"
		},
		{
			"addr": {
				"id": "2cb26082fe5b47c0302edf6acdb1c19856248b01",
				"ip": "95.217.34.91",
				"port": 15656
			},
			"src": {
				"id": "eb4d2c546be8d2dc62d41ff5e98ef4ee96d2ff29",
				"ip": "0.0.0.0",
				"port": 26656
			},
			"buckets": [
				23,
				254,
				137
			],
			"attempts": 0,
			"bucket_type": 1,
			"last_attempt": "2024-05-10T11:48:23.002087501+02:00",
			"last_success": "0001-01-01T00:00:00Z",
			"last_ban_time": "0001-01-01T00:00:00Z"
		},
		{
			"addr": {
				"id": "eb62523dfa0f9bd66a9b0c281382702c185ce1ee",
				"ip": "38.242.145.138",
				"port": 26656
			},
			"src": {
				"id": "de2e7251667dee5de5eed98e54a58749fadd23d8",
				"ip": "0.0.0.0",
				"port": 26656
			},
			"buckets": [
				64,
				170,
				120,
				43
			],
			"attempts": 41,
			"bucket_type": 1,
			"last_attempt": "2024-05-10T12:28:20.345695581+02:00",
			"last_success": "0001-01-01T00:00:00Z",
			"last_ban_time": "0001-01-01T00:00:00Z"
		},
		{
			"addr": {
				"id": "c1e9d12d80ec74b8ddbabdec9e0dad71337ba43f",
				"ip": "135.181.82.176",
				"port": 26656
			},
			"src": {
				"id": "0fc70473e7ee84b77ebcb1c098d457379931bc0a",
				"ip": "0.0.0.0",
				"port": 38656
			},
			"buckets": [
				5
			],
			"attempts": 0,
			"bucket_type": 2,
			"last_attempt": "2024-05-11T05:37:35.806674381+02:00",
			"last_success": "2024-05-11T05:37:35.806674381+02:00",
			"last_ban_time": "0001-01-01T00:00:00Z"
		},
		{
			"addr": {
				"id": "e831fa909cce0d1807cfcf417e28e782530f5c94",
				"ip": "161.97.66.254",
				"port": 26666
			},
			"src": {
				"id": "eb4d2c546be8d2dc62d41ff5e98ef4ee96d2ff29",
				"ip": "0.0.0.0",
				"port": 26656
			},
			"buckets": [
				104,
				94,
				211
			],
			"attempts": 0,
			"bucket_type": 1,
			"last_attempt": "2024-05-10T11:48:23.002094545+02:00",
			"last_success": "0001-01-01T00:00:00Z",
			"last_ban_time": "0001-01-01T00:00:00Z"
		},
		{
			"addr": {
				"id": "7d6694fb464a9c9761992f695e6ba1d334403986",
				"ip": "164.90.228.66",
				"port": 26656
			},
			"src": {
				"id": "0fc70473e7ee84b77ebcb1c098d457379931bc0a",
				"ip": "0.0.0.0",
				"port": 38656
			},
			"buckets": [
				58
			],
			"attempts": 0,
			"bucket_type": 2,
			"last_attempt": "2024-05-11T05:04:03.540933007+02:00",
			"last_success": "2024-05-11T05:04:03.540933007+02:00",
			"last_ban_time": "0001-01-01T00:00:00Z"
		},
		{
			"addr": {
				"id": "12dc815619fefd8ea682ab4bffac7179f85b8f1a",
				"ip": "93.43.199.2",
				"port": 25656
			},
			"src": {
				"id": "eb4d2c546be8d2dc62d41ff5e98ef4ee96d2ff29",
				"ip": "0.0.0.0",
				"port": 26656
			},
			"buckets": [
				104,
				183,
				13
			],
			"attempts": 0,
			"bucket_type": 1,
			"last_attempt": "2024-05-10T11:48:23.002155147+02:00",
			"last_success": "0001-01-01T00:00:00Z",
			"last_ban_time": "0001-01-01T00:00:00Z"
		},
		{
			"addr": {
				"id": "c8cf52089b901330e9859fe3664352649dc9fff1",
				"ip": "34.165.28.145",
				"port": 26656
			},
			"src": {
				"id": "de2e7251667dee5de5eed98e54a58749fadd23d8",
				"ip": "0.0.0.0",
				"port": 26656
			},
			"buckets": [
				72,
				154,
				143,
				50
			],
			"attempts": 14,
			"bucket_type": 1,
			"last_attempt": "2024-05-10T11:49:20.315259194+02:00",
			"last_success": "0001-01-01T00:00:00Z",
			"last_ban_time": "0001-01-01T00:00:00Z"
		},
		{
			"addr": {
				"id": "ddd9aade8e12d72cc874263c8b854e579903d21c",
				"ip": "34.165.28.145",
				"port": 26656
			},
			"src": {
				"id": "de2e7251667dee5de5eed98e54a58749fadd23d8",
				"ip": "0.0.0.0",
				"port": 26656
			},
			"buckets": [
				0
			],
			"attempts": 17,
			"bucket_type": 2,
			"last_attempt": "2024-05-10T14:13:48.811814736+02:00",
			"last_success": "2024-05-09T06:50:20.51418346Z",
			"last_ban_time": "0001-01-01T00:00:00Z"
		},
		{
			"addr": {
				"id": "89728035f6e33528b7af03b954f92061f4734884",
				"ip": "49.13.235.206",
				"port": 26656
			},
			"src": {
				"id": "eb4d2c546be8d2dc62d41ff5e98ef4ee96d2ff29",
				"ip": "0.0.0.0",
				"port": 26656
			},
			"buckets": [
				8,
				234,
				176
			],
			"attempts": 0,
			"bucket_type": 1,
			"last_attempt": "2024-05-10T11:48:23.002203004+02:00",
			"last_success": "0001-01-01T00:00:00Z",
			"last_ban_time": "0001-01-01T00:00:00Z"
		}
	]
}
