{
	"key": "b02fa6ce4bb83c64b8771e13",
	"addrs": [
		{
			"addr": {
				"id": "aaa634d10eb2d0ca973441a17fa329dc33ebd5cf",
				"ip": "34.134.104.171",
				"port": 26656
			},
			"src": {
				"id": "05413d5814b6efbb1cddec9ae240b2c638a127f5",
				"ip": "0.0.0.0",
				"port": 53100
			},
			"buckets": [
				16,
				122,
				54,
				35
			],
			"attempts": 3,
			"bucket_type": 1,
			"last_attempt": "2023-05-19T21:15:14.431105093Z",
			"last_success": "0001-01-01T00:00:00Z",
			"last_ban_time": "0001-01-01T00:00:00Z"
		},
		{
			"addr": {
				"id": "073aa336bd5849677e40b199ab0266517fb5fe28",
				"ip": "65.108.206.74",
				"port": 34656
			},
			"src": {
				"id": "c56bad24170d2a7fa4b6316cc08b2432cc0b0db1",
				"ip": "0.0.0.0",
				"port": 26656
			},
			"buckets": [
				62,
				95,
				189,
				108
			],
			"attempts": 4,
			"bucket_type": 1,
			"last_attempt": "2023-05-19T15:59:44.057793594Z",
			"last_success": "0001-01-01T00:00:00Z",
			"last_ban_time": "0001-01-01T00:00:00Z"
		},
		{
			"addr": {
				"id": "d1334258b592ebccb85a917aa65976b74e254a60",
				"ip": "65.109.65.248",
				"port": 31656
			},
			"src": {
				"id": "7e31ab391f5b5756a75dc18b5275b609c81a34ee",
				"ip": "34.122.164.239",
				"port": 26656
			},
			"buckets": [
				26
			],
			"attempts": 0,
			"bucket_type": 2,
			"last_attempt": "2023-05-28T03:53:12.744841672Z",
			"last_success": "2023-05-28T03:53:12.744841672Z",
			"last_ban_time": "0001-01-01T00:00:00Z"
		},
		{
			"addr": {
				"id": "7a2345a2e01f27576b3463a35e3b83f666d191d9",
				"ip": "204.93.241.110",
				"port": 27657
			},
			"src": {
				"id": "7e31ab391f5b5756a75dc18b5275b609c81a34ee",
				"ip": "34.122.164.239",
				"port": 26656
			},
			"buckets": [
				124,
				197,
				254,
				60
			],
			"attempts": 4,
			"bucket_type": 1,
			"last_attempt": "2023-05-20T22:33:15.058933021Z",
			"last_success": "0001-01-01T00:00:00Z",
			"last_ban_time": "0001-01-01T00:00:00Z"
		},
		{
			"addr": {
				"id": "b6031525e988eefd03452807806f08b0e9bc3289",
				"ip": "15.235.46.50",
				"port": 26656
			},
			"src": {
				"id": "05413d5814b6efbb1cddec9ae240b2c638a127f5",
				"ip": "0.0.0.0",
				"port": 53100
			},
			"buckets": [
				38
			],
			"attempts": 0,
			"bucket_type": 2,
			"last_attempt": "2023-05-28T00:43:47.158892086Z",
			"last_success": "2023-05-28T00:43:47.158892086Z",
			"last_ban_time": "0001-01-01T00:00:00Z"
		},
		{
			"addr": {
				"id": "ed7125298aa07ab9741dfe228dce937c3e53f396",
				"ip": "185.52.52.26",
				"port": 26656
			},
			"src": {
				"id": "05413d5814b6efbb1cddec9ae240b2c638a127f5",
				"ip": "0.0.0.0",
				"port": 53100
			},
			"buckets": [
				240,
				194,
				189,
				239
			],
			"attempts": 3,
			"bucket_type": 1,
			"last_attempt": "2023-05-20T22:33:44.138561282Z",
			"last_success": "0001-01-01T00:00:00Z",
			"last_ban_time": "0001-01-01T00:00:00Z"
		},
		{
			"addr": {
				"id": "85c669e01f5fca4d1ef7636a9526296a0083bb1d",
				"ip": "15.235.193.57",
				"port": 26656
			},
			"src": {
				"id": "c56bad24170d2a7fa4b6316cc08b2432cc0b0db1",
				"ip": "0.0.0.0",
				"port": 26656
			},
			"buckets": [
				60,
				63,
				193,
				158
			],
			"attempts": 11,
			"bucket_type": 1,
			"last_attempt": "2023-05-21T07:49:44.591016233Z",
			"last_success": "0001-01-01T00:00:00Z",
			"last_ban_time": "0001-01-01T00:00:00Z"
		},
		{
			"addr": {
				"id": "e8d60ff778f3c27f54382ff22c7ac071f2a81027",
				"ip": "35.223.36.227",
				"port": 26656
			},
			"src": {
				"id": "c56bad24170d2a7fa4b6316cc08b2432cc0b0db1",
				"ip": "0.0.0.0",
				"port": 26656
			},
			"buckets": [
				69,
				236,
				96,
				160
			],
			"attempts": 0,
			"bucket_type": 1,
			"last_attempt": "2023-05-19T15:21:46.327884294Z",
			"last_success": "0001-01-01T00:00:00Z",
			"last_ban_time": "0001-01-01T00:00:00Z"
		},
		{
			"addr": {
				"id": "8231851622f52005a4b0404fab666266a159afc4",
				"ip": "34.173.152.46",
				"port": 26656
			},
			"src": {
				"id": "c56bad24170d2a7fa4b6316cc08b2432cc0b0db1",
				"ip": "0.0.0.0",
				"port": 26656
			},
			"buckets": [
				57,
				23,
				150,
				98
			],
			"attempts": 2,
			"bucket_type": 1,
			"last_attempt": "2023-05-21T07:48:14.189230912Z",
			"last_success": "0001-01-01T00:00:00Z",
			"last_ban_time": "0001-01-01T00:00:00Z"
		},
		{
			"addr": {
				"id": "4f89952b73420ac7c7f7ab35ed5a2aee3a9e1dc0",
				"ip": "34.172.86.125",
				"port": 26656
			},
			"src": {
				"id": "7786f708c1851dd433a03f71ec3ff74d65895de7",
				"ip": "34.31.130.235",
				"port": 26656
			},
			"buckets": [
				86,
				123,
				147,
				33
			],
			"attempts": 7,
			"bucket_type": 1,
			"last_attempt": "2023-05-21T07:46:44.433290993Z",
			"last_success": "0001-01-01T00:00:00Z",
			"last_ban_time": "0001-01-01T00:00:00Z"
		},
		{
			"addr": {
				"id": "b9ba5ae75fbdee6812d1aa53ff7154ed59938cbc",
				"ip": "57.128.151.101",
				"port": 26656
			},
			"src": {
				"id": "05413d5814b6efbb1cddec9ae240b2c638a127f5",
				"ip": "0.0.0.0",
				"port": 53100
			},
			"buckets": [
				5,
				243,
				181,
				210
			],
			"attempts": 0,
			"bucket_type": 1,
			"last_attempt": "2023-05-19T15:21:46.803015419Z",
			"last_success": "0001-01-01T00:00:00Z",
			"last_ban_time": "0001-01-01T00:00:00Z"
		},
		{
			"addr": {
				"id": "272009296f322b24c1e6b120feaa716edbbbe125",
				"ip": "65.109.158.20",
				"port": 26676
			},
			"src": {
				"id": "d1334258b592ebccb85a917aa65976b74e254a60",
				"ip": "65.109.65.248",
				"port": 31656
			},
			"buckets": [
				129,
				147,
				115,
				1
			],
			"attempts": 0,
			"bucket_type": 1,
			"last_attempt": "2023-05-20T00:13:44.259095297Z",
			"last_success": "0001-01-01T00:00:00Z",
			"last_ban_time": "0001-01-01T00:00:00Z"
		},
		{
			"addr": {
				"id": "e5e4a459b85e7bd3f1769e08b7f488b9d0648844",
				"ip": "104.154.204.236",
				"port": 26656
			},
			"src": {
				"id": "05413d5814b6efbb1cddec9ae240b2c638a127f5",
				"ip": "0.0.0.0",
				"port": 53100
			},
			"buckets": [
				34,
				173,
				116,
				111
			],
			"attempts": 3,
			"bucket_type": 1,
			"last_attempt": "2023-05-21T07:42:15.05789972Z",
			"last_success": "0001-01-01T00:00:00Z",
			"last_ban_time": "0001-01-01T00:00:00Z"
		},
		{
			"addr": {
				"id": "6e979233abd7169fae331ed44fed8e88b996aec2",
				"ip": "142.132.146.185",
				"port": 26656
			},
			"src": {
				"id": "05413d5814b6efbb1cddec9ae240b2c638a127f5",
				"ip": "0.0.0.0",
				"port": 53100
			},
			"buckets": [
				57,
				19,
				71,
				116
			],
			"attempts": 2,
			"bucket_type": 1,
			"last_attempt": "2023-05-19T15:46:15.058046614Z",
			"last_success": "0001-01-01T00:00:00Z",
			"last_ban_time": "0001-01-01T00:00:00Z"
		},
		{
			"addr": {
				"id": "d0a57dec1e14e60e73c9a3f89f7cf351a846bd8a",
				"ip": "120.226.39.220",
				"port": 16656
			},
			"src": {
				"id": "c56bad24170d2a7fa4b6316cc08b2432cc0b0db1",
				"ip": "0.0.0.0",
				"port": 26656
			},
			"buckets": [
				16,
				149,
				36,
				232
			],
			"attempts": 2,
			"bucket_type": 1,
			"last_attempt": "2023-05-19T15:40:44.338032075Z",
			"last_success": "0001-01-01T00:00:00Z",
			"last_ban_time": "0001-01-01T00:00:00Z"
		},
		{
			"addr": {
				"id": "92f4a62a35bf75c771709d94e39eb8fca2bd0059",
				"ip": "54.36.227.1",
				"port": 26656
			},
			"src": {
				"id": "c56bad24170d2a7fa4b6316cc08b2432cc0b0db1",
				"ip": "0.0.0.0",
				"port": 26656
			},
			"buckets": [
				99,
				1,
				250,
				48
			],
			"attempts": 5,
			"bucket_type": 1,
			"last_attempt": "2023-05-21T07:51:14.121459201Z",
			"last_success": "0001-01-01T00:00:00Z",
			"last_ban_time": "0001-01-01T00:00:00Z"
		},
		{
			"addr": {
				"id": "2a468911e735b2dfc41e6ea4250dddf8ea1ac561",
				"ip": "65.108.13.154",
				"port": 31656
			},
			"src": {
				"id": "c56bad24170d2a7fa4b6316cc08b2432cc0b0db1",
				"ip": "0.0.0.0",
				"port": 26656
			},
			"buckets": [
				189,
				114,
				108,
				146
			],
			"attempts": 0,
			"bucket_type": 1,
			"last_attempt": "2023-05-19T19:55:14.438483982Z",
			"last_success": "0001-01-01T00:00:00Z",
			"last_ban_time": "0001-01-01T00:00:00Z"
		},
		{
			"addr": {
				"id": "3591dd903e95c9b25618f90c4a6bda63861ab8ec",
				"ip": "65.109.92.79",
				"port": 45656
			},
			"src": {
				"id": "9a5b41ac06b3c131ca6e4959a465d6bc0d103e66",
				"ip": "88.198.52.46",
				"port": 11556
			},
			"buckets": [
				170,
				147,
				129,
				80
			],
			"attempts": 0,
			"bucket_type": 1,
			"last_attempt": "2023-05-19T19:55:44.359593804Z",
			"last_success": "0001-01-01T00:00:00Z",
			"last_ban_time": "0001-01-01T00:00:00Z"
		},
		{
			"addr": {
				"id": "8f3305e7790c493e98141230f1fa49f083e99b3d",
				"ip": "75.119.154.2",
				"port": 56656
			},
			"src": {
				"id": "05413d5814b6efbb1cddec9ae240b2c638a127f5",
				"ip": "0.0.0.0",
				"port": 53100
			},
			"buckets": [
				254,
				243,
				34,
				199
			],
			"attempts": 2,
			"bucket_type": 1,
			"last_attempt": "2023-05-21T07:50:15.058602341Z",
			"last_success": "0001-01-01T00:00:00Z",
			"last_ban_time": "0001-01-01T00:00:00Z"
		},
		{
			"addr": {
				"id": "a77c935197691d0d526fcb65a08df364a96bea9b",
				"ip": "142.132.134.112",
				"port": 27656
			},
			"src": {
				"id": "05413d5814b6efbb1cddec9ae240b2c638a127f5",
				"ip": "0.0.0.0",
				"port": 53100
			},
			"buckets": [
				57,
				211,
				116,
				135
			],
			"attempts": 2,
			"bucket_type": 1,
			"last_attempt": "2023-05-19T15:53:44.136128428Z",
			"last_success": "0001-01-01T00:00:00Z",
			"last_ban_time": "0001-01-01T00:00:00Z"
		},
		{
			"addr": {
				"id": "f259ea40048744ccf6efcea92579a36a4b06035e",
				"ip": "34.29.232.227",
				"port": 26656
			},
			"src": {
				"id": "05413d5814b6efbb1cddec9ae240b2c638a127f5",
				"ip": "0.0.0.0",
				"port": 53100
			},
			"buckets": [
				12
			],
			"attempts": 0,
			"bucket_type": 2,
			"last_attempt": "2023-05-28T03:51:01.693502475Z",
			"last_success": "2023-05-28T03:51:01.693502475Z",
			"last_ban_time": "0001-01-01T00:00:00Z"
		},
		{
			"addr": {
				"id": "c7f75cb2272cd75222b73b1c359fcc719b01d7da",
				"ip": "119.131.14.231",
				"port": 26622
			},
			"src": {
				"id": "05413d5814b6efbb1cddec9ae240b2c638a127f5",
				"ip": "0.0.0.0",
				"port": 53100
			},
			"buckets": [
				92,
				223,
				43,
				73
			],
			"attempts": 1,
			"bucket_type": 1,
			"last_attempt": "2023-05-19T15:45:44.332685204Z",
			"last_success": "0001-01-01T00:00:00Z",
			"last_ban_time": "0001-01-01T00:00:00Z"
		},
		{
			"addr": {
				"id": "802993601906fae95a19e96f2e8bd538b0d209d5",
				"ip": "35.222.155.3",
				"port": 26656
			},
			"src": {
				"id": "05413d5814b6efbb1cddec9ae240b2c638a127f5",
				"ip": "0.0.0.0",
				"port": 53100
			},
			"buckets": [
				141,
				46,
				220,
				193
			],
			"attempts": 7,
			"bucket_type": 1,
			"last_attempt": "2023-05-20T22:32:14.431022162Z",
			"last_success": "0001-01-01T00:00:00Z",
			"last_ban_time": "0001-01-01T00:00:00Z"
		},
		{
			"addr": {
				"id": "930bf53d3858340d52bb7e541617740d91477ff0",
				"ip": "35.239.130.141",
				"port": 26656
			},
			"src": {
				"id": "8b96338b18c1e4a76a119fe0812c131a4e2cc96a",
				"ip": "0.0.0.0",
				"port": 20656
			},
			"buckets": [
				99,
				224,
				139,
				144
			],
			"attempts": 4,
			"bucket_type": 1,
			"last_attempt": "2023-05-20T00:00:44.31006176Z",
			"last_success": "0001-01-01T00:00:00Z",
			"last_ban_time": "0001-01-01T00:00:00Z"
		},
		{
			"addr": {
				"id": "900950a031cb758b761198e52b07fcc17616bd76",
				"ip": "65.21.200.54",
				"port": 40656
			},
			"src": {
				"id": "c56bad24170d2a7fa4b6316cc08b2432cc0b0db1",
				"ip": "0.0.0.0",
				"port": 26656
			},
			"buckets": [
				5,
				114,
				139,
				251
			],
			"attempts": 0,
			"bucket_type": 1,
			"last_attempt": "2023-05-19T15:21:46.327969015Z",
			"last_success": "0001-01-01T00:00:00Z",
			"last_ban_time": "0001-01-01T00:00:00Z"
		},
		{
			"addr": {
				"id": "b279c5fc7fc0f6b1a302da458057e6c7d830cf7f",
				"ip": "135.181.215.115",
				"port": 26766
			},
			"src": {
				"id": "7e31ab391f5b5756a75dc18b5275b609c81a34ee",
				"ip": "34.122.164.239",
				"port": 26656
			},
			"buckets": [
				216,
				90,
				215,
				138
			],
			"attempts": 1,
			"bucket_type": 1,
			"last_attempt": "2023-05-21T07:41:15.05831457Z",
			"last_success": "0001-01-01T00:00:00Z",
			"last_ban_time": "0001-01-01T00:00:00Z"
		},
		{
			"addr": {
				"id": "6b137e1df61936010ea30a354d8abd7010598e29",
				"ip": "35.239.130.141",
				"port": 26656
			},
			"src": {
				"id": "05413d5814b6efbb1cddec9ae240b2c638a127f5",
				"ip": "0.0.0.0",
				"port": 53100
			},
			"buckets": [
				99,
				132,
				144,
				133
			],
			"attempts": 0,
			"bucket_type": 1,
			"last_attempt": "2023-05-19T15:21:46.802992528Z",
			"last_success": "0001-01-01T00:00:00Z",
			"last_ban_time": "0001-01-01T00:00:00Z"
		},
		{
			"addr": {
				"id": "5c10d3d84adb970474eff3c9b5d8fe50fd2dbbfb",
				"ip": "144.76.18.199",
				"port": 26656
			},
			"src": {
				"id": "c56bad24170d2a7fa4b6316cc08b2432cc0b0db1",
				"ip": "0.0.0.0",
				"port": 26656
			},
			"buckets": [
				101,
				63,
				147,
				243
			],
			"attempts": 2,
			"bucket_type": 1,
			"last_attempt": "2023-05-19T15:50:14.082415069Z",
			"last_success": "0001-01-01T00:00:00Z",
			"last_ban_time": "0001-01-01T00:00:00Z"
		},
		{
			"addr": {
				"id": "7077f0635772fd56e9bfb704f9069694a42daf6b",
				"ip": "148.113.6.190",
				"port": 25656
			},
			"src": {
				"id": "c56bad24170d2a7fa4b6316cc08b2432cc0b0db1",
				"ip": "0.0.0.0",
				"port": 26656
			},
			"buckets": [
				233,
				53,
				18,
				255
			],
			"attempts": 4,
			"bucket_type": 1,
			"last_attempt": "2023-05-19T15:56:14.829560301Z",
			"last_success": "0001-01-01T00:00:00Z",
			"last_ban_time": "0001-01-01T00:00:00Z"
		},
		{
			"addr": {
				"id": "e567c1eb6c778526586525073447b38c10a52815",
				"ip": "141.95.72.161",
				"port": 26686
			},
			"src": {
				"id": "05413d5814b6efbb1cddec9ae240b2c638a127f5",
				"ip": "0.0.0.0",
				"port": 53100
			},
			"buckets": [
				62,
				91,
				219,
				150
			],
			"attempts": 5,
			"bucket_type": 1,
			"last_attempt": "2023-05-21T07:43:44.100259409Z",
			"last_success": "0001-01-01T00:00:00Z",
			"last_ban_time": "0001-01-01T00:00:00Z"
		},
		{
			"addr": {
				"id": "9588fb1df2b32f50ca95c31dd92de0cd4724eac3",
				"ip": "120.226.39.200",
				"port": 26656
			},
			"src": {
				"id": "9a5b41ac06b3c131ca6e4959a465d6bc0d103e66",
				"ip": "88.198.52.46",
				"port": 11556
			},
			"buckets": [
				190,
				36,
				221,
				241
			],
			"attempts": 0,
			"bucket_type": 1,
			"last_attempt": "2023-05-19T19:55:44.359603274Z",
			"last_success": "0001-01-01T00:00:00Z",
			"last_ban_time": "0001-01-01T00:00:00Z"
		},
		{
			"addr": {
				"id": "6d4f2faa284b9c9625e781309b637e92627b6afd",
				"ip": "188.40.59.225",
				"port": 45656
			},
			"src": {
				"id": "7e31ab391f5b5756a75dc18b5275b609c81a34ee",
				"ip": "34.122.164.239",
				"port": 26656
			},
			"buckets": [
				40
			],
			"attempts": 0,
			"bucket_type": 2,
			"last_attempt": "2023-05-28T03:52:35.685437163Z",
			"last_success": "2023-05-28T03:52:35.685437163Z",
			"last_ban_time": "0001-01-01T00:00:00Z"
		},
		{
			"addr": {
				"id": "c0d0c9f1ef645bcf1c214b05581c9d4a4b45e97e",
				"ip": "185.230.138.96",
				"port": 26656
			},
			"src": {
				"id": "7e31ab391f5b5756a75dc18b5275b609c81a34ee",
				"ip": "34.122.164.239",
				"port": 26656
			},
			"buckets": [
				239,
				255,
				138,
				76
			],
			"attempts": 0,
			"bucket_type": 1,
			"last_attempt": "2023-05-20T09:17:14.38354033Z",
			"last_success": "0001-01-01T00:00:00Z",
			"last_ban_time": "0001-01-01T00:00:00Z"
		},
		{
			"addr": {
				"id": "67cbe1ad9d1fe96466837543cdc39e549a3ee6d7",
				"ip": "34.122.137.98",
				"port": 26656
			},
			"src": {
				"id": "c56bad24170d2a7fa4b6316cc08b2432cc0b0db1",
				"ip": "0.0.0.0",
				"port": 26656
			},
			"buckets": [
				215,
				80,
				163,
				104
			],
			"attempts": 3,
			"bucket_type": 1,
			"last_attempt": "2023-05-20T09:16:44.433951316Z",
			"last_success": "0001-01-01T00:00:00Z",
			"last_ban_time": "0001-01-01T00:00:00Z"
		},
		{
			"addr": {
				"id": "294a03eabd098fe74ab1d5eac97d9fd11684d3db",
				"ip": "120.226.39.215",
				"port": 26656
			},
			"src": {
				"id": "05413d5814b6efbb1cddec9ae240b2c638a127f5",
				"ip": "0.0.0.0",
				"port": 53100
			},
			"buckets": [
				16,
				248,
				36,
				170
			],
			"attempts": 4,
			"bucket_type": 1,
			"last_attempt": "2023-05-20T22:31:44.328859718Z",
			"last_success": "0001-01-01T00:00:00Z",
			"last_ban_time": "0001-01-01T00:00:00Z"
		},
		{
			"addr": {
				"id": "689a54d2d35935d7d5854d5f3da79ee5b881b1a5",
				"ip": "116.203.154.251",
				"port": 26656
			},
			"src": {
				"id": "c56bad24170d2a7fa4b6316cc08b2432cc0b0db1",
				"ip": "0.0.0.0",
				"port": 26656
			},
			"buckets": [
				211,
				97,
				225,
				255
			],
			"attempts": 5,
			"bucket_type": 1,
			"last_attempt": "2023-05-21T07:50:44.081727704Z",
			"last_success": "0001-01-01T00:00:00Z",
			"last_ban_time": "0001-01-01T00:00:00Z"
		},
		{
			"addr": {
				"id": "a05590886e3d3b0baa7a605ef2ee00db689308b8",
				"ip": "35.238.216.151",
				"port": 26656
			},
			"src": {
				"id": "c56bad24170d2a7fa4b6316cc08b2432cc0b0db1",
				"ip": "0.0.0.0",
				"port": 26656
			},
			"buckets": [
				34,
				122,
				92,
				181
			],
			"attempts": 5,
			"bucket_type": 1,
			"last_attempt": "2023-05-19T15:52:14.432328011Z",
			"last_success": "0001-01-01T00:00:00Z",
			"last_ban_time": "0001-01-01T00:00:00Z"
		},
		{
			"addr": {
				"id": "1570fd9b344af3bf77ec7eefffe485033f412080",
				"ip": "65.109.112.178",
				"port": 26656
			},
			"src": {
				"id": "e40e240706e5c551de40fefab1ad9fbf4a4bec23",
				"ip": "141.94.73.39",
				"port": 42656
			},
			"buckets": [
				168,
				23,
				173,
				147
			],
			"attempts": 3,
			"bucket_type": 1,
			"last_attempt": "2023-05-19T15:59:45.05846674Z",
			"last_success": "0001-01-01T00:00:00Z",
			"last_ban_time": "0001-01-01T00:00:00Z"
		},
		{
			"addr": {
				"id": "958d9056c6173edb4714b6468bda509e97d0c80c",
				"ip": "65.108.231.124",
				"port": 45656
			},
			"src": {
				"id": "7e31ab391f5b5756a75dc18b5275b609c81a34ee",
				"ip": "34.122.164.239",
				"port": 26656
			},
			"buckets": [
				114,
				189,
				138,
				209
			],
			"attempts": 0,
			"bucket_type": 1,
			"last_attempt": "2023-05-19T21:15:14.354563885Z",
			"last_success": "0001-01-01T00:00:00Z",
			"last_ban_time": "0001-01-01T00:00:00Z"
		},
		{
			"addr": {
				"id": "2e6ec0d8f24a77814714cc7a2f69729fd0ab7748",
				"ip": "88.99.3.158",
				"port": 26656
			},
			"src": {
				"id": "c56bad24170d2a7fa4b6316cc08b2432cc0b0db1",
				"ip": "0.0.0.0",
				"port": 26656
			},
			"buckets": [
				211,
				218,
				184,
				36
			],
			"attempts": 2,
			"bucket_type": 1,
			"last_attempt": "2023-05-19T15:45:44.08277236Z",
			"last_success": "0001-01-01T00:00:00Z",
			"last_ban_time": "0001-01-01T00:00:00Z"
		},
		{
			"addr": {
				"id": "3f472746f46493309650e5a033076689996c8881",
				"ip": "65.109.68.190",
				"port": 15659
			},
			"src": {
				"id": "e8d60ff778f3c27f54382ff22c7ac071f2a81027",
				"ip": "35.223.36.227",
				"port": 26656
			},
			"buckets": [
				6,
				23,
				142,
				173
			],
			"attempts": 0,
			"bucket_type": 1,
			"last_attempt": "2023-05-19T15:22:16.020887297Z",
			"last_success": "0001-01-01T00:00:00Z",
			"last_ban_time": "0001-01-01T00:00:00Z"
		},
		{
			"addr": {
				"id": "434015482b70fff4e6bc96299dee7b84aca01343",
				"ip": "35.223.36.227",
				"port": 26656
			},
			"src": {
				"id": "b04ea6ef4d65ef56645e3adc6b94206a1800b553",
				"ip": "0.0.0.0",
				"port": 34656
			},
			"buckets": [
				31,
				69,
				96,
				114
			],
			"attempts": 4,
			"bucket_type": 1,
			"last_attempt": "2023-05-20T22:34:44.310187136Z",
			"last_success": "0001-01-01T00:00:00Z",
			"last_ban_time": "0001-01-01T00:00:00Z"
		},
		{
			"addr": {
				"id": "8b96338b18c1e4a76a119fe0812c131a4e2cc96a",
				"ip": "65.109.70.45",
				"port": 20656
			},
			"src": {
				"id": "c56bad24170d2a7fa4b6316cc08b2432cc0b0db1",
				"ip": "0.0.0.0",
				"port": 26656
			},
			"buckets": [
				23,
				168,
				147,
				34
			],
			"attempts": 0,
			"bucket_type": 1,
			"last_attempt": "2023-05-19T15:21:46.327995685Z",
			"last_success": "0001-01-01T00:00:00Z",
			"last_ban_time": "0001-01-01T00:00:00Z"
		},
		{
			"addr": {
				"id": "f7a7c6bf673c201c55ecf0d249df43826293d9d4",
				"ip": "176.9.28.41",
				"port": 26656
			},
			"src": {
				"id": "b6031525e988eefd03452807806f08b0e9bc3289",
				"ip": "15.235.46.50",
				"port": 26656
			},
			"buckets": [
				253,
				42
			],
			"attempts": 0,
			"bucket_type": 1,
			"last_attempt": "2023-05-21T07:42:14.375859208Z",
			"last_success": "0001-01-01T00:00:00Z",
			"last_ban_time": "0001-01-01T00:00:00Z"
		},
		{
			"addr": {
				"id": "d18fba39ca91d2192f73e0af0cde2a49b130604e",
				"ip": "95.217.144.107",
				"port": 11556
			},
			"src": {
				"id": "7786f708c1851dd433a03f71ec3ff74d65895de7",
				"ip": "34.31.130.235",
				"port": 26656
			},
			"buckets": [
				97,
				85,
				49,
				68
			],
			"attempts": 4,
			"bucket_type": 1,
			"last_attempt": "2023-05-19T15:56:44.058563858Z",
			"last_success": "0001-01-01T00:00:00Z",
			"last_ban_time": "0001-01-01T00:00:00Z"
		},
		{
			"addr": {
				"id": "c56bad24170d2a7fa4b6316cc08b2432cc0b0db1",
				"ip": "5.78.80.25",
				"port": 26656
			},
			"src": {
				"id": "b04ea6ef4d65ef56645e3adc6b94206a1800b553",
				"ip": "0.0.0.0",
				"port": 34656
			},
			"buckets": [
				26
			],
			"attempts": 0,
			"bucket_type": 2,
			"last_attempt": "2023-05-28T02:56:08.768484566Z",
			"last_success": "2023-05-28T02:56:08.768484566Z",
			"last_ban_time": "0001-01-01T00:00:00Z"
		},
		{
			"addr": {
				"id": "3320a6e7d7f1480e832d74d5ada53d8e275458bb",
				"ip": "65.108.238.61",
				"port": 24656
			},
			"src": {
				"id": "e40e240706e5c551de40fefab1ad9fbf4a4bec23",
				"ip": "141.94.73.39",
				"port": 42656
			},
			"buckets": [
				242,
				68,
				91,
				62
			],
			"attempts": 4,
			"bucket_type": 1,
			"last_attempt": "2023-05-19T15:45:44.059191657Z",
			"last_success": "0001-01-01T00:00:00Z",
			"last_ban_time": "0001-01-01T00:00:00Z"
		},
		{
			"addr": {
				"id": "3c5bc400c786d8e57ae2b85639273d1aec79829a",
				"ip": "34.31.130.235",
				"port": 26656
			},
			"src": {
				"id": "05413d5814b6efbb1cddec9ae240b2c638a127f5",
				"ip": "0.0.0.0",
				"port": 53100
			},
			"buckets": [
				211,
				143,
				236,
				127
			],
			"attempts": 6,
			"bucket_type": 1,
			"last_attempt": "2023-05-20T09:16:14.311367578Z",
			"last_success": "0001-01-01T00:00:00Z",
			"last_ban_time": "0001-01-01T00:00:00Z"
		},
		{
			"addr": {
				"id": "6b782c9550e8c6888d1f5afc3d0afa9a4ccf8d34",
				"ip": "222.211.225.0",
				"port": 26656
			},
			"src": {
				"id": "05413d5814b6efbb1cddec9ae240b2c638a127f5",
				"ip": "0.0.0.0",
				"port": 53100
			},
			"buckets": [
				211,
				196,
				249,
				9
			],
			"attempts": 9,
			"bucket_type": 1,
			"last_attempt": "2023-05-19T15:55:45.057392877Z",
			"last_success": "0001-01-01T00:00:00Z",
			"last_ban_time": "0001-01-01T00:00:00Z"
		},
		{
			"addr": {
				"id": "571e3905a1e3f17d8ae4f0cf92630a870e1543f8",
				"ip": "116.105.102.88",
				"port": 26656
			},
			"src": {
				"id": "1413664d3cfa37c2d661f740b2b47105433f3872",
				"ip": "65.21.139.155",
				"port": 34656
			},
			"buckets": [
				77,
				54,
				234
			],
			"attempts": 0,
			"bucket_type": 1,
			"last_attempt": "2023-05-20T05:18:44.06983831Z",
			"last_success": "0001-01-01T00:00:00Z",
			"last_ban_time": "0001-01-01T00:00:00Z"
		},
		{
			"addr": {
				"id": "d82343cb3d168522c54c4ffbfd4415e9b467e806",
				"ip": "23.88.51.134",
				"port": 46656
			},
			"src": {
				"id": "5c2a752c9b1952dbed075c56c600c3a79b58c395",
				"ip": "195.3.220.140",
				"port": 26946
			},
			"buckets": [
				27,
				38,
				171
			],
			"attempts": 0,
			"bucket_type": 1,
			"last_attempt": "2023-05-20T09:17:44.334597598Z",
			"last_success": "0001-01-01T00:00:00Z",
			"last_ban_time": "0001-01-01T00:00:00Z"
		},
		{
			"addr": {
				"id": "73667be2f5fc9d51fa678bb1c8789f156aa25a3b",
				"ip": "35.228.61.77",
				"port": 26656
			},
			"src": {
				"id": "7e31ab391f5b5756a75dc18b5275b609c81a34ee",
				"ip": "34.122.164.239",
				"port": 26656
			},
			"buckets": [
				91,
				99,
				2,
				198
			],
			"attempts": 4,
			"bucket_type": 1,
			"last_attempt": "2023-05-21T07:48:45.058357369Z",
			"last_success": "0001-01-01T00:00:00Z",
			"last_ban_time": "0001-01-01T00:00:00Z"
		},
		{
			"addr": {
				"id": "d220ecb63815645acc7cfc3ede6d4f61862b4fa4",
				"ip": "46.4.213.198",
				"port": 26656
			},
			"src": {
				"id": "05413d5814b6efbb1cddec9ae240b2c638a127f5",
				"ip": "0.0.0.0",
				"port": 53100
			},
			"buckets": [
				16,
				31,
				181,
				213
			],
			"attempts": 5,
			"bucket_type": 1,
			"last_attempt": "2023-05-20T22:30:44.108594654Z",
			"last_success": "0001-01-01T00:00:00Z",
			"last_ban_time": "0001-01-01T00:00:00Z"
		},
		{
			"addr": {
				"id": "261acb73f483d1cace653cb54f7b8815f63b7e56",
				"ip": "54.36.227.1",
				"port": 26656
			},
			"src": {
				"id": "05413d5814b6efbb1cddec9ae240b2c638a127f5",
				"ip": "0.0.0.0",
				"port": 53100
			},
			"buckets": [
				38
			],
			"attempts": 0,
			"bucket_type": 2,
			"last_attempt": "2023-05-19T23:44:18.623672485Z",
			"last_success": "2023-05-19T23:44:18.623672485Z",
			"last_ban_time": "0001-01-01T00:00:00Z"
		},
		{
			"addr": {
				"id": "6450606f42fce151ca3897d28ff81a908710f9ff",
				"ip": "77.120.115.149",
				"port": 26656
			},
			"src": {
				"id": "7e31ab391f5b5756a75dc18b5275b609c81a34ee",
				"ip": "34.122.164.239",
				"port": 26656
			},
			"buckets": [
				117,
				96,
				0,
				21
			],
			"attempts": 0,
			"bucket_type": 1,
			"last_attempt": "2023-05-19T21:15:14.354584545Z",
			"last_success": "0001-01-01T00:00:00Z",
			"last_ban_time": "0001-01-01T00:00:00Z"
		},
		{
			"addr": {
				"id": "555abfd64b7c014df2baf6d07b83bbbe382cc488",
				"ip": "65.108.206.74",
				"port": 34656
			},
			"src": {
				"id": "c56bad24170d2a7fa4b6316cc08b2432cc0b0db1",
				"ip": "0.0.0.0",
				"port": 26656
			},
			"buckets": [
				62,
				242,
				189,
				80
			],
			"attempts": 2,
			"bucket_type": 1,
			"last_attempt": "2023-05-19T16:00:14.057735973Z",
			"last_success": "0001-01-01T00:00:00Z",
			"last_ban_time": "0001-01-01T00:00:00Z"
		},
		{
			"addr": {
				"id": "ea19456fc7d24fb39c0622705941a06db1bcf82f",
				"ip": "58.186.69.132",
				"port": 56656
			},
			"src": {
				"id": "8b96338b18c1e4a76a119fe0812c131a4e2cc96a",
				"ip": "0.0.0.0",
				"port": 20656
			},
			"buckets": [
				5,
				13,
				253,
				108
			],
			"attempts": 2,
			"bucket_type": 1,
			"last_attempt": "2023-05-19T15:41:15.056962039Z",
			"last_success": "0001-01-01T00:00:00Z",
			"last_ban_time": "0001-01-01T00:00:00Z"
		},
		{
			"addr": {
				"id": "d5519e378247dfb61dfe90652d1fe3e2b3005a5b",
				"ip": "65.109.68.190",
				"port": 15656
			},
			"src": {
				"id": "e40e240706e5c551de40fefab1ad9fbf4a4bec23",
				"ip": "141.94.73.39",
				"port": 42656
			},
			"buckets": [
				4
			],
			"attempts": 0,
			"bucket_type": 2,
			"last_attempt": "2023-05-20T21:35:28.423059599Z",
			"last_success": "2023-05-20T21:35:28.423059599Z",
			"last_ban_time": "0001-01-01T00:00:00Z"
		},
		{
			"addr": {
				"id": "4470c9f99887033dd344b9873e58d0488be948f8",
				"ip": "119.131.14.194",
				"port": 26625
			},
			"src": {
				"id": "c56bad24170d2a7fa4b6316cc08b2432cc0b0db1",
				"ip": "0.0.0.0",
				"port": 26656
			},
			"buckets": [
				92,
				142,
				223,
				36
			],
			"attempts": 5,
			"bucket_type": 1,
			"last_attempt": "2023-05-19T15:54:45.057629931Z",
			"last_success": "0001-01-01T00:00:00Z",
			"last_ban_time": "0001-01-01T00:00:00Z"
		},
		{
			"addr": {
				"id": "e50d7fa6a50ac792e5df61ff621d9621e9fcc8aa",
				"ip": "34.133.135.231",
				"port": 26656
			},
			"src": {
				"id": "8b96338b18c1e4a76a119fe0812c131a4e2cc96a",
				"ip": "0.0.0.0",
				"port": 20656
			},
			"buckets": [
				233,
				161,
				147,
				137
			],
			"attempts": 1,
			"bucket_type": 1,
			"last_attempt": "2023-05-19T15:33:46.422726758Z",
			"last_success": "0001-01-01T00:00:00Z",
			"last_ban_time": "0001-01-01T00:00:00Z"
		},
		{
			"addr": {
				"id": "0cf5d2bcc49c1acddb6b7b2bc547543ec2fbe844",
				"ip": "34.239.246.206",
				"port": 26656
			},
			"src": {
				"id": "8b96338b18c1e4a76a119fe0812c131a4e2cc96a",
				"ip": "0.0.0.0",
				"port": 20656
			},
			"buckets": [
				185,
				195,
				31,
				130
			],
			"attempts": 0,
			"bucket_type": 1,
			"last_attempt": "2023-05-19T15:22:15.622830391Z",
			"last_success": "0001-01-01T00:00:00Z",
			"last_ban_time": "0001-01-01T00:00:00Z"
		},
		{
			"addr": {
				"id": "cc683ab0fda09a798c4d2b176266e5c0d7bc1939",
				"ip": "185.52.52.30",
				"port": 46656
			},
			"src": {
				"id": "8b96338b18c1e4a76a119fe0812c131a4e2cc96a",
				"ip": "0.0.0.0",
				"port": 20656
			},
			"buckets": [
				240,
				6,
				198,
				189
			],
			"attempts": 0,
			"bucket_type": 1,
			"last_attempt": "2023-05-19T15:22:15.622851491Z",
			"last_success": "0001-01-01T00:00:00Z",
			"last_ban_time": "0001-01-01T00:00:00Z"
		},
		{
			"addr": {
				"id": "857515ed6ab05e8e59f74e1050cb9e653e899cac",
				"ip": "159.223.220.1",
				"port": 26656
			},
			"src": {
				"id": "8b96338b18c1e4a76a119fe0812c131a4e2cc96a",
				"ip": "0.0.0.0",
				"port": 20656
			},
			"buckets": [
				26
			],
			"attempts": 0,
			"bucket_type": 2,
			"last_attempt": "2023-05-28T04:39:35.369154498Z",
			"last_success": "2023-05-28T04:39:35.369154498Z",
			"last_ban_time": "0001-01-01T00:00:00Z"
		},
		{
			"addr": {
				"id": "58557b65b64986ea2ba8bf5cb3432fe3b3427abc",
				"ip": "5.78.45.19",
				"port": 26656
			},
			"src": {
				"id": "05413d5814b6efbb1cddec9ae240b2c638a127f5",
				"ip": "0.0.0.0",
				"port": 53100
			},
			"buckets": [
				5,
				89,
				144,
				14
			],
			"attempts": 5,
			"bucket_type": 1,
			"last_attempt": "2023-05-21T07:42:44.235178353Z",
			"last_success": "0001-01-01T00:00:00Z",
			"last_ban_time": "0001-01-01T00:00:00Z"
		},
		{
			"addr": {
				"id": "dda46cff53d11de64585e89cbe751671762c9ae9",
				"ip": "176.9.28.41",
				"port": 26656
			},
			"src": {
				"id": "7e31ab391f5b5756a75dc18b5275b609c81a34ee",
				"ip": "34.122.164.239",
				"port": 26656
			},
			"buckets": [
				248,
				254,
				215,
				42
			],
			"attempts": 5,
			"bucket_type": 1,
			"last_attempt": "2023-05-19T16:00:44.108295826Z",
			"last_success": "0001-01-01T00:00:00Z",
			"last_ban_time": "0001-01-01T00:00:00Z"
		},
		{
			"addr": {
				"id": "3fa606cdc1ea323e19d7c09648a4f3666f0bc672",
				"ip": "211.219.19.69",
				"port": 29656
			},
			"src": {
				"id": "d5519e378247dfb61dfe90652d1fe3e2b3005a5b",
				"ip": "0.0.0.0",
				"port": 15656
			},
			"buckets": [
				198,
				70
			],
			"attempts": 0,
			"bucket_type": 1,
			"last_attempt": "2023-05-20T09:18:14.260765537Z",
			"last_success": "0001-01-01T00:00:00Z",
			"last_ban_time": "0001-01-01T00:00:00Z"
		},
		{
			"addr": {
				"id": "a61ad8ea4e39993d5933af531c3e4c8a070f702c",
				"ip": "34.133.135.231",
				"port": 26656
			},
			"src": {
				"id": "8b96338b18c1e4a76a119fe0812c131a4e2cc96a",
				"ip": "0.0.0.0",
				"port": 20656
			},
			"buckets": [
				233,
				134,
				149,
				224
			],
			"attempts": 2,
			"bucket_type": 1,
			"last_attempt": "2023-05-19T15:42:45.058538743Z",
			"last_success": "0001-01-01T00:00:00Z",
			"last_ban_time": "0001-01-01T00:00:00Z"
		},
		{
			"addr": {
				"id": "a98484ac9cb8235bd6a65cdf7648107e3d14dab4",
				"ip": "116.202.231.58",
				"port": 15656
			},
			"src": {
				"id": "e40e240706e5c551de40fefab1ad9fbf4a4bec23",
				"ip": "141.94.73.39",
				"port": 42656
			},
			"buckets": [
				23
			],
			"attempts": 0,
			"bucket_type": 2,
			"last_attempt": "2023-05-20T07:55:46.734445957Z",
			"last_success": "2023-05-20T07:55:46.734445957Z",
			"last_ban_time": "0001-01-01T00:00:00Z"
		},
		{
			"addr": {
				"id": "da7d8ff27d6aa891f54f0a6647dc0bd5ae1e7b49",
				"ip": "116.203.35.46",
				"port": 46656
			},
			"src": {
				"id": "c56bad24170d2a7fa4b6316cc08b2432cc0b0db1",
				"ip": "0.0.0.0",
				"port": 26656
			},
			"buckets": [
				49
			],
			"attempts": 0,
			"bucket_type": 2,
			"last_attempt": "2023-05-26T01:09:21.204883741Z",
			"last_success": "2023-05-26T01:09:21.204883741Z",
			"last_ban_time": "0001-01-01T00:00:00Z"
		},
		{
			"addr": {
				"id": "883e6d6e78f04be2cc7ac81f26e155de6103adf6",
				"ip": "77.51.200.79",
				"port": 15656
			},
			"src": {
				"id": "e8d60ff778f3c27f54382ff22c7ac071f2a81027",
				"ip": "35.223.36.227",
				"port": 26656
			},
			"buckets": [
				223,
				211,
				185,
				150
			],
			"attempts": 3,
			"bucket_type": 1,
			"last_attempt": "2023-05-19T15:42:44.131085119Z",
			"last_success": "0001-01-01T00:00:00Z",
			"last_ban_time": "0001-01-01T00:00:00Z"
		},
		{
			"addr": {
				"id": "7d870183ad7e6ae3f441160530a2cd11896da522",
				"ip": "46.4.5.45",
				"port": 11556
			},
			"src": {
				"id": "c56bad24170d2a7fa4b6316cc08b2432cc0b0db1",
				"ip": "0.0.0.0",
				"port": 26656
			},
			"buckets": [
				16,
				33,
				31,
				105
			],
			"attempts": 7,
			"bucket_type": 1,
			"last_attempt": "2023-05-19T15:58:14.132397932Z",
			"last_success": "0001-01-01T00:00:00Z",
			"last_ban_time": "0001-01-01T00:00:00Z"
		},
		{
			"addr": {
				"id": "44cd61af8c6d0e548edb7189a22064738cd10c13",
				"ip": "65.108.101.19",
				"port": 26656
			},
			"src": {
				"id": "05413d5814b6efbb1cddec9ae240b2c638a127f5",
				"ip": "0.0.0.0",
				"port": 53100
			},
			"buckets": [
				62,
				91,
				242,
				184
			],
			"attempts": 3,
			"bucket_type": 1,
			"last_attempt": "2023-05-20T22:35:14.057975094Z",
			"last_success": "0001-01-01T00:00:00Z",
			"last_ban_time": "0001-01-01T00:00:00Z"
		},
		{
			"addr": {
				"id": "e40e240706e5c551de40fefab1ad9fbf4a4bec23",
				"ip": "141.94.73.39",
				"port": 42656
			},
			"src": {
				"id": "05413d5814b6efbb1cddec9ae240b2c638a127f5",
				"ip": "0.0.0.0",
				"port": 53100
			},
			"buckets": [
				21
			],
			"attempts": 0,
			"bucket_type": 2,
			"last_attempt": "2023-05-19T21:51:31.661539677Z",
			"last_success": "2023-05-19T21:51:31.661539677Z",
			"last_ban_time": "0001-01-01T00:00:00Z"
		},
		{
			"addr": {
				"id": "b7084c40af131f24ab7e449a9844e0f56c94fa41",
				"ip": "51.91.30.173",
				"port": 4000
			},
			"src": {
				"id": "f259ea40048744ccf6efcea92579a36a4b06035e",
				"ip": "0.0.0.0",
				"port": 26656
			},
			"buckets": [
				215
			],
			"attempts": 0,
			"bucket_type": 1,
			"last_attempt": "2023-05-26T01:16:14.384121686Z",
			"last_success": "0001-01-01T00:00:00Z",
			"last_ban_time": "0001-01-01T00:00:00Z"
		},
		{
			"addr": {
				"id": "05413d5814b6efbb1cddec9ae240b2c638a127f5",
				"ip": "222.106.187.14",
				"port": 53100
			},
			"src": {
				"id": "b04ea6ef4d65ef56645e3adc6b94206a1800b553",
				"ip": "0.0.0.0",
				"port": 34656
			},
			"buckets": [
				51
			],
			"attempts": 0,
			"bucket_type": 2,
			"last_attempt": "2023-05-26T21:48:45.553420481Z",
			"last_success": "2023-05-26T21:48:45.553420481Z",
			"last_ban_time": "0001-01-01T00:00:00Z"
		},
		{
			"addr": {
				"id": "06aeab3dfcdbafba3db0010342b6e5596123e583",
				"ip": "66.42.38.167",
				"port": 26656
			},
			"src": {
				"id": "7786f708c1851dd433a03f71ec3ff74d65895de7",
				"ip": "34.31.130.235",
				"port": 26656
			},
			"buckets": [
				173,
				85,
				195,
				241
			],
			"attempts": 3,
			"bucket_type": 1,
			"last_attempt": "2023-05-21T07:46:14.602561378Z",
			"last_success": "0001-01-01T00:00:00Z",
			"last_ban_time": "0001-01-01T00:00:00Z"
		},
		{
			"addr": {
				"id": "c8171d5b90ea72992408f8cfcd3893256d22aabc",
				"ip": "65.109.94.221",
				"port": 40656
			},
			"src": {
				"id": "8b96338b18c1e4a76a119fe0812c131a4e2cc96a",
				"ip": "0.0.0.0",
				"port": 20656
			},
			"buckets": [
				61
			],
			"attempts": 0,
			"bucket_type": 2,
			"last_attempt": "2023-05-28T04:42:03.802552074Z",
			"last_success": "2023-05-28T04:42:03.802552074Z",
			"last_ban_time": "0001-01-01T00:00:00Z"
		},
		{
			"addr": {
				"id": "c3b04bd407d9d42ead33c2ea2b7045a156ed9c01",
				"ip": "58.186.69.132",
				"port": 15656
			},
			"src": {
				"id": "5c2a752c9b1952dbed075c56c600c3a79b58c395",
				"ip": "195.3.220.140",
				"port": 26946
			},
			"buckets": [
				85,
				27,
				175
			],
			"attempts": 0,
			"bucket_type": 1,
			"last_attempt": "2023-05-20T09:17:44.334583408Z",
			"last_success": "0001-01-01T00:00:00Z",
			"last_ban_time": "0001-01-01T00:00:00Z"
		},
		{
			"addr": {
				"id": "11aa4b7b17ac0a3372e98d4cbf83aacd6cfbbfdd",
				"ip": "58.186.69.132",
				"port": 15656
			},
			"src": {
				"id": "c56bad24170d2a7fa4b6316cc08b2432cc0b0db1",
				"ip": "0.0.0.0",
				"port": 26656
			},
			"buckets": [
				5,
				253,
				144,
				68
			],
			"attempts": 6,
			"bucket_type": 1,
			"last_attempt": "2023-05-20T09:15:45.058448231Z",
			"last_success": "0001-01-01T00:00:00Z",
			"last_ban_time": "0001-01-01T00:00:00Z"
		},
		{
			"addr": {
				"id": "c96b16a81c780d840530c17fec6efd31b329c458",
				"ip": "34.133.135.231",
				"port": 26656
			},
			"src": {
				"id": "8b96338b18c1e4a76a119fe0812c131a4e2cc96a",
				"ip": "0.0.0.0",
				"port": 20656
			},
			"buckets": [
				233,
				147,
				149,
				81
			],
			"attempts": 4,
			"bucket_type": 1,
			"last_attempt": "2023-05-19T15:45:15.057247495Z",
			"last_success": "0001-01-01T00:00:00Z",
			"last_ban_time": "0001-01-01T00:00:00Z"
		},
		{
			"addr": {
				"id": "a2ad516c5301fb1a9793b0c9bd2195e16721ed73",
				"ip": "34.170.18.34",
				"port": 26656
			},
			"src": {
				"id": "c56bad24170d2a7fa4b6316cc08b2432cc0b0db1",
				"ip": "0.0.0.0",
				"port": 26656
			},
			"buckets": [
				254,
				147,
				163,
				131
			],
			"attempts": 3,
			"bucket_type": 1,
			"last_attempt": "2023-05-20T05:19:44.432962784Z",
			"last_success": "0001-01-01T00:00:00Z",
			"last_ban_time": "0001-01-01T00:00:00Z"
		},
		{
			"addr": {
				"id": "b2d39b9b7991c0a9a7678994f5afe04a1b3df923",
				"ip": "34.122.164.239",
				"port": 26656
			},
			"src": {
				"id": "b04ea6ef4d65ef56645e3adc6b94206a1800b553",
				"ip": "0.0.0.0",
				"port": 34656
			},
			"buckets": [
				221,
				254,
				215,
				151
			],
			"attempts": 4,
			"bucket_type": 1,
			"last_attempt": "2023-05-19T15:54:44.306945084Z",
			"last_success": "0001-01-01T00:00:00Z",
			"last_ban_time": "0001-01-01T00:00:00Z"
		},
		{
			"addr": {
				"id": "274f62099d692e1e250e85cec4b63846a076bb72",
				"ip": "116.105.102.88",
				"port": 26656
			},
			"src": {
				"id": "7e31ab391f5b5756a75dc18b5275b609c81a34ee",
				"ip": "34.122.164.239",
				"port": 26656
			},
			"buckets": [
				41,
				54,
				234
			],
			"attempts": 0,
			"bucket_type": 1,
			"last_attempt": "2023-05-20T09:17:14.383506219Z",
			"last_success": "0001-01-01T00:00:00Z",
			"last_ban_time": "0001-01-01T00:00:00Z"
		},
		{
			"addr": {
				"id": "9a5b41ac06b3c131ca6e4959a465d6bc0d103e66",
				"ip": "88.198.52.46",
				"port": 11556
			},
			"src": {
				"id": "e8d60ff778f3c27f54382ff22c7ac071f2a81027",
				"ip": "35.223.36.227",
				"port": 26656
			},
			"buckets": [
				43
			],
			"attempts": 0,
			"bucket_type": 2,
			"last_attempt": "2023-05-20T04:22:39.900681537Z",
			"last_success": "2023-05-20T04:22:39.900681537Z",
			"last_ban_time": "0001-01-01T00:00:00Z"
		},
		{
			"addr": {
				"id": "fc96980110a96ce6f60999650fef94aad673ead5",
				"ip": "138.201.204.5",
				"port": 50656
			},
			"src": {
				"id": "c56bad24170d2a7fa4b6316cc08b2432cc0b0db1",
				"ip": "0.0.0.0",
				"port": 26656
			},
			"buckets": [
				62,
				243,
				165,
				104
			],
			"attempts": 1,
			"bucket_type": 1,
			"last_attempt": "2023-05-21T07:49:14.107841114Z",
			"last_success": "0001-01-01T00:00:00Z",
			"last_ban_time": "0001-01-01T00:00:00Z"
		},
		{
			"addr": {
				"id": "e5e71ccd387eba74fec51b211e9236fca965af40",
				"ip": "46.4.5.45",
				"port": 11556
			},
			"src": {
				"id": "261acb73f483d1cace653cb54f7b8815f63b7e56",
				"ip": "0.0.0.0",
				"port": 26656
			},
			"buckets": [
				181,
				209,
				117
			],
			"attempts": 0,
			"bucket_type": 1,
			"last_attempt": "2023-05-19T21:15:44.194472897Z",
			"last_success": "0001-01-01T00:00:00Z",
			"last_ban_time": "0001-01-01T00:00:00Z"
		},
		{
			"addr": {
				"id": "5b0b8aa1b66d644823b9308f578750a046bed97b",
				"ip": "116.105.102.88",
				"port": 26656
			},
			"src": {
				"id": "9aa8a73ea9364aa3cf7806d4dd25b6aed88d8152",
				"ip": "0.0.0.0",
				"port": 11756
			},
			"buckets": [
				234,
				54,
				77,
				4
			],
			"attempts": 2,
			"bucket_type": 1,
			"last_attempt": "2023-05-26T01:16:45.057898768Z",
			"last_success": "0001-01-01T00:00:00Z",
			"last_ban_time": "0001-01-01T00:00:00Z"
		},
		{
			"addr": {
				"id": "c736f251fd419ff228302bd28f1861b27585cafd",
				"ip": "34.28.113.201",
				"port": 26656
			},
			"src": {
				"id": "c56bad24170d2a7fa4b6316cc08b2432cc0b0db1",
				"ip": "0.0.0.0",
				"port": 26656
			},
			"buckets": [
				23,
				19,
				36,
				218
			],
			"attempts": 1,
			"bucket_type": 1,
			"last_attempt": "2023-05-19T15:26:15.79577967Z",
			"last_success": "0001-01-01T00:00:00Z",
			"last_ban_time": "0001-01-01T00:00:00Z"
		},
		{
			"addr": {
				"id": "a3cc682ccf6a92e92b8f4ea48cef8c640d6b6293",
				"ip": "34.133.135.231",
				"port": 26656
			},
			"src": {
				"id": "c56bad24170d2a7fa4b6316cc08b2432cc0b0db1",
				"ip": "0.0.0.0",
				"port": 26656
			},
			"buckets": [
				233,
				19,
				134,
				149
			],
			"attempts": 6,
			"bucket_type": 1,
			"last_attempt": "2023-05-20T00:13:45.058016246Z",
			"last_success": "0001-01-01T00:00:00Z",
			"last_ban_time": "0001-01-01T00:00:00Z"
		},
		{
			"addr": {
				"id": "d6edaadb4423c1a17f0279e9412768e540242eeb",
				"ip": "65.108.105.48",
				"port": 11556
			},
			"src": {
				"id": "c56bad24170d2a7fa4b6316cc08b2432cc0b0db1",
				"ip": "0.0.0.0",
				"port": 26656
			},
			"buckets": [
				62,
				92,
				189,
				108
			],
			"attempts": 2,
			"bucket_type": 1,
			"last_attempt": "2023-05-21T07:45:44.058993547Z",
			"last_success": "0001-01-01T00:00:00Z",
			"last_ban_time": "0001-01-01T00:00:00Z"
		},
		{
			"addr": {
				"id": "7e31ab391f5b5756a75dc18b5275b609c81a34ee",
				"ip": "34.122.164.239",
				"port": 26656
			},
			"src": {
				"id": "c56bad24170d2a7fa4b6316cc08b2432cc0b0db1",
				"ip": "0.0.0.0",
				"port": 26656
			},
			"buckets": [
				9
			],
			"attempts": 0,
			"bucket_type": 2,
			"last_attempt": "2023-05-27T23:07:28.795521237Z",
			"last_success": "2023-05-27T23:07:28.795521237Z",
			"last_ban_time": "0001-01-01T00:00:00Z"
		},
		{
			"addr": {
				"id": "5c2a752c9b1952dbed075c56c600c3a79b58c395",
				"ip": "195.3.220.140",
				"port": 26946
			},
			"src": {
				"id": "05413d5814b6efbb1cddec9ae240b2c638a127f5",
				"ip": "0.0.0.0",
				"port": 53100
			},
			"buckets": [
				188,
				36,
				1
			],
			"attempts": 3,
			"bucket_type": 1,
			"last_attempt": "2023-05-19T15:48:44.100724662Z",
			"last_success": "0001-01-01T00:00:00Z",
			"last_ban_time": "0001-01-01T00:00:00Z"
		},
		{
			"addr": {
				"id": "35cff40de4efbb164d19e39f335d28bf7a301cff",
				"ip": "65.109.89.18",
				"port": 44656
			},
			"src": {
				"id": "9a5b41ac06b3c131ca6e4959a465d6bc0d103e66",
				"ip": "88.198.52.46",
				"port": 11556
			},
			"buckets": [
				170,
				1,
				129,
				34
			],
			"attempts": 2,
			"bucket_type": 1,
			"last_attempt": "2023-05-21T07:47:15.058299569Z",
			"last_success": "0001-01-01T00:00:00Z",
			"last_ban_time": "0001-01-01T00:00:00Z"
		},
		{
			"addr": {
				"id": "1171accc7427f2ffb76fcaa5acdef518ff42c382",
				"ip": "178.63.104.200",
				"port": 45656
			},
			"src": {
				"id": "d1334258b592ebccb85a917aa65976b74e254a60",
				"ip": "65.109.65.248",
				"port": 31656
			},
			"buckets": [
				70
			],
			"attempts": 0,
			"bucket_type": 1,
			"last_attempt": "2023-05-26T01:16:44.26386063Z",
			"last_success": "0001-01-01T00:00:00Z",
			"last_ban_time": "0001-01-01T00:00:00Z"
		},
		{
			"addr": {
				"id": "ec517b52edf929bc308fdef996054e11b5f00891",
				"ip": "57.128.151.101",
				"port": 26656
			},
			"src": {
				"id": "c56bad24170d2a7fa4b6316cc08b2432cc0b0db1",
				"ip": "0.0.0.0",
				"port": 26656
			},
			"buckets": [
				5,
				243,
				68,
				181
			],
			"attempts": 2,
			"bucket_type": 1,
			"last_attempt": "2023-05-20T22:29:14.121309619Z",
			"last_success": "0001-01-01T00:00:00Z",
			"last_ban_time": "0001-01-01T00:00:00Z"
		},
		{
			"addr": {
				"id": "f9559cc5742533085d42cb613c7b87afa1a2393b",
				"ip": "167.235.115.119",
				"port": 26656
			},
			"src": {
				"id": "05413d5814b6efbb1cddec9ae240b2c638a127f5",
				"ip": "0.0.0.0",
				"port": 53100
			},
			"buckets": [
				117,
				224,
				234,
				200
			],
			"attempts": 2,
			"bucket_type": 1,
			"last_attempt": "2023-05-19T15:39:45.057132149Z",
			"last_success": "0001-01-01T00:00:00Z",
			"last_ban_time": "0001-01-01T00:00:00Z"
		},
		{
			"addr": {
				"id": "874f0042c20d3808eccb86b523fffe42903034b8",
				"ip": "95.217.144.107",
				"port": 11556
			},
			"src": {
				"id": "c56bad24170d2a7fa4b6316cc08b2432cc0b0db1",
				"ip": "0.0.0.0",
				"port": 26656
			},
			"buckets": [
				49,
				200,
				133,
				68
			],
			"attempts": 0,
			"bucket_type": 1,
			"last_attempt": "2023-05-19T19:55:14.438457931Z",
			"last_success": "0001-01-01T00:00:00Z",
			"last_ban_time": "0001-01-01T00:00:00Z"
		},
		{
			"addr": {
				"id": "72ff166996ef9590879a7b7ab00b3b71529632a9",
				"ip": "65.109.90.171",
				"port": 31656
			},
			"src": {
				"id": "05413d5814b6efbb1cddec9ae240b2c638a127f5",
				"ip": "0.0.0.0",
				"port": 53100
			},
			"buckets": [
				61
			],
			"attempts": 0,
			"bucket_type": 2,
			"last_attempt": "2023-05-28T04:33:57.090453485Z",
			"last_success": "2023-05-28T04:33:57.090453485Z",
			"last_ban_time": "0001-01-01T00:00:00Z"
		},
		{
			"addr": {
				"id": "147c1668031ee62a85bd7293a845fdcf4f7b1857",
				"ip": "222.211.225.0",
				"port": 26656
			},
			"src": {
				"id": "d5519e378247dfb61dfe90652d1fe3e2b3005a5b",
				"ip": "0.0.0.0",
				"port": 15656
			},
			"buckets": [
				9,
				231
			],
			"attempts": 0,
			"bucket_type": 1,
			"last_attempt": "2023-05-20T09:18:14.260782747Z",
			"last_success": "0001-01-01T00:00:00Z",
			"last_ban_time": "0001-01-01T00:00:00Z"
		},
		{
			"addr": {
				"id": "529ddf5ca2c879b4d1bcf827eeacfd1960d5ef54",
				"ip": "185.52.52.30",
				"port": 26656
			},
			"src": {
				"id": "8b96338b18c1e4a76a119fe0812c131a4e2cc96a",
				"ip": "0.0.0.0",
				"port": 20656
			},
			"buckets": [
				240,
				194,
				198,
				175
			],
			"attempts": 10,
			"bucket_type": 1,
			"last_attempt": "2023-05-21T07:44:14.112061557Z",
			"last_success": "0001-01-01T00:00:00Z",
			"last_ban_time": "0001-01-01T00:00:00Z"
		},
		{
			"addr": {
				"id": "923c8b1b3813262e7a920a859811aa1f868df277",
				"ip": "168.119.142.105",
				"port": 26656
			},
			"src": {
				"id": "05413d5814b6efbb1cddec9ae240b2c638a127f5",
				"ip": "0.0.0.0",
				"port": 53100
			},
			"buckets": [
				16,
				91,
				9,
				240
			],
			"attempts": 5,
			"bucket_type": 1,
			"last_attempt": "2023-05-19T15:59:44.082513704Z",
			"last_success": "0001-01-01T00:00:00Z",
			"last_ban_time": "0001-01-01T00:00:00Z"
		},
		{
			"addr": {
				"id": "8df8a64ecf0aaba1e1faee06d005aa912d578549",
				"ip": "65.109.89.5",
				"port": 41656
			},
			"src": {
				"id": "c56bad24170d2a7fa4b6316cc08b2432cc0b0db1",
				"ip": "0.0.0.0",
				"port": 26656
			},
			"buckets": [
				23,
				168,
				147,
				1
			],
			"attempts": 3,
			"bucket_type": 1,
			"last_attempt": "2023-05-19T15:44:14.059156384Z",
			"last_success": "0001-01-01T00:00:00Z",
			"last_ban_time": "0001-01-01T00:00:00Z"
		},
		{
			"addr": {
				"id": "9aa8a73ea9364aa3cf7806d4dd25b6aed88d8152",
				"ip": "190.2.136.144",
				"port": 11756
			},
			"src": {
				"id": "05413d5814b6efbb1cddec9ae240b2c638a127f5",
				"ip": "0.0.0.0",
				"port": 53100
			},
			"buckets": [
				92,
				197,
				31,
				163
			],
			"attempts": 0,
			"bucket_type": 1,
			"last_attempt": "2023-05-19T15:22:15.825944903Z",
			"last_success": "0001-01-01T00:00:00Z",
			"last_ban_time": "0001-01-01T00:00:00Z"
		},
		{
			"addr": {
				"id": "63456b739a86b6dc5f38db642396b5fbe1896002",
				"ip": "34.133.135.231",
				"port": 26656
			},
			"src": {
				"id": "c56bad24170d2a7fa4b6316cc08b2432cc0b0db1",
				"ip": "0.0.0.0",
				"port": 26656
			},
			"buckets": [
				233,
				149,
				81,
				231
			],
			"attempts": 2,
			"bucket_type": 1,
			"last_attempt": "2023-05-21T07:41:45.061520909Z",
			"last_success": "0001-01-01T00:00:00Z",
			"last_ban_time": "0001-01-01T00:00:00Z"
		},
		{
			"addr": {
				"id": "1413664d3cfa37c2d661f740b2b47105433f3872",
				"ip": "65.21.139.155",
				"port": 34656
			},
			"src": {
				"id": "05413d5814b6efbb1cddec9ae240b2c638a127f5",
				"ip": "0.0.0.0",
				"port": 53100
			},
			"buckets": [
				5,
				174,
				214,
				190
			],
			"attempts": 0,
			"bucket_type": 1,
			"last_attempt": "2023-05-19T15:21:46.803037959Z",
			"last_success": "0001-01-01T00:00:00Z",
			"last_ban_time": "0001-01-01T00:00:00Z"
		},
		{
			"addr": {
				"id": "161fa49c28d514b91919082ad2871e20d2a63db8",
				"ip": "96.234.160.22",
				"port": 30556
			},
			"src": {
				"id": "0cf5d2bcc49c1acddb6b7b2bc547543ec2fbe844",
				"ip": "0.0.0.0",
				"port": 26656
			},
			"buckets": [
				254,
				60,
				225,
				145
			],
			"attempts": 1,
			"bucket_type": 1,
			"last_attempt": "2023-05-19T15:33:46.422664137Z",
			"last_success": "0001-01-01T00:00:00Z",
			"last_ban_time": "0001-01-01T00:00:00Z"
		},
		{
			"addr": {
				"id": "7786f708c1851dd433a03f71ec3ff74d65895de7",
				"ip": "34.31.130.235",
				"port": 26656
			},
			"src": {
				"id": "c56bad24170d2a7fa4b6316cc08b2432cc0b0db1",
				"ip": "0.0.0.0",
				"port": 26656
			},
			"buckets": [
				211,
				69,
				143,
				241
			],
			"attempts": 0,
			"bucket_type": 1,
			"last_attempt": "2023-05-19T15:21:46.327937084Z",
			"last_success": "0001-01-01T00:00:00Z",
			"last_ban_time": "0001-01-01T00:00:00Z"
		},
		{
			"addr": {
				"id": "7f46c5c86639e04183cea341d62c59213cdc4542",
				"ip": "185.230.138.49",
				"port": 26656
			},
			"src": {
				"id": "3f472746f46493309650e5a033076689996c8881",
				"ip": "0.0.0.0",
				"port": 15659
			},
			"buckets": [
				255,
				76,
				34
			],
			"attempts": 0,
			"bucket_type": 1,
			"last_attempt": "2023-05-19T21:15:44.165533646Z",
			"last_success": "0001-01-01T00:00:00Z",
			"last_ban_time": "0001-01-01T00:00:00Z"
		},
		{
			"addr": {
				"id": "986141f7be0203c442e4f13a97731a8c3449af1f",
				"ip": "207.148.121.109",
				"port": 26656
			},
			"src": {
				"id": "e40e240706e5c551de40fefab1ad9fbf4a4bec23",
				"ip": "141.94.73.39",
				"port": 42656
			},
			"buckets": [
				224,
				147,
				101,
				80
			],
			"attempts": 11,
			"bucket_type": 1,
			"last_attempt": "2023-05-19T16:00:44.641179583Z",
			"last_success": "0001-01-01T00:00:00Z",
			"last_ban_time": "0001-01-01T00:00:00Z"
		},
		{
			"addr": {
				"id": "d4ccd59bdfdcc0167b9089fb74cd6f3aa9124704",
				"ip": "103.98.161.9",
				"port": 26656
			},
			"src": {
				"id": "c56bad24170d2a7fa4b6316cc08b2432cc0b0db1",
				"ip": "0.0.0.0",
				"port": 26656
			},
			"buckets": [
				85,
				248,
				43,
				138
			],
			"attempts": 6,
			"bucket_type": 1,
			"last_attempt": "2023-05-19T19:55:14.594140814Z",
			"last_success": "0001-01-01T00:00:00Z",
			"last_ban_time": "0001-01-01T00:00:00Z"
		},
		{
			"addr": {
				"id": "2854e7247155c5c0c418de40ed168850b4c73c60",
				"ip": "85.232.252.19",
				"port": 26156
			},
			"src": {
				"id": "b04ea6ef4d65ef56645e3adc6b94206a1800b553",
				"ip": "0.0.0.0",
				"port": 34656
			},
			"buckets": [
				60,
				248,
				151,
				85
			],
			"attempts": 4,
			"bucket_type": 1,
			"last_attempt": "2023-05-19T15:54:15.057239956Z",
			"last_success": "0001-01-01T00:00:00Z",
			"last_ban_time": "0001-01-01T00:00:00Z"
		},
		{
			"addr": {
				"id": "d41327061940b51bfeba657448e66d5730237d35",
				"ip": "135.181.215.115",
				"port": 26766
			},
			"src": {
				"id": "1413664d3cfa37c2d661f740b2b47105433f3872",
				"ip": "65.21.139.155",
				"port": 34656
			},
			"buckets": [
				138,
				216,
				63,
				215
			],
			"attempts": 3,
			"bucket_type": 1,
			"last_attempt": "2023-05-21T07:45:15.057903097Z",
			"last_success": "0001-01-01T00:00:00Z",
			"last_ban_time": "0001-01-01T00:00:00Z"
		}
	]
}
