{
	"key": "5f89ee35af5ec8b12b3afe68",
	"addrs": [
		{
			"addr": {
				"id": "3634699c5a957228d84fb0d08fe5c510a0f66e14",
				"ip": "49.13.83.157",
				"port": 26656
			},
			"src": {
				"id": "ca4b6131d616d4d5930e50f1f557950f17fe4091",
				"ip": "0.0.0.0",
				"port": 26656
			},
			"buckets": [
				41,
				183,
				132,
				59
			],
			"attempts": 1,
			"bucket_type": 1,
			"last_attempt": "2023-09-13T06:46:48.671099791+02:00",
			"last_success": "0001-01-01T00:00:00Z",
			"last_ban_time": "0001-01-01T00:00:00Z"
		},
		{
			"addr": {
				"id": "1189adfa13eecc481db05cd69953ae5fc98086bb",
				"ip": "157.90.17.178",
				"port": 26656
			},
			"src": {
				"id": "5a019e4d8ea8990f81b6276bd0b3b043683aa9dc",
				"ip": "0.0.0.0",
				"port": 26656
			},
			"buckets": [
				126,
				235
			],
			"attempts": 0,
			"bucket_type": 1,
			"last_attempt": "2023-09-13T09:03:36.84681662+02:00",
			"last_success": "0001-01-01T00:00:00Z",
			"last_ban_time": "0001-01-01T00:00:00Z"
		},
		{
			"addr": {
				"id": "1a408babe343f9f12f235bc166b247149721cf16",
				"ip": "78.46.178.176",
				"port": 26656
			},
			"src": {
				"id": "e0521c5fa724dd4d346955f06c4a660079c078a2",
				"ip": "65.109.136.240",
				"port": 26656
			},
			"buckets": [
				143,
				120,
				46
			],
			"attempts": 0,
			"bucket_type": 1,
			"last_attempt": "2023-09-13T09:02:36.77560161+02:00",
			"last_success": "0001-01-01T00:00:00Z",
			"last_ban_time": "0001-01-01T00:00:00Z"
		},
		{
			"addr": {
				"id": "4c5038edca7242ee142373091a49bd7d8a2e3a25",
				"ip": "65.109.89.147",
				"port": 26656
			},
			"src": {
				"id": "7b972e7dc4e5fd1225c94f9f8f146c321fb0d380",
				"ip": "5.75.159.86",
				"port": 26656
			},
			"buckets": [
				38,
				143
			],
			"attempts": 0,
			"bucket_type": 1,
			"last_attempt": "2023-09-13T13:35:36.878308991+02:00",
			"last_success": "0001-01-01T00:00:00Z",
			"last_ban_time": "0001-01-01T00:00:00Z"
		},
		{
			"addr": {
				"id": "af04b141b490c0733fd01895d09b25c3e282eee4",
				"ip": "65.109.122.105",
				"port": 60656
			},
			"src": {
				"id": "35f478c534e2d58dc2c4acdf3eb22eeb6f23357f",
				"ip": "0.0.0.0",
				"port": 26656
			},
			"buckets": [
				145,
				181,
				209,
				63
			],
			"attempts": 2,
			"bucket_type": 1,
			"last_attempt": "2023-09-13T06:48:07.687650521+02:00",
			"last_success": "0001-01-01T00:00:00Z",
			"last_ban_time": "0001-01-01T00:00:00Z"
		},
		{
			"addr": {
				"id": "37ef2974165eb3d98c6510084ea1621d8f6fa01f",
				"ip": "88.198.47.154",
				"port": 26656
			},
			"src": {
				"id": "77370fad958c3404d0709e59839c6c8bf9b6cb12",
				"ip": "194.163.155.84",
				"port": 33656
			},
			"buckets": [
				157,
				50,
				58,
				228
			],
			"attempts": 0,
			"bucket_type": 1,
			"last_attempt": "2023-09-13T06:43:23.253942374+02:00",
			"last_success": "0001-01-01T00:00:00Z",
			"last_ban_time": "0001-01-01T00:00:00Z"
		},
		{
			"addr": {
				"id": "fe610b6549aa0bdbbd2b0eca369f45c54990c7d2",
				"ip": "23.88.42.241",
				"port": 26656
			},
			"src": {
				"id": "1d34c3440baddf650630f14dc1e72ad0a6f17bc7",
				"ip": "0.0.0.0",
				"port": 26656
			},
			"buckets": [
				94,
				241,
				112
			],
			"attempts": 0,
			"bucket_type": 1,
			"last_attempt": "2023-09-13T09:02:06.716771956+02:00",
			"last_success": "0001-01-01T00:00:00Z",
			"last_ban_time": "0001-01-01T00:00:00Z"
		},
		{
			"addr": {
				"id": "7d6a3a6992e3c3ec816ea099751a90d74320ba8f",
				"ip": "154.26.133.141",
				"port": 26656
			},
			"src": {
				"id": "af04b141b490c0733fd01895d09b25c3e282eee4",
				"ip": "65.109.122.105",
				"port": 60656
			},
			"buckets": [
				33,
				114,
				239,
				218
			],
			"attempts": 4,
			"bucket_type": 1,
			"last_attempt": "2023-09-12T16:17:24.034919695+02:00",
			"last_success": "0001-01-01T00:00:00Z",
			"last_ban_time": "0001-01-01T00:00:00Z"
		},
		{
			"addr": {
				"id": "8557c34c9d5173cacbfa0f18fb6588b0064fa53a",
				"ip": "143.198.166.42",
				"port": 656
			},
			"src": {
				"id": "af04b141b490c0733fd01895d09b25c3e282eee4",
				"ip": "65.109.122.105",
				"port": 60656
			},
			"buckets": [
				67,
				158,
				188,
				225
			],
			"attempts": 9,
			"bucket_type": 1,
			"last_attempt": "2023-09-13T07:05:09.74530601+02:00",
			"last_success": "0001-01-01T00:00:00Z",
			"last_ban_time": "0001-01-01T00:00:00Z"
		},
		{
			"addr": {
				"id": "35f478c534e2d58dc2c4acdf3eb22eeb6f23357f",
				"ip": "165.232.125.66",
				"port": 26656
			},
			"src": {
				"id": "3efebfd1a741ea4a6b5563014482804674f16081",
				"ip": "0.0.0.0",
				"port": 20656
			},
			"buckets": [
				242,
				33,
				174,
				9
			],
			"attempts": 3,
			"bucket_type": 1,
			"last_attempt": "2023-09-14T06:11:56.981516257+02:00",
			"last_success": "0001-01-01T00:00:00Z",
			"last_ban_time": "0001-01-01T00:00:00Z"
		},
		{
			"addr": {
				"id": "743dbb206afb7982651bc523c34f4f6e9f950ead",
				"ip": "159.69.41.93",
				"port": 26656
			},
			"src": {
				"id": "fe40cfb3eec9f6d0cd0b66f4eed881bdee64f8bd",
				"ip": "85.190.254.14",
				"port": 42656
			},
			"buckets": [
				143,
				5,
				248,
				217
			],
			"attempts": 0,
			"bucket_type": 1,
			"last_attempt": "2023-09-13T09:01:36.784169491+02:00",
			"last_success": "0001-01-01T00:00:00Z",
			"last_ban_time": "0001-01-01T00:00:00Z"
		},
		{
			"addr": {
				"id": "ca617f0cfa46ff6b454cd6de2ca3037c5d9f15cb",
				"ip": "94.130.220.233",
				"port": 19656
			},
			"src": {
				"id": "ca4b6131d616d4d5930e50f1f557950f17fe4091",
				"ip": "0.0.0.0",
				"port": 26656
			},
			"buckets": [
				242,
				184,
				28,
				188
			],
			"attempts": 4,
			"bucket_type": 1,
			"last_attempt": "2023-09-13T13:25:06.657142726+02:00",
			"last_success": "0001-01-01T00:00:00Z",
			"last_ban_time": "0001-01-01T00:00:00Z"
		},
		{
			"addr": {
				"id": "5a019e4d8ea8990f81b6276bd0b3b043683aa9dc",
				"ip": "65.108.60.228",
				"port": 26656
			},
			"src": {
				"id": "9c9448268a8c4cc85fae7f59fb2f238c0f879dd2",
				"ip": "0.0.0.0",
				"port": 26656
			},
			"buckets": [
				243,
				178,
				103,
				224
			],
			"attempts": 0,
			"bucket_type": 1,
			"last_attempt": "2023-09-12T16:17:23.263791117+02:00",
			"last_success": "0001-01-01T00:00:00Z",
			"last_ban_time": "0001-01-01T00:00:00Z"
		},
		{
			"addr": {
				"id": "d11b066f51c9ee68473800de06a523982805f63d",
				"ip": "185.192.124.8",
				"port": 26757
			},
			"src": {
				"id": "ff91863a258093533d08bbe1e4fc39c7cb188964",
				"ip": "0.0.0.0",
				"port": 11732
			},
			"buckets": [
				181,
				51,
				72,
				9
			],
			"attempts": 0,
			"bucket_type": 1,
			"last_attempt": "2023-09-13T06:47:34.956911679+02:00",
			"last_success": "0001-01-01T00:00:00Z",
			"last_ban_time": "0001-01-01T00:00:00Z"
		},
		{
			"addr": {
				"id": "d3f80eea11bf3ced317939db2228895a685bf2fc",
				"ip": "65.109.154.182",
				"port": 15656
			},
			"src": {
				"id": "af04b141b490c0733fd01895d09b25c3e282eee4",
				"ip": "65.109.122.105",
				"port": 60656
			},
			"buckets": [
				207,
				145,
				187,
				209
			],
			"attempts": 1,
			"bucket_type": 1,
			"last_attempt": "2023-09-13T06:49:07.687106597+02:00",
			"last_success": "0001-01-01T00:00:00Z",
			"last_ban_time": "0001-01-01T00:00:00Z"
		},
		{
			"addr": {
				"id": "26ed79f959a4e2adb262d2ccd12b38c0e7b6c213",
				"ip": "143.110.153.141",
				"port": 26656
			},
			"src": {
				"id": "94a7baabb2bcc00c7b47cbaa58adf4f433df9599",
				"ip": "0.0.0.0",
				"port": 26656
			},
			"buckets": [
				248,
				76,
				118,
				15
			],
			"attempts": 6,
			"bucket_type": 1,
			"last_attempt": "2023-09-14T06:11:27.142779217+02:00",
			"last_success": "0001-01-01T00:00:00Z",
			"last_ban_time": "0001-01-01T00:00:00Z"
		},
		{
			"addr": {
				"id": "77370fad958c3404d0709e59839c6c8bf9b6cb12",
				"ip": "194.163.155.84",
				"port": 33656
			},
			"src": {
				"id": "d3b5b6ca39c8c62152abbeac4669816166d96831",
				"ip": "0.0.0.0",
				"port": 26656
			},
			"buckets": [
				210,
				239,
				132,
				149
			],
			"attempts": 1,
			"bucket_type": 1,
			"last_attempt": "2023-09-13T07:14:39.662569821+02:00",
			"last_success": "0001-01-01T00:00:00Z",
			"last_ban_time": "0001-01-01T00:00:00Z"
		},
		{
			"addr": {
				"id": "4bdec5933f5204775d27fbc6191785c264ab20a1",
				"ip": "5.78.99.65",
				"port": 26656
			},
			"src": {
				"id": "af04b141b490c0733fd01895d09b25c3e282eee4",
				"ip": "65.109.122.105",
				"port": 60656
			},
			"buckets": [
				247,
				149,
				96,
				66
			],
			"attempts": 4,
			"bucket_type": 1,
			"last_attempt": "2023-09-13T13:25:39.809202214+02:00",
			"last_success": "0001-01-01T00:00:00Z",
			"last_ban_time": "0001-01-01T00:00:00Z"
		},
		{
			"addr": {
				"id": "ad241deb8f46b14167f37133c213cffca2fbf43f",
				"ip": "147.182.244.252",
				"port": 42656
			},
			"src": {
				"id": "78ff2b1248aab4a0905fa387fbd7619b7d114840",
				"ip": "0.0.0.0",
				"port": 26656
			},
			"buckets": [
				212,
				239,
				175,
				7
			],
			"attempts": 8,
			"bucket_type": 1,
			"last_attempt": "2023-09-13T07:09:39.811875223+02:00",
			"last_success": "0001-01-01T00:00:00Z",
			"last_ban_time": "0001-01-01T00:00:00Z"
		},
		{
			"addr": {
				"id": "184eda9af0acccc7049b378fd000fced3808e3f3",
				"ip": "104.168.128.252",
				"port": 26656
			},
			"src": {
				"id": "af04b141b490c0733fd01895d09b25c3e282eee4",
				"ip": "65.109.122.105",
				"port": 60656
			},
			"buckets": [
				190,
				245,
				25,
				41
			],
			"attempts": 7,
			"bucket_type": 1,
			"last_attempt": "2023-09-14T06:10:57.13657505+02:00",
			"last_success": "0001-01-01T00:00:00Z",
			"last_ban_time": "0001-01-01T00:00:00Z"
		},
		{
			"addr": {
				"id": "02a0ce45c043a8cbb05b101abcb080ef323c4892",
				"ip": "157.90.225.31",
				"port": 26656
			},
			"src": {
				"id": "e0521c5fa724dd4d346955f06c4a660079c078a2",
				"ip": "65.109.136.240",
				"port": 26656
			},
			"buckets": [
				21,
				150
			],
			"attempts": 0,
			"bucket_type": 1,
			"last_attempt": "2023-09-13T09:02:36.775608472+02:00",
			"last_success": "0001-01-01T00:00:00Z",
			"last_ban_time": "0001-01-01T00:00:00Z"
		},
		{
			"addr": {
				"id": "ffa40f806282f44bb5c640897bc2e58869eb697b",
				"ip": "161.97.174.89",
				"port": 26656
			},
			"src": {
				"id": "8a5a2e8f8f728db8fbf5967b30a9f7505b78248f",
				"ip": "0.0.0.0",
				"port": 656
			},
			"buckets": [
				174,
				243,
				107,
				13
			],
			"attempts": 5,
			"bucket_type": 1,
			"last_attempt": "2023-09-13T07:11:07.646696036+02:00",
			"last_success": "0001-01-01T00:00:00Z",
			"last_ban_time": "0001-01-01T00:00:00Z"
		},
		{
			"addr": {
				"id": "4250bc9bcc5e74bcedbf8ea2559f8e826917ccee",
				"ip": "3.35.12.93",
				"port": 57656
			},
			"src": {
				"id": "a42d911018d34d434f8001c62c0f4f366cdecff1",
				"ip": "0.0.0.0",
				"port": 19356
			},
			"buckets": [
				197,
				123,
				226,
				141
			],
			"attempts": 5,
			"bucket_type": 1,
			"last_attempt": "2023-09-13T09:15:37.646235525+02:00",
			"last_success": "0001-01-01T00:00:00Z",
			"last_ban_time": "0001-01-01T00:00:00Z"
		},
		{
			"addr": {
				"id": "3cfd5844f774099466374076ed7745464be6b408",
				"ip": "213.202.208.101",
				"port": 36656
			},
			"src": {
				"id": "52e3b43d4c058dcfad673a4dc84634864e403c5d",
				"ip": "0.0.0.0",
				"port": 26656
			},
			"buckets": [
				162,
				190,
				2,
				32
			],
			"attempts": 0,
			"bucket_type": 1,
			"last_attempt": "2023-09-13T06:45:45.973831051+02:00",
			"last_success": "0001-01-01T00:00:00Z",
			"last_ban_time": "0001-01-01T00:00:00Z"
		},
		{
			"addr": {
				"id": "5ed78473db84b355e55f62f02ecb13673d13f6c3",
				"ip": "135.181.205.80",
				"port": 26656
			},
			"src": {
				"id": "94a7baabb2bcc00c7b47cbaa58adf4f433df9599",
				"ip": "0.0.0.0",
				"port": 26656
			},
			"buckets": [
				2,
				81,
				9,
				8
			],
			"attempts": 2,
			"bucket_type": 1,
			"last_attempt": "2023-09-13T07:00:47.527976975+02:00",
			"last_success": "0001-01-01T00:00:00Z",
			"last_ban_time": "0001-01-01T00:00:00Z"
		},
		{
			"addr": {
				"id": "8ccc7953b77d134513ce1b59e377370437333fb0",
				"ip": "136.243.105.186",
				"port": 26656
			},
			"src": {
				"id": "d11b066f51c9ee68473800de06a523982805f63d",
				"ip": "0.0.0.0",
				"port": 26757
			},
			"buckets": [
				126
			],
			"attempts": 0,
			"bucket_type": 1,
			"last_attempt": "2023-09-14T06:11:25.022519777+02:00",
			"last_success": "0001-01-01T00:00:00Z",
			"last_ban_time": "0001-01-01T00:00:00Z"
		},
		{
			"addr": {
				"id": "1d34c3440baddf650630f14dc1e72ad0a6f17bc7",
				"ip": "64.227.64.68",
				"port": 26656
			},
			"src": {
				"id": "99a652384547a6992a19e1f687b2f7b84c037800",
				"ip": "0.0.0.0",
				"port": 21156
			},
			"buckets": [
				239,
				186,
				142,
				126
			],
			"attempts": 0,
			"bucket_type": 1,
			"last_attempt": "2023-09-13T06:53:43.528941285+02:00",
			"last_success": "0001-01-01T00:00:00Z",
			"last_ban_time": "0001-01-01T00:00:00Z"
		},
		{
			"addr": {
				"id": "6c49d4132dfc889666219574de3079e44ffb2760",
				"ip": "23.88.50.33",
				"port": 26656
			},
			"src": {
				"id": "1d34c3440baddf650630f14dc1e72ad0a6f17bc7",
				"ip": "0.0.0.0",
				"port": 26656
			},
			"buckets": [
				94,
				157,
				112
			],
			"attempts": 0,
			"bucket_type": 1,
			"last_attempt": "2023-09-13T09:02:06.716766466+02:00",
			"last_success": "0001-01-01T00:00:00Z",
			"last_ban_time": "0001-01-01T00:00:00Z"
		},
		{
			"addr": {
				"id": "79ce4f143bd7c2e9aac9756979c8b55325cbb782",
				"ip": "167.172.94.4",
				"port": 26656
			},
			"src": {
				"id": "fe40cfb3eec9f6d0cd0b66f4eed881bdee64f8bd",
				"ip": "85.190.254.14",
				"port": 42656
			},
			"buckets": [
				220,
				95,
				88,
				249
			],
			"attempts": 0,
			"bucket_type": 1,
			"last_attempt": "2023-09-13T06:43:57.231026247+02:00",
			"last_success": "0001-01-01T00:00:00Z",
			"last_ban_time": "0001-01-01T00:00:00Z"
		},
		{
			"addr": {
				"id": "050d8697de8aca03cad379fa7f7b5d55a62201df",
				"ip": "144.24.55.34",
				"port": 26656
			},
			"src": {
				"id": "ca4b6131d616d4d5930e50f1f557950f17fe4091",
				"ip": "0.0.0.0",
				"port": 26656
			},
			"buckets": [
				41,
				224,
				80,
				125
			],
			"attempts": 3,
			"bucket_type": 1,
			"last_attempt": "2023-09-13T07:14:09.797016709+02:00",
			"last_success": "0001-01-01T00:00:00Z",
			"last_ban_time": "0001-01-01T00:00:00Z"
		},
		{
			"addr": {
				"id": "3325e806b43cd9dae71eaaa1154ebd16dc7bcb8c",
				"ip": "65.109.1.127",
				"port": 26656
			},
			"src": {
				"id": "77370fad958c3404d0709e59839c6c8bf9b6cb12",
				"ip": "194.163.155.84",
				"port": 33656
			},
			"buckets": [
				234,
				11,
				10,
				1
			],
			"attempts": 1,
			"bucket_type": 1,
			"last_attempt": "2023-09-13T07:06:37.646323222+02:00",
			"last_success": "0001-01-01T00:00:00Z",
			"last_ban_time": "0001-01-01T00:00:00Z"
		},
		{
			"addr": {
				"id": "d3abc3161148ca092fab21ee89240d7afa1295c8",
				"ip": "146.190.97.66",
				"port": 26656
			},
			"src": {
				"id": "af04b141b490c0733fd01895d09b25c3e282eee4",
				"ip": "65.109.122.105",
				"port": 60656
			},
			"buckets": [
				52,
				114,
				126,
				133
			],
			"attempts": 5,
			"bucket_type": 1,
			"last_attempt": "2023-09-13T07:13:39.841493997+02:00",
			"last_success": "0001-01-01T00:00:00Z",
			"last_ban_time": "0001-01-01T00:00:00Z"
		},
		{
			"addr": {
				"id": "18e83353cbb62095e6eeb27fff103482744b5238",
				"ip": "95.214.55.138",
				"port": 7656
			},
			"src": {
				"id": "18e83353cbb62095e6eeb27fff103482744b5238",
				"ip": "95.214.55.138",
				"port": 7656
			},
			"buckets": [
				249,
				184,
				78,
				219
			],
			"attempts": 4,
			"bucket_type": 1,
			"last_attempt": "2023-09-13T07:10:09.677907628+02:00",
			"last_success": "0001-01-01T00:00:00Z",
			"last_ban_time": "0001-01-01T00:00:00Z"
		},
		{
			"addr": {
				"id": "e309353ea059e2a1945c29c68e14234c59ee9bec",
				"ip": "95.216.199.225",
				"port": 26656
			},
			"src": {
				"id": "af04b141b490c0733fd01895d09b25c3e282eee4",
				"ip": "65.109.122.105",
				"port": 60656
			},
			"buckets": [
				3,
				32,
				53,
				199
			],
			"attempts": 2,
			"bucket_type": 1,
			"last_attempt": "2023-09-13T06:53:16.325636157+02:00",
			"last_success": "0001-01-01T00:00:00Z",
			"last_ban_time": "0001-01-01T00:00:00Z"
		},
		{
			"addr": {
				"id": "2425d2ba5f493a10d4decd0fb42ef47dc13efec2",
				"ip": "206.189.206.88",
				"port": 26656
			},
			"src": {
				"id": "35f478c534e2d58dc2c4acdf3eb22eeb6f23357f",
				"ip": "0.0.0.0",
				"port": 26656
			},
			"buckets": [
				36,
				213,
				52,
				184
			],
			"attempts": 4,
			"bucket_type": 1,
			"last_attempt": "2023-09-14T06:10:57.077470991+02:00",
			"last_success": "0001-01-01T00:00:00Z",
			"last_ban_time": "0001-01-01T00:00:00Z"
		},
		{
			"addr": {
				"id": "159641dde61afc34dd71fa78833838777641fa06",
				"ip": "95.217.180.29",
				"port": 26656
			},
			"src": {
				"id": "37ef2974165eb3d98c6510084ea1621d8f6fa01f",
				"ip": "0.0.0.0",
				"port": 26656
			},
			"buckets": [
				215,
				11,
				236,
				100
			],
			"attempts": 1,
			"bucket_type": 1,
			"last_attempt": "2023-09-13T06:45:15.686549235+02:00",
			"last_success": "0001-01-01T00:00:00Z",
			"last_ban_time": "0001-01-01T00:00:00Z"
		},
		{
			"addr": {
				"id": "88ffe6a82f9f5425c7484d3659130db88b0907a5",
				"ip": "38.242.230.118",
				"port": 57656
			},
			"src": {
				"id": "35f478c534e2d58dc2c4acdf3eb22eeb6f23357f",
				"ip": "0.0.0.0",
				"port": 26656
			},
			"buckets": [
				216,
				94,
				53,
				54
			],
			"attempts": 5,
			"bucket_type": 1,
			"last_attempt": "2023-09-13T07:11:39.662652893+02:00",
			"last_success": "0001-01-01T00:00:00Z",
			"last_ban_time": "0001-01-01T00:00:00Z"
		},
		{
			"addr": {
				"id": "e91aecbc49e6e9aa0bb9430f4c9aff8abfb16d70",
				"ip": "172.104.167.70",
				"port": 26656
			},
			"src": {
				"id": "77370fad958c3404d0709e59839c6c8bf9b6cb12",
				"ip": "194.163.155.84",
				"port": 33656
			},
			"buckets": [
				140,
				47,
				220,
				38
			],
			"attempts": 2,
			"bucket_type": 1,
			"last_attempt": "2023-09-13T13:35:07.649489448+02:00",
			"last_success": "0001-01-01T00:00:00Z",
			"last_ban_time": "0001-01-01T00:00:00Z"
		},
		{
			"addr": {
				"id": "a9f2a8d790f05839f6d5c02038a822cb44d5d066",
				"ip": "65.109.92.241",
				"port": 3056
			},
			"src": {
				"id": "a9f2a8d790f05839f6d5c02038a822cb44d5d066",
				"ip": "65.109.92.241",
				"port": 3056
			},
			"buckets": [
				126,
				209,
				39,
				205
			],
			"attempts": 0,
			"bucket_type": 1,
			"last_attempt": "2023-09-12T15:28:39.027553058+02:00",
			"last_success": "0001-01-01T00:00:00Z",
			"last_ban_time": "0001-01-01T00:00:00Z"
		},
		{
			"addr": {
				"id": "c244ea9c8d45923b00439617324552eaf20efd3e",
				"ip": "5.9.61.78",
				"port": 33656
			},
			"src": {
				"id": "35f478c534e2d58dc2c4acdf3eb22eeb6f23357f",
				"ip": "0.0.0.0",
				"port": 26656
			},
			"buckets": [
				32,
				57,
				193,
				78
			],
			"attempts": 0,
			"bucket_type": 1,
			"last_attempt": "2023-09-12T14:05:47.442891198+02:00",
			"last_success": "0001-01-01T00:00:00Z",
			"last_ban_time": "0001-01-01T00:00:00Z"
		},
		{
			"addr": {
				"id": "5f180263bec701b722b750b9fa63ee95969e5d02",
				"ip": "65.109.238.88",
				"port": 26656
			},
			"src": {
				"id": "e0521c5fa724dd4d346955f06c4a660079c078a2",
				"ip": "65.109.136.240",
				"port": 26656
			},
			"buckets": [
				36,
				188,
				125,
				5
			],
			"attempts": 0,
			"bucket_type": 1,
			"last_attempt": "2023-09-13T07:08:36.776494437+02:00",
			"last_success": "0001-01-01T00:00:00Z",
			"last_ban_time": "0001-01-01T00:00:00Z"
		},
		{
			"addr": {
				"id": "481c868e81e970fb63c9774e879827297779fda1",
				"ip": "65.108.199.26",
				"port": 12656
			},
			"src": {
				"id": "af04b141b490c0733fd01895d09b25c3e282eee4",
				"ip": "65.109.122.105",
				"port": 60656
			},
			"buckets": [
				3,
				114,
				126,
				243
			],
			"attempts": 1,
			"bucket_type": 1,
			"last_attempt": "2023-09-13T06:43:58.454364602+02:00",
			"last_success": "0001-01-01T00:00:00Z",
			"last_ban_time": "0001-01-01T00:00:00Z"
		},
		{
			"addr": {
				"id": "e2009f0d2dce92609e8683f56c60f2d0b3367508",
				"ip": "65.21.134.202",
				"port": 37656
			},
			"src": {
				"id": "e2009f0d2dce92609e8683f56c60f2d0b3367508",
				"ip": "65.21.134.202",
				"port": 37656
			},
			"buckets": [
				168,
				221,
				15,
				218
			],
			"attempts": 3,
			"bucket_type": 1,
			"last_attempt": "2023-09-13T06:52:46.325850483+02:00",
			"last_success": "0001-01-01T00:00:00Z",
			"last_ban_time": "0001-01-01T00:00:00Z"
		},
		{
			"addr": {
				"id": "bbebcef073f20f2e3d04168368d4cc1376f5ec95",
				"ip": "45.67.216.69",
				"port": 26656
			},
			"src": {
				"id": "d3b5b6ca39c8c62152abbeac4669816166d96831",
				"ip": "0.0.0.0",
				"port": 26656
			},
			"buckets": [
				243,
				89,
				179,
				192
			],
			"attempts": 2,
			"bucket_type": 1,
			"last_attempt": "2023-09-13T07:10:09.66243568+02:00",
			"last_success": "0001-01-01T00:00:00Z",
			"last_ban_time": "0001-01-01T00:00:00Z"
		},
		{
			"addr": {
				"id": "a5eb485d3acb8cfd455795856d49df84d3407892",
				"ip": "65.109.116.204",
				"port": 20556
			},
			"src": {
				"id": "af04b141b490c0733fd01895d09b25c3e282eee4",
				"ip": "65.109.122.105",
				"port": 60656
			},
			"buckets": [
				207,
				145,
				187,
				209
			],
			"attempts": 2,
			"bucket_type": 1,
			"last_attempt": "2023-09-13T06:48:05.655277693+02:00",
			"last_success": "0001-01-01T00:00:00Z",
			"last_ban_time": "0001-01-01T00:00:00Z"
		},
		{
			"addr": {
				"id": "85bef166449c5fbb2eabbf3409a79a1376edd6f3",
				"ip": "65.21.131.215",
				"port": 37656
			},
			"src": {
				"id": "85bef166449c5fbb2eabbf3409a79a1376edd6f3",
				"ip": "65.21.131.215",
				"port": 37656
			},
			"buckets": [
				168,
				221,
				182,
				141
			],
			"attempts": 2,
			"bucket_type": 1,
			"last_attempt": "2023-09-14T06:10:57.006446858+02:00",
			"last_success": "0001-01-01T00:00:00Z",
			"last_ban_time": "0001-01-01T00:00:00Z"
		},
		{
			"addr": {
				"id": "eb0553d1036669d50adab048dd9781c1b5b524a4",
				"ip": "46.17.250.108",
				"port": 50656
			},
			"src": {
				"id": "c244ea9c8d45923b00439617324552eaf20efd3e",
				"ip": "0.0.0.0",
				"port": 33656
			},
			"buckets": [
				181
			],
			"attempts": 0,
			"bucket_type": 1,
			"last_attempt": "2023-09-14T06:10:54.227311994+02:00",
			"last_success": "0001-01-01T00:00:00Z",
			"last_ban_time": "0001-01-01T00:00:00Z"
		},
		{
			"addr": {
				"id": "b408ed76be2a25dda67612755d25fdca722e46ae",
				"ip": "65.108.149.69",
				"port": 26656
			},
			"src": {
				"id": "7b972e7dc4e5fd1225c94f9f8f146c321fb0d380",
				"ip": "5.75.159.86",
				"port": 26656
			},
			"buckets": [
				145,
				157,
				139
			],
			"attempts": 0,
			"bucket_type": 1,
			"last_attempt": "2023-09-14T06:11:24.188717363+02:00",
			"last_success": "0001-01-01T00:00:00Z",
			"last_ban_time": "0001-01-01T00:00:00Z"
		},
		{
			"addr": {
				"id": "9414d95c7b3e1aa0f010b9c4b8978c82cc361b5b",
				"ip": "65.108.148.117",
				"port": 26656
			},
			"src": {
				"id": "3eb1be5ff7a7e548693da425d67739857c6f86ca",
				"ip": "217.13.223.167",
				"port": 26656
			},
			"buckets": [
				54,
				139,
				145
			],
			"attempts": 0,
			"bucket_type": 1,
			"last_attempt": "2023-09-13T13:35:06.875549977+02:00",
			"last_success": "0001-01-01T00:00:00Z",
			"last_ban_time": "0001-01-01T00:00:00Z"
		},
		{
			"addr": {
				"id": "a036c7069184c194b1cd7663f3cf4c833190b600",
				"ip": "146.190.142.13",
				"port": 19356
			},
			"src": {
				"id": "af04b141b490c0733fd01895d09b25c3e282eee4",
				"ip": "65.109.122.105",
				"port": 60656
			},
			"buckets": [
				52,
				114,
				126,
				78
			],
			"attempts": 1,
			"bucket_type": 1,
			"last_attempt": "2023-09-13T06:47:37.820561853+02:00",
			"last_success": "0001-01-01T00:00:00Z",
			"last_ban_time": "0001-01-01T00:00:00Z"
		},
		{
			"addr": {
				"id": "9fdc62f9f3c12b38acaf6a0ca9edf8a3a2bca685",
				"ip": "116.203.217.25",
				"port": 26656
			},
			"src": {
				"id": "5a019e4d8ea8990f81b6276bd0b3b043683aa9dc",
				"ip": "0.0.0.0",
				"port": 26656
			},
			"buckets": [
				150,
				27,
				171,
				247
			],
			"attempts": 0,
			"bucket_type": 1,
			"last_attempt": "2023-09-13T09:10:06.88018571+02:00",
			"last_success": "0001-01-01T00:00:00Z",
			"last_ban_time": "0001-01-01T00:00:00Z"
		},
		{
			"addr": {
				"id": "20acbc925fd59afa2dee3c1c7e4e691f470d4ecc",
				"ip": "194.163.176.105",
				"port": 34656
			},
			"src": {
				"id": "ff91863a258093533d08bbe1e4fc39c7cb188964",
				"ip": "0.0.0.0",
				"port": 11732
			},
			"buckets": [
				26,
				111,
				41,
				18
			],
			"attempts": 1,
			"bucket_type": 1,
			"last_attempt": "2023-09-13T13:34:39.663594265+02:00",
			"last_success": "0001-01-01T00:00:00Z",
			"last_ban_time": "0001-01-01T00:00:00Z"
		},
		{
			"addr": {
				"id": "c70003ee8c05b3a848c85a5e336d7c8e1ac89153",
				"ip": "139.162.22.192",
				"port": 26656
			},
			"src": {
				"id": "78ff2b1248aab4a0905fa387fbd7619b7d114840",
				"ip": "0.0.0.0",
				"port": 26656
			},
			"buckets": [
				211,
				108,
				249,
				104
			],
			"attempts": 2,
			"bucket_type": 1,
			"last_attempt": "2023-09-13T06:58:15.500895736+02:00",
			"last_success": "0001-01-01T00:00:00Z",
			"last_ban_time": "0001-01-01T00:00:00Z"
		},
		{
			"addr": {
				"id": "0ae65f61cadbc3952f1610dda24c2f6349badda0",
				"ip": "23.88.59.144",
				"port": 26656
			},
			"src": {
				"id": "cdb2838991768446e29d5e92dbb1e9fef3ab45f2",
				"ip": "148.251.75.244",
				"port": 28856
			},
			"buckets": [
				205,
				94,
				195
			],
			"attempts": 0,
			"bucket_type": 1,
			"last_attempt": "2023-09-13T09:16:06.695153231+02:00",
			"last_success": "0001-01-01T00:00:00Z",
			"last_ban_time": "0001-01-01T00:00:00Z"
		},
		{
			"addr": {
				"id": "3c09fc7ec5c952591af2a5026f9264c5b3df2d8c",
				"ip": "109.123.241.195",
				"port": 26656
			},
			"src": {
				"id": "78ff2b1248aab4a0905fa387fbd7619b7d114840",
				"ip": "0.0.0.0",
				"port": 26656
			},
			"buckets": [
				221,
				89,
				50,
				31
			],
			"attempts": 4,
			"bucket_type": 1,
			"last_attempt": "2023-09-13T07:00:17.519523144+02:00",
			"last_success": "0001-01-01T00:00:00Z",
			"last_ban_time": "0001-01-01T00:00:00Z"
		},
		{
			"addr": {
				"id": "6d3a8ecc7f91e65d96fea056f45b14cbf4a5d90d",
				"ip": "157.90.161.172",
				"port": 26656
			},
			"src": {
				"id": "5a019e4d8ea8990f81b6276bd0b3b043683aa9dc",
				"ip": "0.0.0.0",
				"port": 26656
			},
			"buckets": [
				126,
				4,
				16
			],
			"attempts": 0,
			"bucket_type": 1,
			"last_attempt": "2023-09-13T13:25:36.878970038+02:00",
			"last_success": "0001-01-01T00:00:00Z",
			"last_ban_time": "0001-01-01T00:00:00Z"
		},
		{
			"addr": {
				"id": "94a7baabb2bcc00c7b47cbaa58adf4f433df9599",
				"ip": "157.230.119.165",
				"port": 26656
			},
			"src": {
				"id": "3efebfd1a741ea4a6b5563014482804674f16081",
				"ip": "0.0.0.0",
				"port": 20656
			},
			"buckets": [
				8
			],
			"attempts": 0,
			"bucket_type": 2,
			"last_attempt": "2023-09-14T04:42:33.395656747+02:00",
			"last_success": "2023-09-14T04:42:33.395656747+02:00",
			"last_ban_time": "0001-01-01T00:00:00Z"
		},
		{
			"addr": {
				"id": "d627ba7bd2a4b312b1415da216182cca65609e7a",
				"ip": "65.21.154.189",
				"port": 26656
			},
			"src": {
				"id": "fe40cfb3eec9f6d0cd0b66f4eed881bdee64f8bd",
				"ip": "85.190.254.14",
				"port": 42656
			},
			"buckets": [
				171,
				120,
				158
			],
			"attempts": 0,
			"bucket_type": 1,
			"last_attempt": "2023-09-13T09:01:36.784019055+02:00",
			"last_success": "0001-01-01T00:00:00Z",
			"last_ban_time": "0001-01-01T00:00:00Z"
		},
		{
			"addr": {
				"id": "ca7b1b543980db0d44723694ed5b4d73abb4acea",
				"ip": "65.109.30.110",
				"port": 11823
			},
			"src": {
				"id": "18e83353cbb62095e6eeb27fff103482744b5238",
				"ip": "95.214.55.138",
				"port": 7656
			},
			"buckets": [
				80,
				209,
				205,
				172
			],
			"attempts": 5,
			"bucket_type": 1,
			"last_attempt": "2023-09-14T06:10:54.976298443+02:00",
			"last_success": "0001-01-01T00:00:00Z",
			"last_ban_time": "0001-01-01T00:00:00Z"
		},
		{
			"addr": {
				"id": "4cc21f4675435d57abf7d542d42904a4ffe88a0e",
				"ip": "65.108.124.121",
				"port": 61156
			},
			"src": {
				"id": "4cc21f4675435d57abf7d542d42904a4ffe88a0e",
				"ip": "65.108.124.121",
				"port": 61156
			},
			"buckets": [
				63,
				243,
				59,
				97
			],
			"attempts": 1,
			"bucket_type": 1,
			"last_attempt": "2023-09-13T06:56:14.529964585+02:00",
			"last_success": "0001-01-01T00:00:00Z",
			"last_ban_time": "0001-01-01T00:00:00Z"
		},
		{
			"addr": {
				"id": "2b3bccf699564531d80036cc1c0fb91b865d4823",
				"ip": "95.217.180.29",
				"port": 26656
			},
			"src": {
				"id": "38ee386647dc212a8ebc525631939c6f9dabfadb",
				"ip": "0.0.0.0",
				"port": 19356
			},
			"buckets": [
				120,
				127,
				89,
				167
			],
			"attempts": 7,
			"bucket_type": 1,
			"last_attempt": "2023-09-13T13:26:36.678408907+02:00",
			"last_success": "0001-01-01T00:00:00Z",
			"last_ban_time": "0001-01-01T00:00:00Z"
		},
		{
			"addr": {
				"id": "7b972e7dc4e5fd1225c94f9f8f146c321fb0d380",
				"ip": "5.75.159.86",
				"port": 26656
			},
			"src": {
				"id": "fe40cfb3eec9f6d0cd0b66f4eed881bdee64f8bd",
				"ip": "85.190.254.14",
				"port": 42656
			},
			"buckets": [
				15
			],
			"attempts": 0,
			"bucket_type": 2,
			"last_attempt": "2023-09-14T05:28:35.073576733+02:00",
			"last_success": "2023-09-14T05:28:35.073576733+02:00",
			"last_ban_time": "0001-01-01T00:00:00Z"
		},
		{
			"addr": {
				"id": "247044718c13726f8c6313c90389c4218d9792c1",
				"ip": "116.203.201.227",
				"port": 26656
			},
			"src": {
				"id": "5a019e4d8ea8990f81b6276bd0b3b043683aa9dc",
				"ip": "0.0.0.0",
				"port": 26656
			},
			"buckets": [
				150,
				12
			],
			"attempts": 0,
			"bucket_type": 1,
			"last_attempt": "2023-09-13T09:03:36.84699367+02:00",
			"last_success": "0001-01-01T00:00:00Z",
			"last_ban_time": "0001-01-01T00:00:00Z"
		},
		{
			"addr": {
				"id": "0389fb4bd3f92d206f94af49c9758dbb454b6c4b",
				"ip": "137.184.220.199",
				"port": 26656
			},
			"src": {
				"id": "5a019e4d8ea8990f81b6276bd0b3b043683aa9dc",
				"ip": "0.0.0.0",
				"port": 26656
			},
			"buckets": [
				9,
				135,
				31
			],
			"attempts": 0,
			"bucket_type": 1,
			"last_attempt": "2023-09-13T09:03:36.846778325+02:00",
			"last_success": "0001-01-01T00:00:00Z",
			"last_ban_time": "0001-01-01T00:00:00Z"
		},
		{
			"addr": {
				"id": "3b192eca47acce9aaed07b94a95c6ad051e8622f",
				"ip": "20.70.179.233",
				"port": 26656
			},
			"src": {
				"id": "a42d911018d34d434f8001c62c0f4f366cdecff1",
				"ip": "0.0.0.0",
				"port": 19356
			},
			"buckets": [
				136,
				145,
				30,
				8
			],
			"attempts": 5,
			"bucket_type": 1,
			"last_attempt": "2023-09-13T07:03:30.820584318+02:00",
			"last_success": "0001-01-01T00:00:00Z",
			"last_ban_time": "0001-01-01T00:00:00Z"
		},
		{
			"addr": {
				"id": "bae21418b80df93ab49f3cd612989dd1d739bdda",
				"ip": "167.235.132.251",
				"port": 26656
			},
			"src": {
				"id": "35f478c534e2d58dc2c4acdf3eb22eeb6f23357f",
				"ip": "0.0.0.0",
				"port": 26656
			},
			"buckets": [
				224,
				5,
				15,
				81
			],
			"attempts": 3,
			"bucket_type": 1,
			"last_attempt": "2023-09-13T06:44:28.432607728+02:00",
			"last_success": "0001-01-01T00:00:00Z",
			"last_ban_time": "0001-01-01T00:00:00Z"
		},
		{
			"addr": {
				"id": "3eae8a0c42c4cb32f2a050c03a487bca77f861ac",
				"ip": "116.203.127.150",
				"port": 26656
			},
			"src": {
				"id": "1d34c3440baddf650630f14dc1e72ad0a6f17bc7",
				"ip": "0.0.0.0",
				"port": 26656
			},
			"buckets": [
				150,
				247,
				12
			],
			"attempts": 0,
			"bucket_type": 1,
			"last_attempt": "2023-09-13T09:02:06.716761401+02:00",
			"last_success": "0001-01-01T00:00:00Z",
			"last_ban_time": "0001-01-01T00:00:00Z"
		},
		{
			"addr": {
				"id": "6eb3bcbfcdec87430f720d8946d79626c06ca21a",
				"ip": "65.109.116.50",
				"port": 26656
			},
			"src": {
				"id": "78ff2b1248aab4a0905fa387fbd7619b7d114840",
				"ip": "0.0.0.0",
				"port": 26656
			},
			"buckets": [
				209,
				15,
				160,
				201
			],
			"attempts": 0,
			"bucket_type": 1,
			"last_attempt": "2023-09-12T16:16:53.253885809+02:00",
			"last_success": "0001-01-01T00:00:00Z",
			"last_ban_time": "0001-01-01T00:00:00Z"
		},
		{
			"addr": {
				"id": "d3b5b6ca39c8c62152abbeac4669816166d96831",
				"ip": "165.22.24.236",
				"port": 26656
			},
			"src": {
				"id": "3efebfd1a741ea4a6b5563014482804674f16081",
				"ip": "0.0.0.0",
				"port": 20656
			},
			"buckets": [
				7
			],
			"attempts": 18,
			"bucket_type": 2,
			"last_attempt": "2023-09-13T07:06:09.650180642+02:00",
			"last_success": "2023-09-13T06:23:31.23498634+02:00",
			"last_ban_time": "0001-01-01T00:00:00Z"
		},
		{
			"addr": {
				"id": "0df9b2a46b836020516fb53c53c042f820eab1cb",
				"ip": "65.108.229.93",
				"port": 38656
			},
			"src": {
				"id": "ad241deb8f46b14167f37133c213cffca2fbf43f",
				"ip": "147.182.244.252",
				"port": 42656
			},
			"buckets": [
				178,
				132,
				224,
				252
			],
			"attempts": 0,
			"bucket_type": 1,
			"last_attempt": "2023-09-12T16:19:53.901962108+02:00",
			"last_success": "0001-01-01T00:00:00Z",
			"last_ban_time": "0001-01-01T00:00:00Z"
		},
		{
			"addr": {
				"id": "7d3292fe76e4d40da5a580c85d1bf80c956f67c6",
				"ip": "142.132.203.115",
				"port": 26656
			},
			"src": {
				"id": "af04b141b490c0733fd01895d09b25c3e282eee4",
				"ip": "65.109.122.105",
				"port": 60656
			},
			"buckets": [
				124,
				248,
				231,
				206
			],
			"attempts": 6,
			"bucket_type": 1,
			"last_attempt": "2023-09-14T06:10:54.976236191+02:00",
			"last_success": "0001-01-01T00:00:00Z",
			"last_ban_time": "0001-01-01T00:00:00Z"
		},
		{
			"addr": {
				"id": "52e3b43d4c058dcfad673a4dc84634864e403c5d",
				"ip": "135.181.138.160",
				"port": 26656
			},
			"src": {
				"id": "a42d911018d34d434f8001c62c0f4f366cdecff1",
				"ip": "0.0.0.0",
				"port": 19356
			},
			"buckets": [
				46,
				158,
				125,
				147
			],
			"attempts": 0,
			"bucket_type": 1,
			"last_attempt": "2023-09-13T06:44:55.793233298+02:00",
			"last_success": "0001-01-01T00:00:00Z",
			"last_ban_time": "0001-01-01T00:00:00Z"
		},
		{
			"addr": {
				"id": "9c6f107a307f3301150cc67e1312a1f0e2b397f6",
				"ip": "23.88.50.18",
				"port": 26656
			},
			"src": {
				"id": "1d34c3440baddf650630f14dc1e72ad0a6f17bc7",
				"ip": "0.0.0.0",
				"port": 26656
			},
			"buckets": [
				94,
				227,
				122,
				157
			],
			"attempts": 0,
			"bucket_type": 1,
			"last_attempt": "2023-09-13T09:02:06.716745543+02:00",
			"last_success": "0001-01-01T00:00:00Z",
			"last_ban_time": "0001-01-01T00:00:00Z"
		},
		{
			"addr": {
				"id": "a14259bc4d644c5920332468f887c489a0abd8cc",
				"ip": "23.88.49.61",
				"port": 26656
			},
			"src": {
				"id": "5a019e4d8ea8990f81b6276bd0b3b043683aa9dc",
				"ip": "0.0.0.0",
				"port": 26656
			},
			"buckets": [
				94,
				205,
				241
			],
			"attempts": 0,
			"bucket_type": 1,
			"last_attempt": "2023-09-13T09:10:06.880196904+02:00",
			"last_success": "0001-01-01T00:00:00Z",
			"last_ban_time": "0001-01-01T00:00:00Z"
		},
		{
			"addr": {
				"id": "f76729a7e0e8235d867a99ecb806b7d367450c3f",
				"ip": "65.109.237.206",
				"port": 26656
			},
			"src": {
				"id": "af04b141b490c0733fd01895d09b25c3e282eee4",
				"ip": "65.109.122.105",
				"port": 60656
			},
			"buckets": [
				207,
				145,
				187,
				209
			],
			"attempts": 0,
			"bucket_type": 1,
			"last_attempt": "2023-09-12T14:11:44.973419731+02:00",
			"last_success": "0001-01-01T00:00:00Z",
			"last_ban_time": "0001-01-01T00:00:00Z"
		},
		{
			"addr": {
				"id": "8a4238a13f45a8a5d205560b28fa9915719450c0",
				"ip": "14.167.138.171",
				"port": 11356
			},
			"src": {
				"id": "5a019e4d8ea8990f81b6276bd0b3b043683aa9dc",
				"ip": "0.0.0.0",
				"port": 26656
			},
			"buckets": [
				192,
				208,
				72,
				136
			],
			"attempts": 0,
			"bucket_type": 1,
			"last_attempt": "2023-09-13T09:15:06.882111857+02:00",
			"last_success": "0001-01-01T00:00:00Z",
			"last_ban_time": "0001-01-01T00:00:00Z"
		},
		{
			"addr": {
				"id": "4caa6e95ea6cab0ef403cd0378e8d4579bc82ab9",
				"ip": "116.203.184.161",
				"port": 26656
			},
			"src": {
				"id": "94a7baabb2bcc00c7b47cbaa58adf4f433df9599",
				"ip": "0.0.0.0",
				"port": 26656
			},
			"buckets": [
				150,
				27
			],
			"attempts": 0,
			"bucket_type": 1,
			"last_attempt": "2023-09-13T09:03:06.853657188+02:00",
			"last_success": "0001-01-01T00:00:00Z",
			"last_ban_time": "0001-01-01T00:00:00Z"
		},
		{
			"addr": {
				"id": "ef26c04cbafc92b46270ac5968986f6ce27d51d1",
				"ip": "65.108.228.245",
				"port": 19056
			},
			"src": {
				"id": "78ff2b1248aab4a0905fa387fbd7619b7d114840",
				"ip": "0.0.0.0",
				"port": 26656
			},
			"buckets": [
				243,
				132,
				106,
				48
			],
			"attempts": 0,
			"bucket_type": 1,
			"last_attempt": "2023-09-12T16:16:53.253920936+02:00",
			"last_success": "0001-01-01T00:00:00Z",
			"last_ban_time": "0001-01-01T00:00:00Z"
		},
		{
			"addr": {
				"id": "9b607f4fa67fe296c8ff5ebf0c2401b15b2b1f20",
				"ip": "157.245.255.213",
				"port": 26656
			},
			"src": {
				"id": "fe40cfb3eec9f6d0cd0b66f4eed881bdee64f8bd",
				"ip": "85.190.254.14",
				"port": 42656
			},
			"buckets": [
				54,
				148,
				160,
				222
			],
			"attempts": 4,
			"bucket_type": 1,
			"last_attempt": "2023-09-14T06:11:54.977502822+02:00",
			"last_success": "0001-01-01T00:00:00Z",
			"last_ban_time": "0001-01-01T00:00:00Z"
		},
		{
			"addr": {
				"id": "444b53c783a8ac970e4f69699e18bad266955cc4",
				"ip": "51.79.82.227",
				"port": 14656
			},
			"src": {
				"id": "af04b141b490c0733fd01895d09b25c3e282eee4",
				"ip": "65.109.122.105",
				"port": 60656
			},
			"buckets": [
				1,
				41,
				149,
				78
			],
			"attempts": 6,
			"bucket_type": 1,
			"last_attempt": "2023-09-13T06:52:14.294446465+02:00",
			"last_success": "0001-01-01T00:00:00Z",
			"last_ban_time": "0001-01-01T00:00:00Z"
		},
		{
			"addr": {
				"id": "fe40cfb3eec9f6d0cd0b66f4eed881bdee64f8bd",
				"ip": "85.190.254.14",
				"port": 42656
			},
			"src": {
				"id": "77370fad958c3404d0709e59839c6c8bf9b6cb12",
				"ip": "194.163.155.84",
				"port": 33656
			},
			"buckets": [
				23,
				137,
				131,
				58
			],
			"attempts": 0,
			"bucket_type": 1,
			"last_attempt": "2023-09-13T06:43:23.254032781+02:00",
			"last_success": "0001-01-01T00:00:00Z",
			"last_ban_time": "0001-01-01T00:00:00Z"
		},
		{
			"addr": {
				"id": "a5996e10fcaab0d6fda7e64347ae89f9ab9ee960",
				"ip": "116.203.230.184",
				"port": 26656
			},
			"src": {
				"id": "1d34c3440baddf650630f14dc1e72ad0a6f17bc7",
				"ip": "0.0.0.0",
				"port": 26656
			},
			"buckets": [
				150,
				247
			],
			"attempts": 0,
			"bucket_type": 1,
			"last_attempt": "2023-09-13T09:02:06.716724361+02:00",
			"last_success": "0001-01-01T00:00:00Z",
			"last_ban_time": "0001-01-01T00:00:00Z"
		},
		{
			"addr": {
				"id": "3c0d5fe98200c50b58a04b4e8f05b2657e7bfd91",
				"ip": "116.202.241.157",
				"port": 44656
			},
			"src": {
				"id": "a42d911018d34d434f8001c62c0f4f366cdecff1",
				"ip": "0.0.0.0",
				"port": 19356
			},
			"buckets": [
				210,
				129,
				50,
				39
			],
			"attempts": 0,
			"bucket_type": 1,
			"last_attempt": "2023-09-12T16:16:23.40183346+02:00",
			"last_success": "0001-01-01T00:00:00Z",
			"last_ban_time": "0001-01-01T00:00:00Z"
		},
		{
			"addr": {
				"id": "3eb1be5ff7a7e548693da425d67739857c6f86ca",
				"ip": "217.13.223.167",
				"port": 26656
			},
			"src": {
				"id": "9c9448268a8c4cc85fae7f59fb2f238c0f879dd2",
				"ip": "0.0.0.0",
				"port": 26656
			},
			"buckets": [
				199,
				240,
				10,
				204
			],
			"attempts": 0,
			"bucket_type": 1,
			"last_attempt": "2023-09-12T16:17:23.26381326+02:00",
			"last_success": "0001-01-01T00:00:00Z",
			"last_ban_time": "0001-01-01T00:00:00Z"
		},
		{
			"addr": {
				"id": "67f89f4a314c6a29c12e553eabc9bc8ec8833a47",
				"ip": "65.21.57.141",
				"port": 26656
			},
			"src": {
				"id": "af04b141b490c0733fd01895d09b25c3e282eee4",
				"ip": "65.109.122.105",
				"port": 60656
			},
			"buckets": [
				19,
				41,
				193,
				221
			],
			"attempts": 3,
			"bucket_type": 1,
			"last_attempt": "2023-09-13T07:01:17.531314642+02:00",
			"last_success": "0001-01-01T00:00:00Z",
			"last_ban_time": "0001-01-01T00:00:00Z"
		},
		{
			"addr": {
				"id": "cee1b807dbe936289f207006a74f1c101457efc2",
				"ip": "46.4.23.108",
				"port": 12656
			},
			"src": {
				"id": "af04b141b490c0733fd01895d09b25c3e282eee4",
				"ip": "65.109.122.105",
				"port": 60656
			},
			"buckets": [
				15,
				36,
				254,
				154
			],
			"attempts": 7,
			"bucket_type": 1,
			"last_attempt": "2023-09-13T07:08:09.658523965+02:00",
			"last_success": "0001-01-01T00:00:00Z",
			"last_ban_time": "0001-01-01T00:00:00Z"
		},
		{
			"addr": {
				"id": "b768aa661a1856c971ce12481743c61477e8782f",
				"ip": "65.21.139.155",
				"port": 49656
			},
			"src": {
				"id": "77370fad958c3404d0709e59839c6c8bf9b6cb12",
				"ip": "194.163.155.84",
				"port": 33656
			},
			"buckets": [
				159,
				15,
				218,
				120
			],
			"attempts": 6,
			"bucket_type": 1,
			"last_attempt": "2023-09-14T06:10:54.976380997+02:00",
			"last_success": "0001-01-01T00:00:00Z",
			"last_ban_time": "0001-01-01T00:00:00Z"
		},
		{
			"addr": {
				"id": "94846e458b4a9812784089c0ac6c44e35eba6da2",
				"ip": "88.99.29.50",
				"port": 26603
			},
			"src": {
				"id": "5a019e4d8ea8990f81b6276bd0b3b043683aa9dc",
				"ip": "0.0.0.0",
				"port": 26656
			},
			"buckets": [
				22,
				202,
				195
			],
			"attempts": 0,
			"bucket_type": 1,
			"last_attempt": "2023-09-13T09:03:36.846934426+02:00",
			"last_success": "0001-01-01T00:00:00Z",
			"last_ban_time": "0001-01-01T00:00:00Z"
		},
		{
			"addr": {
				"id": "0e2f76d7d0ab2d0dc581ff5e1786b9447a36de77",
				"ip": "144.76.236.211",
				"port": 26656
			},
			"src": {
				"id": "7b972e7dc4e5fd1225c94f9f8f146c321fb0d380",
				"ip": "5.75.159.86",
				"port": 26656
			},
			"buckets": [
				16
			],
			"attempts": 0,
			"bucket_type": 1,
			"last_attempt": "2023-09-14T06:11:24.188791526+02:00",
			"last_success": "0001-01-01T00:00:00Z",
			"last_ban_time": "0001-01-01T00:00:00Z"
		},
		{
			"addr": {
				"id": "f3a85dd05d94b8702ec78ff87947d4fd4f0d3dce",
				"ip": "46.101.195.62",
				"port": 26656
			},
			"src": {
				"id": "5a019e4d8ea8990f81b6276bd0b3b043683aa9dc",
				"ip": "0.0.0.0",
				"port": 26656
			},
			"buckets": [
				126,
				215
			],
			"attempts": 1,
			"bucket_type": 1,
			"last_attempt": "2023-09-13T09:02:37.646612189+02:00",
			"last_success": "0001-01-01T00:00:00Z",
			"last_ban_time": "0001-01-01T00:00:00Z"
		},
		{
			"addr": {
				"id": "cdb2838991768446e29d5e92dbb1e9fef3ab45f2",
				"ip": "148.251.75.244",
				"port": 28856
			},
			"src": {
				"id": "ff91863a258093533d08bbe1e4fc39c7cb188964",
				"ip": "0.0.0.0",
				"port": 11732
			},
			"buckets": [
				235,
				149,
				88,
				49
			],
			"attempts": 0,
			"bucket_type": 1,
			"last_attempt": "2023-09-13T06:47:34.956983896+02:00",
			"last_success": "0001-01-01T00:00:00Z",
			"last_ban_time": "0001-01-01T00:00:00Z"
		},
		{
			"addr": {
				"id": "b0c015acbbaa62c0100c0cb2b4180bb6e2fdac42",
				"ip": "68.183.98.59",
				"port": 26656
			},
			"src": {
				"id": "9c9448268a8c4cc85fae7f59fb2f238c0f879dd2",
				"ip": "0.0.0.0",
				"port": 26656
			},
			"buckets": [
				54,
				253,
				38,
				179
			],
			"attempts": 2,
			"bucket_type": 1,
			"last_attempt": "2023-09-14T06:11:27.097499944+02:00",
			"last_success": "0001-01-01T00:00:00Z",
			"last_ban_time": "0001-01-01T00:00:00Z"
		},
		{
			"addr": {
				"id": "80f53530b65030793148eb8b1022158c30fb4976",
				"ip": "152.70.154.142",
				"port": 26656
			},
			"src": {
				"id": "e309353ea059e2a1945c29c68e14234c59ee9bec",
				"ip": "0.0.0.0",
				"port": 26656
			},
			"buckets": [
				187,
				209,
				174,
				26
			],
			"attempts": 1,
			"bucket_type": 1,
			"last_attempt": "2023-09-13T06:49:04.804350264+02:00",
			"last_success": "0001-01-01T00:00:00Z",
			"last_ban_time": "0001-01-01T00:00:00Z"
		},
		{
			"addr": {
				"id": "e4e66df7b46cccdcae0511a546bdae9fcf5e9d53",
				"ip": "88.198.194.136",
				"port": 26656
			},
			"src": {
				"id": "fe40cfb3eec9f6d0cd0b66f4eed881bdee64f8bd",
				"ip": "85.190.254.14",
				"port": 42656
			},
			"buckets": [
				11,
				138,
				241,
				202
			],
			"attempts": 0,
			"bucket_type": 1,
			"last_attempt": "2023-09-13T09:01:36.784094051+02:00",
			"last_success": "0001-01-01T00:00:00Z",
			"last_ban_time": "0001-01-01T00:00:00Z"
		},
		{
			"addr": {
				"id": "c99181130a848fa38cf2175a2be8252d2e0f6a9f",
				"ip": "213.133.100.172",
				"port": 26959
			},
			"src": {
				"id": "d3b5b6ca39c8c62152abbeac4669816166d96831",
				"ip": "0.0.0.0",
				"port": 26656
			},
			"buckets": [
				112,
				114,
				39,
				5
			],
			"attempts": 0,
			"bucket_type": 1,
			"last_attempt": "2023-09-12T15:04:07.635726033+02:00",
			"last_success": "0001-01-01T00:00:00Z",
			"last_ban_time": "0001-01-01T00:00:00Z"
		},
		{
			"addr": {
				"id": "e50e9d1ad731164a54a403bd6bafda11ba13b749",
				"ip": "170.64.141.15",
				"port": 26656
			},
			"src": {
				"id": "35f478c534e2d58dc2c4acdf3eb22eeb6f23357f",
				"ip": "0.0.0.0",
				"port": 26656
			},
			"buckets": [
				228,
				208,
				149,
				2
			],
			"attempts": 1,
			"bucket_type": 1,
			"last_attempt": "2023-09-13T07:06:39.95759859+02:00",
			"last_success": "0001-01-01T00:00:00Z",
			"last_ban_time": "0001-01-01T00:00:00Z"
		},
		{
			"addr": {
				"id": "fcd46d579be22890cf455d39069c3b194c7ff0d8",
				"ip": "65.108.41.173",
				"port": 26656
			},
			"src": {
				"id": "77370fad958c3404d0709e59839c6c8bf9b6cb12",
				"ip": "194.163.155.84",
				"port": 33656
			},
			"buckets": [
				254,
				20,
				133,
				235
			],
			"attempts": 1,
			"bucket_type": 1,
			"last_attempt": "2023-09-13T07:05:37.64584706+02:00",
			"last_success": "0001-01-01T00:00:00Z",
			"last_ban_time": "0001-01-01T00:00:00Z"
		},
		{
			"addr": {
				"id": "b4e2f257db5a42fa562901018e0aeee30ef3be78",
				"ip": "104.36.85.247",
				"port": 26656
			},
			"src": {
				"id": "af04b141b490c0733fd01895d09b25c3e282eee4",
				"ip": "65.109.122.105",
				"port": 60656
			},
			"buckets": [
				251,
				145,
				118,
				240
			],
			"attempts": 5,
			"bucket_type": 1,
			"last_attempt": "2023-09-14T06:11:24.977756939+02:00",
			"last_success": "0001-01-01T00:00:00Z",
			"last_ban_time": "0001-01-01T00:00:00Z"
		},
		{
			"addr": {
				"id": "ca4b6131d616d4d5930e50f1f557950f17fe4091",
				"ip": "188.166.218.244",
				"port": 26656
			},
			"src": {
				"id": "35f478c534e2d58dc2c4acdf3eb22eeb6f23357f",
				"ip": "0.0.0.0",
				"port": 26656
			},
			"buckets": [
				34
			],
			"attempts": 20,
			"bucket_type": 2,
			"last_attempt": "2023-09-13T07:06:09.802111135+02:00",
			"last_success": "2023-09-13T05:03:10.179656879+02:00",
			"last_ban_time": "0001-01-01T00:00:00Z"
		},
		{
			"addr": {
				"id": "342702c9800ae15c46d40d24e7f6d209a60a9cf7",
				"ip": "116.203.59.248",
				"port": 26656
			},
			"src": {
				"id": "fe40cfb3eec9f6d0cd0b66f4eed881bdee64f8bd",
				"ip": "85.190.254.14",
				"port": 42656
			},
			"buckets": [
				247,
				34,
				150
			],
			"attempts": 0,
			"bucket_type": 1,
			"last_attempt": "2023-09-13T09:01:36.784110869+02:00",
			"last_success": "0001-01-01T00:00:00Z",
			"last_ban_time": "0001-01-01T00:00:00Z"
		},
		{
			"addr": {
				"id": "20c0d1325faf3b6c0260a2b33f87fa5040e5a1ab",
				"ip": "5.9.147.20",
				"port": 2676
			},
			"src": {
				"id": "ef26c04cbafc92b46270ac5968986f6ce27d51d1",
				"ip": "0.0.0.0",
				"port": 19056
			},
			"buckets": [
				71,
				153
			],
			"attempts": 0,
			"bucket_type": 1,
			"last_attempt": "2023-09-13T17:46:06.977890729+02:00",
			"last_success": "0001-01-01T00:00:00Z",
			"last_ban_time": "0001-01-01T00:00:00Z"
		},
		{
			"addr": {
				"id": "3d8090c89c7e71ca5bcaa4884c5dfb34fe1ed290",
				"ip": "95.216.208.150",
				"port": 55916
			},
			"src": {
				"id": "af04b141b490c0733fd01895d09b25c3e282eee4",
				"ip": "65.109.122.105",
				"port": 60656
			},
			"buckets": [
				3,
				32,
				53,
				199
			],
			"attempts": 3,
			"bucket_type": 1,
			"last_attempt": "2023-09-13T07:05:36.677974271+02:00",
			"last_success": "0001-01-01T00:00:00Z",
			"last_ban_time": "0001-01-01T00:00:00Z"
		},
		{
			"addr": {
				"id": "dab7ab7c0a6c7a3ad47ed9e57765346ee2f87eda",
				"ip": "144.76.97.251",
				"port": 38656
			},
			"src": {
				"id": "a42d911018d34d434f8001c62c0f4f366cdecff1",
				"ip": "0.0.0.0",
				"port": 19356
			},
			"buckets": [
				54,
				82,
				239,
				192
			],
			"attempts": 4,
			"bucket_type": 1,
			"last_attempt": "2023-09-13T07:05:09.660720388+02:00",
			"last_success": "0001-01-01T00:00:00Z",
			"last_ban_time": "0001-01-01T00:00:00Z"
		},
		{
			"addr": {
				"id": "3efebfd1a741ea4a6b5563014482804674f16081",
				"ip": "144.91.124.126",
				"port": 20656
			},
			"src": {
				"id": "af04b141b490c0733fd01895d09b25c3e282eee4",
				"ip": "65.109.122.105",
				"port": 60656
			},
			"buckets": [
				66,
				254,
				197,
				96
			],
			"attempts": 9,
			"bucket_type": 1,
			"last_attempt": "2023-09-13T07:09:36.645475648+02:00",
			"last_success": "0001-01-01T00:00:00Z",
			"last_ban_time": "0001-01-01T00:00:00Z"
		},
		{
			"addr": {
				"id": "59b50622fedb264ba4871b48c42ef21b518566da",
				"ip": "141.94.18.48",
				"port": 26656
			},
			"src": {
				"id": "35f478c534e2d58dc2c4acdf3eb22eeb6f23357f",
				"ip": "0.0.0.0",
				"port": 26656
			},
			"buckets": [
				56,
				195,
				215,
				206
			],
			"attempts": 7,
			"bucket_type": 1,
			"last_attempt": "2023-09-13T10:35:09.67173926+02:00",
			"last_success": "0001-01-01T00:00:00Z",
			"last_ban_time": "0001-01-01T00:00:00Z"
		},
		{
			"addr": {
				"id": "e0521c5fa724dd4d346955f06c4a660079c078a2",
				"ip": "65.109.136.240",
				"port": 26656
			},
			"src": {
				"id": "fe40cfb3eec9f6d0cd0b66f4eed881bdee64f8bd",
				"ip": "85.190.254.14",
				"port": 42656
			},
			"buckets": [
				52,
				15,
				97,
				10
			],
			"attempts": 0,
			"bucket_type": 1,
			"last_attempt": "2023-09-13T06:43:57.2310594+02:00",
			"last_success": "0001-01-01T00:00:00Z",
			"last_ban_time": "0001-01-01T00:00:00Z"
		},
		{
			"addr": {
				"id": "fda47662b03b41799e58499fac0afbaf68c02a1f",
				"ip": "174.138.180.190",
				"port": 61256
			},
			"src": {
				"id": "fda47662b03b41799e58499fac0afbaf68c02a1f",
				"ip": "174.138.180.190",
				"port": 61256
			},
			"buckets": [
				19,
				59,
				1,
				142
			],
			"attempts": 0,
			"bucket_type": 1,
			"last_attempt": "2023-09-12T15:06:28.15668817+02:00",
			"last_success": "0001-01-01T00:00:00Z",
			"last_ban_time": "0001-01-01T00:00:00Z"
		},
		{
			"addr": {
				"id": "d6df90de1ea3904eff2053ad88d03e58851925b5",
				"ip": "78.47.129.108",
				"port": 26656
			},
			"src": {
				"id": "94a7baabb2bcc00c7b47cbaa58adf4f433df9599",
				"ip": "0.0.0.0",
				"port": 26656
			},
			"buckets": [
				39,
				145,
				95
			],
			"attempts": 0,
			"bucket_type": 1,
			"last_attempt": "2023-09-13T09:15:36.851195635+02:00",
			"last_success": "0001-01-01T00:00:00Z",
			"last_ban_time": "0001-01-01T00:00:00Z"
		},
		{
			"addr": {
				"id": "16ca4c47865ca661aa9586f47b2556b403b915e3",
				"ip": "49.13.86.84",
				"port": 26656
			},
			"src": {
				"id": "af04b141b490c0733fd01895d09b25c3e282eee4",
				"ip": "65.109.122.105",
				"port": 60656
			},
			"buckets": [
				203,
				41,
				183,
				54
			],
			"attempts": 6,
			"bucket_type": 1,
			"last_attempt": "2023-09-13T09:14:39.659272437+02:00",
			"last_success": "0001-01-01T00:00:00Z",
			"last_ban_time": "0001-01-01T00:00:00Z"
		},
		{
			"addr": {
				"id": "ef5b5f8a50a4bf4f02e4b5177c2e2c20b7451225",
				"ip": "116.203.118.17",
				"port": 26656
			},
			"src": {
				"id": "1d34c3440baddf650630f14dc1e72ad0a6f17bc7",
				"ip": "0.0.0.0",
				"port": 26656
			},
			"buckets": [
				150,
				34,
				251
			],
			"attempts": 0,
			"bucket_type": 1,
			"last_attempt": "2023-09-13T09:02:06.716756992+02:00",
			"last_success": "0001-01-01T00:00:00Z",
			"last_ban_time": "0001-01-01T00:00:00Z"
		},
		{
			"addr": {
				"id": "be74a34ca65acc39427c58c265e42195b549730a",
				"ip": "65.21.230.230",
				"port": 12656
			},
			"src": {
				"id": "af04b141b490c0733fd01895d09b25c3e282eee4",
				"ip": "65.109.122.105",
				"port": 60656
			},
			"buckets": [
				19,
				41,
				215,
				193
			],
			"attempts": 3,
			"bucket_type": 1,
			"last_attempt": "2023-09-13T17:45:36.677839162+02:00",
			"last_success": "0001-01-01T00:00:00Z",
			"last_ban_time": "0001-01-01T00:00:00Z"
		},
		{
			"addr": {
				"id": "5854a6ec9226632ae2f8d80e85d9eb9ba5f80dca",
				"ip": "5.75.178.181",
				"port": 26656
			},
			"src": {
				"id": "af04b141b490c0733fd01895d09b25c3e282eee4",
				"ip": "65.109.122.105",
				"port": 60656
			},
			"buckets": [
				57,
				182,
				29,
				112
			],
			"attempts": 3,
			"bucket_type": 1,
			"last_attempt": "2023-09-13T07:12:09.653918319+02:00",
			"last_success": "0001-01-01T00:00:00Z",
			"last_ban_time": "0001-01-01T00:00:00Z"
		},
		{
			"addr": {
				"id": "4bf40babb36fdd8c743115829c2eba4a7705569b",
				"ip": "65.108.46.100",
				"port": 42656
			},
			"src": {
				"id": "77370fad958c3404d0709e59839c6c8bf9b6cb12",
				"ip": "194.163.155.84",
				"port": 33656
			},
			"buckets": [
				254,
				236,
				132,
				20
			],
			"attempts": 0,
			"bucket_type": 1,
			"last_attempt": "2023-09-13T06:43:23.253920618+02:00",
			"last_success": "0001-01-01T00:00:00Z",
			"last_ban_time": "0001-01-01T00:00:00Z"
		},
		{
			"addr": {
				"id": "086983de7ecdb5f7796476a6843eba92b0456310",
				"ip": "146.190.116.29",
				"port": 26656
			},
			"src": {
				"id": "af04b141b490c0733fd01895d09b25c3e282eee4",
				"ip": "65.109.122.105",
				"port": 60656
			},
			"buckets": [
				52,
				114,
				126,
				164
			],
			"attempts": 5,
			"bucket_type": 1,
			"last_attempt": "2023-09-13T06:48:35.655027429+02:00",
			"last_success": "0001-01-01T00:00:00Z",
			"last_ban_time": "0001-01-01T00:00:00Z"
		},
		{
			"addr": {
				"id": "dc768e8cf21fda6e941994d471911e26f32e5af0",
				"ip": "146.190.135.235",
				"port": 26656
			},
			"src": {
				"id": "dab7ab7c0a6c7a3ad47ed9e57765346ee2f87eda",
				"ip": "144.76.97.251",
				"port": 38656
			},
			"buckets": [
				103,
				249
			],
			"attempts": 0,
			"bucket_type": 1,
			"last_attempt": "2023-09-13T09:16:06.899367538+02:00",
			"last_success": "0001-01-01T00:00:00Z",
			"last_ban_time": "0001-01-01T00:00:00Z"
		},
		{
			"addr": {
				"id": "ea8528245d1db80f75b6075b955ca85e9799704e",
				"ip": "116.203.150.84",
				"port": 26656
			},
			"src": {
				"id": "1d34c3440baddf650630f14dc1e72ad0a6f17bc7",
				"ip": "0.0.0.0",
				"port": 26656
			},
			"buckets": [
				150,
				98
			],
			"attempts": 0,
			"bucket_type": 1,
			"last_attempt": "2023-09-13T09:02:06.716788106+02:00",
			"last_success": "0001-01-01T00:00:00Z",
			"last_ban_time": "0001-01-01T00:00:00Z"
		},
		{
			"addr": {
				"id": "240c6facf89f2e7fcaa26a130fc61490b02af428",
				"ip": "150.230.117.183",
				"port": 57656
			},
			"src": {
				"id": "af04b141b490c0733fd01895d09b25c3e282eee4",
				"ip": "65.109.122.105",
				"port": 60656
			},
			"buckets": [
				228,
				169,
				224,
				185
			],
			"attempts": 10,
			"bucket_type": 1,
			"last_attempt": "2023-09-13T06:53:43.320920224+02:00",
			"last_success": "0001-01-01T00:00:00Z",
			"last_ban_time": "0001-01-01T00:00:00Z"
		},
		{
			"addr": {
				"id": "6c29e52b1ff1a53dd6b0d2018f57c89463054620",
				"ip": "89.58.18.47",
				"port": 27464
			},
			"src": {
				"id": "fe40cfb3eec9f6d0cd0b66f4eed881bdee64f8bd",
				"ip": "85.190.254.14",
				"port": 42656
			},
			"buckets": [
				236,
				192
			],
			"attempts": 0,
			"bucket_type": 1,
			"last_attempt": "2023-09-13T12:34:06.873009852+02:00",
			"last_success": "0001-01-01T00:00:00Z",
			"last_ban_time": "0001-01-01T00:00:00Z"
		},
		{
			"addr": {
				"id": "7cd7d12ff761f172e66580d7ad91bc3f3ccb0c94",
				"ip": "195.3.220.169",
				"port": 36656
			},
			"src": {
				"id": "77370fad958c3404d0709e59839c6c8bf9b6cb12",
				"ip": "194.163.155.84",
				"port": 33656
			},
			"buckets": [
				38,
				197,
				41,
				175
			],
			"attempts": 0,
			"bucket_type": 1,
			"last_attempt": "2023-09-13T06:43:23.254062782+02:00",
			"last_success": "0001-01-01T00:00:00Z",
			"last_ban_time": "0001-01-01T00:00:00Z"
		},
		{
			"addr": {
				"id": "26209117680471d5563d2fcd0423ddf132a6e01f",
				"ip": "95.217.134.65",
				"port": 26656
			},
			"src": {
				"id": "af04b141b490c0733fd01895d09b25c3e282eee4",
				"ip": "65.109.122.105",
				"port": 60656
			},
			"buckets": [
				69,
				129,
				119,
				215
			],
			"attempts": 3,
			"bucket_type": 1,
			"last_attempt": "2023-09-13T07:05:09.674671731+02:00",
			"last_success": "0001-01-01T00:00:00Z",
			"last_ban_time": "0001-01-01T00:00:00Z"
		},
		{
			"addr": {
				"id": "dcc7d1b7d97a75445c7e9ae76eb51db7a900f3c7",
				"ip": "207.180.243.37",
				"port": 12756
			},
			"src": {
				"id": "d11b066f51c9ee68473800de06a523982805f63d",
				"ip": "0.0.0.0",
				"port": 26757
			},
			"buckets": [
				201,
				254
			],
			"attempts": 0,
			"bucket_type": 1,
			"last_attempt": "2023-09-13T09:10:07.726362106+02:00",
			"last_success": "0001-01-01T00:00:00Z",
			"last_ban_time": "0001-01-01T00:00:00Z"
		},
		{
			"addr": {
				"id": "ff91863a258093533d08bbe1e4fc39c7cb188964",
				"ip": "95.217.89.202",
				"port": 11732
			},
			"src": {
				"id": "ca4b6131d616d4d5930e50f1f557950f17fe4091",
				"ip": "0.0.0.0",
				"port": 26656
			},
			"buckets": [
				129,
				119,
				215,
				11
			],
			"attempts": 0,
			"bucket_type": 1,
			"last_attempt": "2023-09-12T14:13:15.245172085+02:00",
			"last_success": "0001-01-01T00:00:00Z",
			"last_ban_time": "0001-01-01T00:00:00Z"
		},
		{
			"addr": {
				"id": "59f7e60254fef53d828553f4a3ef8d34a83a11ad",
				"ip": "65.109.85.170",
				"port": 61356
			},
			"src": {
				"id": "06548fbc5600e67ae95b2f8d8226f2a32b27635e",
				"ip": "0.0.0.0",
				"port": 26656
			},
			"buckets": [
				63,
				15,
				221,
				10
			],
			"attempts": 0,
			"bucket_type": 1,
			"last_attempt": "2023-09-13T06:44:25.63974668+02:00",
			"last_success": "0001-01-01T00:00:00Z",
			"last_ban_time": "0001-01-01T00:00:00Z"
		},
		{
			"addr": {
				"id": "d8523afbe8138d0c66478081e82a0bf2422bd985",
				"ip": "195.201.127.140",
				"port": 26656
			},
			"src": {
				"id": "af04b141b490c0733fd01895d09b25c3e282eee4",
				"ip": "65.109.122.105",
				"port": 60656
			},
			"buckets": [
				203,
				182,
				124,
				54
			],
			"attempts": 7,
			"bucket_type": 1,
			"last_attempt": "2023-09-13T07:00:17.512201102+02:00",
			"last_success": "0001-01-01T00:00:00Z",
			"last_ban_time": "0001-01-01T00:00:00Z"
		},
		{
			"addr": {
				"id": "44d388047f9ac44179f804a6e631baa6a58936c2",
				"ip": "104.248.27.21",
				"port": 26656
			},
			"src": {
				"id": "3c09fc7ec5c952591af2a5026f9264c5b3df2d8c",
				"ip": "0.0.0.0",
				"port": 26656
			},
			"buckets": [
				92,
				26,
				227
			],
			"attempts": 0,
			"bucket_type": 1,
			"last_attempt": "2023-09-13T09:03:39.659622701+02:00",
			"last_success": "0001-01-01T00:00:00Z",
			"last_ban_time": "0001-01-01T00:00:00Z"
		},
		{
			"addr": {
				"id": "8d3c052191b3b01ef3610b5f0bd8b6370bd5f587",
				"ip": "136.243.95.80",
				"port": 12656
			},
			"src": {
				"id": "af04b141b490c0733fd01895d09b25c3e282eee4",
				"ip": "65.109.122.105",
				"port": 60656
			},
			"buckets": [
				56,
				211,
				86,
				240
			],
			"attempts": 8,
			"bucket_type": 1,
			"last_attempt": "2023-09-13T09:15:06.663558664+02:00",
			"last_success": "0001-01-01T00:00:00Z",
			"last_ban_time": "0001-01-01T00:00:00Z"
		},
		{
			"addr": {
				"id": "8404c34c807c60f8d2780ff029b617a036498222",
				"ip": "78.46.198.67",
				"port": 26656
			},
			"src": {
				"id": "5a019e4d8ea8990f81b6276bd0b3b043683aa9dc",
				"ip": "0.0.0.0",
				"port": 26656
			},
			"buckets": [
				46,
				133,
				60
			],
			"attempts": 0,
			"bucket_type": 1,
			"last_attempt": "2023-09-13T09:15:06.882046328+02:00",
			"last_success": "0001-01-01T00:00:00Z",
			"last_ban_time": "0001-01-01T00:00:00Z"
		},
		{
			"addr": {
				"id": "be4cb026f27e8c727b3c0499f2dd3a6044fecb56",
				"ip": "95.217.178.50",
				"port": 26656
			},
			"src": {
				"id": "d11b066f51c9ee68473800de06a523982805f63d",
				"ip": "0.0.0.0",
				"port": 26757
			},
			"buckets": [
				63,
				251,
				52,
				32
			],
			"attempts": 0,
			"bucket_type": 1,
			"last_attempt": "2023-09-13T09:10:07.72631758+02:00",
			"last_success": "0001-01-01T00:00:00Z",
			"last_ban_time": "0001-01-01T00:00:00Z"
		},
		{
			"addr": {
				"id": "2c07eb811d63cb9a776940a4baac737ed99fbb07",
				"ip": "77.232.37.86",
				"port": 26656
			},
			"src": {
				"id": "77370fad958c3404d0709e59839c6c8bf9b6cb12",
				"ip": "194.163.155.84",
				"port": 33656
			},
			"buckets": [
				239,
				114,
				164,
				106
			],
			"attempts": 0,
			"bucket_type": 1,
			"last_attempt": "2023-09-13T06:43:23.254007428+02:00",
			"last_success": "0001-01-01T00:00:00Z",
			"last_ban_time": "0001-01-01T00:00:00Z"
		}
	]
}
