{
	"key": "a0d99401537b08b1cf2ccd69",
	"addrs": [
		{
			"addr": {
				"id": "7cd569d269637279c0911f153df89b1932bb7a48",
				"ip": "34.73.90.116",
				"port": 26656
			},
			"src": {
				"id": "dd58949cab9bf75a42b556d04d3a4b1bbfadd8b5",
				"ip": "144.76.97.251",
				"port": 40656
			},
			"buckets": [
				234,
				87,
				21,
				154
			],
			"attempts": 0,
			"bucket_type": 1,
			"last_attempt": "2023-02-27T12:31:17.110023787+01:00",
			"last_success": "0001-01-01T00:00:00Z",
			"last_ban_time": "0001-01-01T00:00:00Z"
		},
		{
			"addr": {
				"id": "1a9ad0842074748ce2a15f0faf46b55e4c503a50",
				"ip": "35.231.18.201",
				"port": 26656
			},
			"src": {
				"id": "dd58949cab9bf75a42b556d04d3a4b1bbfadd8b5",
				"ip": "144.76.97.251",
				"port": 40656
			},
			"buckets": [
				215,
				186,
				138,
				69
			],
			"attempts": 0,
			"bucket_type": 1,
			"last_attempt": "2023-02-27T12:31:17.109977571+01:00",
			"last_success": "0001-01-01T00:00:00Z",
			"last_ban_time": "0001-01-01T00:00:00Z"
		},
		{
			"addr": {
				"id": "d5519e378247dfb61dfe90652d1fe3e2b3005a5b",
				"ip": "65.109.68.190",
				"port": 39656
			},
			"src": {
				"id": "df8596fa04abeff1d15b79570ff8c3eba85ed87a",
				"ip": "0.0.0.0",
				"port": 26656
			},
			"buckets": [
				58,
				42,
				203
			],
			"attempts": 6,
			"bucket_type": 1,
			"last_attempt": "2023-02-27T12:36:31.39532001+01:00",
			"last_success": "0001-01-01T00:00:00Z",
			"last_ban_time": "0001-01-01T00:00:00Z"
		},
		{
			"addr": {
				"id": "ad002a4592e7bcdfff31eedd8cee7763b39601e7",
				"ip": "65.109.122.105",
				"port": 36656
			},
			"src": {
				"id": "769b35816998e91918569c3bbebb6e016ddd74b5",
				"ip": "35.243.210.205",
				"port": 26656
			},
			"buckets": [
				136,
				219,
				104,
				135
			],
			"attempts": 2,
			"bucket_type": 1,
			"last_attempt": "2023-02-27T12:36:31.393383922+01:00",
			"last_success": "0001-01-01T00:00:00Z",
			"last_ban_time": "0001-01-01T00:00:00Z"
		},
		{
			"addr": {
				"id": "64cf20514a03108936e27b9382c228d42b4642e1",
				"ip": "88.198.14.157",
				"port": 26656
			},
			"src": {
				"id": "dd58949cab9bf75a42b556d04d3a4b1bbfadd8b5",
				"ip": "144.76.97.251",
				"port": 40656
			},
			"buckets": [
				116,
				238,
				119,
				164
			],
			"attempts": 0,
			"bucket_type": 1,
			"last_attempt": "2023-02-27T12:31:17.110027834+01:00",
			"last_success": "0001-01-01T00:00:00Z",
			"last_ban_time": "0001-01-01T00:00:00Z"
		},
		{
			"addr": {
				"id": "92d106f85b08ba0ace2bf1a64f73b6cac8599873",
				"ip": "35.238.142.66",
				"port": 26656
			},
			"src": {
				"id": "dd58949cab9bf75a42b556d04d3a4b1bbfadd8b5",
				"ip": "144.76.97.251",
				"port": 40656
			},
			"buckets": [
				144,
				21,
				137,
				61
			],
			"attempts": 10,
			"bucket_type": 1,
			"last_attempt": "2023-02-27T12:36:32.39384951+01:00",
			"last_success": "0001-01-01T00:00:00Z",
			"last_ban_time": "0001-01-01T00:00:00Z"
		},
		{
			"addr": {
				"id": "84cdaa9439630eeab6f61fcc3483f17672a4d2d8",
				"ip": "142.132.151.35",
				"port": 15662
			},
			"src": {
				"id": "dd58949cab9bf75a42b556d04d3a4b1bbfadd8b5",
				"ip": "144.76.97.251",
				"port": 40656
			},
			"buckets": [
				144,
				19,
				249,
				247
			],
			"attempts": 10,
			"bucket_type": 1,
			"last_attempt": "2023-02-27T12:36:32.393869036+01:00",
			"last_success": "0001-01-01T00:00:00Z",
			"last_ban_time": "0001-01-01T00:00:00Z"
		},
		{
			"addr": {
				"id": "a55274580a549ba93231d6c68a4ee57bf15ad058",
				"ip": "34.139.52.143",
				"port": 26656
			},
			"src": {
				"id": "dd58949cab9bf75a42b556d04d3a4b1bbfadd8b5",
				"ip": "144.76.97.251",
				"port": 40656
			},
			"buckets": [
				39,
				82,
				78,
				189
			],
			"attempts": 0,
			"bucket_type": 1,
			"last_attempt": "2023-02-27T12:31:17.109989854+01:00",
			"last_success": "0001-01-01T00:00:00Z",
			"last_ban_time": "0001-01-01T00:00:00Z"
		},
		{
			"addr": {
				"id": "4a81486786a7c744691dc500360efcdaf22f0840",
				"ip": "15.235.46.50",
				"port": 26656
			},
			"src": {
				"id": "dd58949cab9bf75a42b556d04d3a4b1bbfadd8b5",
				"ip": "144.76.97.251",
				"port": 40656
			},
			"buckets": [
				16,
				80,
				234,
				202
			],
			"attempts": 0,
			"bucket_type": 1,
			"last_attempt": "2023-02-27T12:31:17.109972502+01:00",
			"last_success": "0001-01-01T00:00:00Z",
			"last_ban_time": "0001-01-01T00:00:00Z"
		},
		{
			"addr": {
				"id": "930b1eb3f0e57b97574ed44cb53b69fb65722786",
				"ip": "144.76.30.36",
				"port": 15662
			},
			"src": {
				"id": "dd58949cab9bf75a42b556d04d3a4b1bbfadd8b5",
				"ip": "144.76.97.251",
				"port": 40656
			},
			"buckets": [
				67,
				110,
				42,
				61
			],
			"attempts": 0,
			"bucket_type": 1,
			"last_attempt": "2023-02-27T12:31:17.110001576+01:00",
			"last_success": "0001-01-01T00:00:00Z",
			"last_ban_time": "0001-01-01T00:00:00Z"
		},
		{
			"addr": {
				"id": "4bdc043ef1164a07f4b88fc2540e8ae5291b1752",
				"ip": "65.109.28.177",
				"port": 30656
			},
			"src": {
				"id": "dd58949cab9bf75a42b556d04d3a4b1bbfadd8b5",
				"ip": "144.76.97.251",
				"port": 40656
			},
			"buckets": [
				116,
				130,
				132,
				5
			],
			"attempts": 0,
			"bucket_type": 1,
			"last_attempt": "2023-02-27T12:31:17.109965228+01:00",
			"last_success": "0001-01-01T00:00:00Z",
			"last_ban_time": "0001-01-01T00:00:00Z"
		},
		{
			"addr": {
				"id": "df8596fa04abeff1d15b79570ff8c3eba85ed87a",
				"ip": "35.185.8.9",
				"port": 26656
			},
			"src": {
				"id": "dd58949cab9bf75a42b556d04d3a4b1bbfadd8b5",
				"ip": "144.76.97.251",
				"port": 40656
			},
			"buckets": [
				234,
				76,
				254,
				152
			],
			"attempts": 0,
			"bucket_type": 1,
			"last_attempt": "2023-02-27T12:31:17.109993641+01:00",
			"last_success": "0001-01-01T00:00:00Z",
			"last_ban_time": "0001-01-01T00:00:00Z"
		},
		{
			"addr": {
				"id": "d3ddfe8ad75847df085262b9cdbc49b29ce30ba6",
				"ip": "35.229.110.80",
				"port": 26656
			},
			"src": {
				"id": "dd58949cab9bf75a42b556d04d3a4b1bbfadd8b5",
				"ip": "144.76.97.251",
				"port": 40656
			},
			"buckets": [
				217,
				183,
				170,
				195
			],
			"attempts": 0,
			"bucket_type": 1,
			"last_attempt": "2023-02-27T12:31:17.110016804+01:00",
			"last_success": "0001-01-01T00:00:00Z",
			"last_ban_time": "0001-01-01T00:00:00Z"
		},
		{
			"addr": {
				"id": "edfbad1c6a9516f2bba3e4e588fc2d524dbe5254",
				"ip": "144.91.66.143",
				"port": 27656
			},
			"src": {
				"id": "dd58949cab9bf75a42b556d04d3a4b1bbfadd8b5",
				"ip": "144.76.97.251",
				"port": 40656
			},
			"buckets": [
				135,
				198,
				138,
				191
			],
			"attempts": 10,
			"bucket_type": 1,
			"last_attempt": "2023-02-27T12:36:31.429650823+01:00",
			"last_success": "0001-01-01T00:00:00Z",
			"last_ban_time": "0001-01-01T00:00:00Z"
		},
		{
			"addr": {
				"id": "f41685745f7cd74caa542829d291367ae1377ce0",
				"ip": "34.74.30.133",
				"port": 26656
			},
			"src": {
				"id": "dd58949cab9bf75a42b556d04d3a4b1bbfadd8b5",
				"ip": "144.76.97.251",
				"port": 40656
			},
			"buckets": [
				211,
				189,
				102,
				148
			],
			"attempts": 10,
			"bucket_type": 1,
			"last_attempt": "2023-02-27T12:36:32.39386065+01:00",
			"last_success": "0001-01-01T00:00:00Z",
			"last_ban_time": "0001-01-01T00:00:00Z"
		},
		{
			"addr": {
				"id": "bbb73ad7ea692cc9ae70cea95221d8de6dd02d2d",
				"ip": "213.239.216.252",
				"port": 27656
			},
			"src": {
				"id": "dd58949cab9bf75a42b556d04d3a4b1bbfadd8b5",
				"ip": "144.76.97.251",
				"port": 40656
			},
			"buckets": [
				116,
				87,
				104,
				3
			],
			"attempts": 10,
			"bucket_type": 1,
			"last_attempt": "2023-02-27T12:36:31.44140801+01:00",
			"last_success": "0001-01-01T00:00:00Z",
			"last_ban_time": "0001-01-01T00:00:00Z"
		},
		{
			"addr": {
				"id": "769b35816998e91918569c3bbebb6e016ddd74b5",
				"ip": "35.243.210.205",
				"port": 26656
			},
			"src": {
				"id": "dd58949cab9bf75a42b556d04d3a4b1bbfadd8b5",
				"ip": "144.76.97.251",
				"port": 40656
			},
			"buckets": [
				100,
				173,
				184,
				16
			],
			"attempts": 0,
			"bucket_type": 1,
			"last_attempt": "2023-02-27T12:31:17.11002038+01:00",
			"last_success": "0001-01-01T00:00:00Z",
			"last_ban_time": "0001-01-01T00:00:00Z"
		},
		{
			"addr": {
				"id": "e774ca76b7765c49e21daff712fbbc93815771ab",
				"ip": "5.9.70.180",
				"port": 15662
			},
			"src": {
				"id": "dd58949cab9bf75a42b556d04d3a4b1bbfadd8b5",
				"ip": "144.76.97.251",
				"port": 40656
			},
			"buckets": [
				43,
				19,
				107,
				167
			],
			"attempts": 10,
			"bucket_type": 1,
			"last_attempt": "2023-02-27T12:36:32.393890856+01:00",
			"last_success": "0001-01-01T00:00:00Z",
			"last_ban_time": "0001-01-01T00:00:00Z"
		},
		{
			"addr": {
				"id": "d8720e2026f903b59ad097bb01064f3ca7dc16a7",
				"ip": "34.75.8.154",
				"port": 26656
			},
			"src": {
				"id": "dd58949cab9bf75a42b556d04d3a4b1bbfadd8b5",
				"ip": "144.76.97.251",
				"port": 40656
			},
			"buckets": [
				234,
				10,
				250,
				127
			],
			"attempts": 1,
			"bucket_type": 1,
			"last_attempt": "2023-02-27T12:35:01.616753471+01:00",
			"last_success": "0001-01-01T00:00:00Z",
			"last_ban_time": "0001-01-01T00:00:00Z"
		},
		{
			"addr": {
				"id": "d68895141d74eadfb1b620955102ad2db6b1d9ea",
				"ip": "51.195.88.136",
				"port": 15662
			},
			"src": {
				"id": "dd58949cab9bf75a42b556d04d3a4b1bbfadd8b5",
				"ip": "144.76.97.251",
				"port": 40656
			},
			"buckets": [
				234,
				238,
				2,
				137
			],
			"attempts": 10,
			"bucket_type": 1,
			"last_attempt": "2023-02-27T12:36:32.393890395+01:00",
			"last_success": "0001-01-01T00:00:00Z",
			"last_ban_time": "0001-01-01T00:00:00Z"
		},
		{
			"addr": {
				"id": "c709cad9e11b315644fe8f1d2e90c03c5cba685c",
				"ip": "34.91.8.241",
				"port": 26656
			},
			"src": {
				"id": "dd58949cab9bf75a42b556d04d3a4b1bbfadd8b5",
				"ip": "144.76.97.251",
				"port": 40656
			},
			"buckets": [
				1,
				173,
				70,
				29
			],
			"attempts": 0,
			"bucket_type": 1,
			"last_attempt": "2023-02-27T12:31:17.109981178+01:00",
			"last_success": "0001-01-01T00:00:00Z",
			"last_ban_time": "0001-01-01T00:00:00Z"
		},
		{
			"addr": {
				"id": "dd58949cab9bf75a42b556d04d3a4b1bbfadd8b5",
				"ip": "144.76.97.251",
				"port": 40656
			},
			"src": {
				"id": "80030d5945eef7519407d047479d40a2f2bf1fe6",
				"ip": "0.0.0.0",
				"port": 11036
			},
			"buckets": [
				110,
				231,
				193,
				19
			],
			"attempts": 0,
			"bucket_type": 1,
			"last_attempt": "2023-02-27T12:31:16.803107506+01:00",
			"last_success": "0001-01-01T00:00:00Z",
			"last_ban_time": "0001-01-01T00:00:00Z"
		},
		{
			"addr": {
				"id": "8b3c8e89e30024f053e9707d2f9506a9377b7be0",
				"ip": "34.68.151.158",
				"port": 26656
			},
			"src": {
				"id": "dd58949cab9bf75a42b556d04d3a4b1bbfadd8b5",
				"ip": "144.76.97.251",
				"port": 40656
			},
			"buckets": [
				238,
				170,
				254,
				198
			],
			"attempts": 10,
			"bucket_type": 1,
			"last_attempt": "2023-02-27T12:36:32.393910923+01:00",
			"last_success": "0001-01-01T00:00:00Z",
			"last_ban_time": "0001-01-01T00:00:00Z"
		},
		{
			"addr": {
				"id": "dcf65be71084c7b73443be016e23cd333eabe269",
				"ip": "135.181.143.48",
				"port": 27656
			},
			"src": {
				"id": "dd58949cab9bf75a42b556d04d3a4b1bbfadd8b5",
				"ip": "144.76.97.251",
				"port": 40656
			},
			"buckets": [
				13,
				128,
				183,
				248
			],
			"attempts": 0,
			"bucket_type": 1,
			"last_attempt": "2023-02-27T12:31:17.110006705+01:00",
			"last_success": "0001-01-01T00:00:00Z",
			"last_ban_time": "0001-01-01T00:00:00Z"
		}
	]
}
