{
	"key": "99eaa80d5b261cb4c0f294eb",
	"addrs": [
		{
			"addr": {
				"id": "455215a20c14eb4801c34c7350ba0a7b040a5e82",
				"ip": "38.45.66.178",
				"port": 40656
			},
			"src": {
				"id": "2ea86e31cf10723ca97966f22efbcc9bbb36d455",
				"ip": "34.86.69.188",
				"port": 26656
			},
			"buckets": [
				233,
				147,
				69,
				181
			],
			"attempts": 33,
			"bucket_type": 1,
			"last_attempt": "2024-06-12T06:28:03.702445531+02:00",
			"last_success": "0001-01-01T00:00:00Z",
			"last_ban_time": "2024-06-14T10:05:32.7013309+02:00"
		},
		{
			"addr": {
				"id": "bd37b165ecd9679b373260360ab6a59c19ad188f",
				"ip": "144.91.72.10",
				"port": 26656
			},
			"src": {
				"id": "99c10c7c5ccad59090e34d0fd181dc9b779f1fc5",
				"ip": "44.213.89.206",
				"port": 32002
			},
			"buckets": [
				99,
				73,
				221,
				210
			],
			"attempts": 0,
			"bucket_type": 1,
			"last_attempt": "2024-06-18T12:00:32.921797104+02:00",
			"last_success": "0001-01-01T00:00:00Z",
			"last_ban_time": "0001-01-01T00:00:00Z"
		},
		{
			"addr": {
				"id": "534fef764a8ae92f5875102f7aa3ed3849967d78",
				"ip": "38.242.213.179",
				"port": 26656
			},
			"src": {
				"id": "f784d1678dedc2204ba3e1a4ab04a39d2ada36a7",
				"ip": "44.201.28.205",
				"port": 32011
			},
			"buckets": [
				185,
				196,
				60,
				127
			],
			"attempts": 4,
			"bucket_type": 1,
			"last_attempt": "2024-06-18T15:30:06.035560326+02:00",
			"last_success": "0001-01-01T00:00:00Z",
			"last_ban_time": "0001-01-01T00:00:00Z"
		},
		{
			"addr": {
				"id": "97e5ee864b581a432cd742cd507236062fe2c105",
				"ip": "203.113.174.180",
				"port": 27656
			},
			"src": {
				"id": "0e7874473303951f172b67d7fcadab2416d00dad",
				"ip": "0.0.0.0",
				"port": 26656
			},
			"buckets": [
				157,
				236,
				121,
				190
			],
			"attempts": 5,
			"bucket_type": 1,
			"last_attempt": "2024-06-18T13:04:36.013613942+02:00",
			"last_success": "0001-01-01T00:00:00Z",
			"last_ban_time": "0001-01-01T00:00:00Z"
		},
		{
			"addr": {
				"id": "9d83bd2586674ed5717c95d2935e3ff8f62d039f",
				"ip": "45.94.209.4",
				"port": 40656
			},
			"src": {
				"id": "2ea86e31cf10723ca97966f22efbcc9bbb36d455",
				"ip": "34.86.69.188",
				"port": 26656
			},
			"buckets": [
				37
			],
			"attempts": 0,
			"bucket_type": 2,
			"last_attempt": "2024-06-17T21:07:10.279167146+02:00",
			"last_success": "2024-06-17T21:07:10.279167146+02:00",
			"last_ban_time": "2024-06-14T10:10:32.701305331+02:00"
		},
		{
			"addr": {
				"id": "5280c4cef7a00ad72bcb5e188b78565ecddabe41",
				"ip": "78.46.73.186",
				"port": 26656
			},
			"src": {
				"id": "2565f8b80bee76b4e26c61b8c5df70d33783bbd0",
				"ip": "0.0.0.0",
				"port": 26500
			},
			"buckets": [
				52
			],
			"attempts": 14,
			"bucket_type": 2,
			"last_attempt": "2024-06-18T15:26:03.203547051+02:00",
			"last_success": "2024-06-18T05:21:09.037114113+02:00",
			"last_ban_time": "0001-01-01T00:00:00Z"
		},
		{
			"addr": {
				"id": "2f3ed46c8ad2801952fb91fa039aa6faa655c916",
				"ip": "84.46.244.147",
				"port": 26656
			},
			"src": {
				"id": "86ef25aaeed80201ff6a8b82f345951ba351d941",
				"ip": "0.0.0.0",
				"port": 26656
			},
			"buckets": [
				62,
				153,
				69,
				184
			],
			"attempts": 45,
			"bucket_type": 1,
			"last_attempt": "2024-06-18T15:30:03.094717697+02:00",
			"last_success": "0001-01-01T00:00:00Z",
			"last_ban_time": "0001-01-01T00:00:00Z"
		},
		{
			"addr": {
				"id": "41e0c8d2fc0952d62fb6b2598bb6f0aa11ffd9b0",
				"ip": "45.136.17.168",
				"port": 26656
			},
			"src": {
				"id": "15e23295c829cbfb50e876b294c014c20bef53bd",
				"ip": "54.196.52.114",
				"port": 32012
			},
			"buckets": [
				50
			],
			"attempts": 0,
			"bucket_type": 2,
			"last_attempt": "2024-06-19T04:57:44.237512369+02:00",
			"last_success": "2024-06-19T04:57:44.237512369+02:00",
			"last_ban_time": "0001-01-01T00:00:00Z"
		},
		{
			"addr": {
				"id": "15e23295c829cbfb50e876b294c014c20bef53bd",
				"ip": "3.84.177.140",
				"port": 32012
			},
			"src": {
				"id": "83c9558aaf4235574c7e78a568243b1f7eba6bae",
				"ip": "54.210.154.253",
				"port": 32000
			},
			"buckets": [
				24
			],
			"attempts": 0,
			"bucket_type": 2,
			"last_attempt": "2024-06-17T02:16:51.883417755+02:00",
			"last_success": "2024-06-17T02:16:51.883417755+02:00",
			"last_ban_time": "0001-01-01T00:00:00Z"
		},
		{
			"addr": {
				"id": "7274bbed56bb07987c2c7e10e610563609965757",
				"ip": "84.203.117.234",
				"port": 40656
			},
			"src": {
				"id": "18794b770e44eb0fa6cd8509cb91ba5e35717627",
				"ip": "206.125.33.62",
				"port": 26662
			},
			"buckets": [
				23
			],
			"attempts": 0,
			"bucket_type": 2,
			"last_attempt": "2024-06-18T10:49:49.840333389+02:00",
			"last_success": "2024-06-18T10:49:49.840333389+02:00",
			"last_ban_time": "2024-06-15T16:23:02.701283876+02:00"
		},
		{
			"addr": {
				"id": "5dc5ea3636978d50f7665b12302bcf69ea088228",
				"ip": "94.72.100.234",
				"port": 40656
			},
			"src": {
				"id": "5dc5ea3636978d50f7665b12302bcf69ea088228",
				"ip": "94.72.100.234",
				"port": 40656
			},
			"buckets": [
				45
			],
			"attempts": 12,
			"bucket_type": 2,
			"last_attempt": "2024-06-18T11:28:03.702093168+02:00",
			"last_success": "2024-06-16T00:40:54.940652968+02:00",
			"last_ban_time": "0001-01-01T00:00:00Z"
		},
		{
			"addr": {
				"id": "73055d5b6c39e39038def9a35968cddad4d5cab6",
				"ip": "42.113.193.74",
				"port": 26656
			},
			"src": {
				"id": "f784d1678dedc2204ba3e1a4ab04a39d2ada36a7",
				"ip": "44.201.28.205",
				"port": 32011
			},
			"buckets": [
				97,
				192,
				91
			],
			"attempts": 2,
			"bucket_type": 1,
			"last_attempt": "2024-06-18T15:30:04.026080736+02:00",
			"last_success": "0001-01-01T00:00:00Z",
			"last_ban_time": "0001-01-01T00:00:00Z"
		},
		{
			"addr": {
				"id": "15bc325197057cbe2cb4e5a04f94087be6a0cc0b",
				"ip": "80.64.208.238",
				"port": 26656
			},
			"src": {
				"id": "83c9558aaf4235574c7e78a568243b1f7eba6bae",
				"ip": "54.210.154.253",
				"port": 32000
			},
			"buckets": [
				213,
				108,
				229,
				8
			],
			"attempts": 47,
			"bucket_type": 1,
			"last_attempt": "2024-06-12T04:24:02.780928843+02:00",
			"last_success": "0001-01-01T00:00:00Z",
			"last_ban_time": "2024-06-16T15:45:32.701822182+02:00"
		},
		{
			"addr": {
				"id": "f7b402b0969bf7328405e40a57d650f1ac20795b",
				"ip": "108.209.99.65",
				"port": 26670
			},
			"src": {
				"id": "83c9558aaf4235574c7e78a568243b1f7eba6bae",
				"ip": "54.210.154.253",
				"port": 32000
			},
			"buckets": [
				40
			],
			"attempts": 0,
			"bucket_type": 2,
			"last_attempt": "2024-06-19T02:24:01.650839872+02:00",
			"last_success": "2024-06-19T02:24:01.650839872+02:00",
			"last_ban_time": "0001-01-01T00:00:00Z"
		},
		{
			"addr": {
				"id": "c47af4c7e8eadb7e00fb50d1c0a7bd894dcb67df",
				"ip": "185.185.82.170",
				"port": 40656
			},
			"src": {
				"id": "c621a7d07bf9c7868c0811bd22b0467941f05281",
				"ip": "195.3.220.4",
				"port": 40656
			},
			"buckets": [
				46,
				9,
				209,
				216
			],
			"attempts": 25,
			"bucket_type": 1,
			"last_attempt": "2024-06-12T05:13:33.701144244+02:00",
			"last_success": "0001-01-01T00:00:00Z",
			"last_ban_time": "2024-06-18T01:33:02.701821114+02:00"
		},
		{
			"addr": {
				"id": "18794b770e44eb0fa6cd8509cb91ba5e35717627",
				"ip": "206.125.33.62",
				"port": 26662
			},
			"src": {
				"id": "83c9558aaf4235574c7e78a568243b1f7eba6bae",
				"ip": "54.210.154.253",
				"port": 32000
			},
			"buckets": [
				30
			],
			"attempts": 12,
			"bucket_type": 2,
			"last_attempt": "2024-06-18T01:32:06.319641547+02:00",
			"last_success": "2024-06-16T03:19:40.463717741+02:00",
			"last_ban_time": "0001-01-01T00:00:00Z"
		},
		{
			"addr": {
				"id": "e9d7579905d464d2691b7895012edf5c8279e351",
				"ip": "168.119.31.198",
				"port": 56286
			},
			"src": {
				"id": "ea8420deaa561f9eabe620a122378d47c059939c",
				"ip": "0.0.0.0",
				"port": 26656
			},
			"buckets": [
				1
			],
			"attempts": 0,
			"bucket_type": 2,
			"last_attempt": "2024-06-19T04:45:22.049038819+02:00",
			"last_success": "2024-06-19T04:45:22.049038819+02:00",
			"last_ban_time": "0001-01-01T00:00:00Z"
		},
		{
			"addr": {
				"id": "2ea86e31cf10723ca97966f22efbcc9bbb36d455",
				"ip": "34.86.69.188",
				"port": 26656
			},
			"src": {
				"id": "83c9558aaf4235574c7e78a568243b1f7eba6bae",
				"ip": "54.210.154.253",
				"port": 32000
			},
			"buckets": [
				32
			],
			"attempts": 0,
			"bucket_type": 2,
			"last_attempt": "2024-06-18T10:52:14.492174907+02:00",
			"last_success": "2024-06-18T10:52:14.492174907+02:00",
			"last_ban_time": "2024-06-13T04:41:02.701432329+02:00"
		},
		{
			"addr": {
				"id": "0e6578d28c31f5876409088ed51d2d3b5540d4ce",
				"ip": "66.70.177.125",
				"port": 40656
			},
			"src": {
				"id": "18794b770e44eb0fa6cd8509cb91ba5e35717627",
				"ip": "206.125.33.62",
				"port": 26662
			},
			"buckets": [
				6
			],
			"attempts": 0,
			"bucket_type": 2,
			"last_attempt": "2024-06-19T00:14:44.009970501+02:00",
			"last_success": "2024-06-19T00:14:44.009970501+02:00",
			"last_ban_time": "0001-01-01T00:00:00Z"
		},
		{
			"addr": {
				"id": "c614510aa8e6e20a254bc9aaed1a7078c48e888b",
				"ip": "136.38.55.33",
				"port": 40656
			},
			"src": {
				"id": "c621a7d07bf9c7868c0811bd22b0467941f05281",
				"ip": "195.3.220.4",
				"port": 40656
			},
			"buckets": [
				23
			],
			"attempts": 0,
			"bucket_type": 2,
			"last_attempt": "2024-06-19T02:37:19.456220627+02:00",
			"last_success": "2024-06-19T02:37:19.456220627+02:00",
			"last_ban_time": "2024-06-18T14:08:32.702233842+02:00"
		},
		{
			"addr": {
				"id": "b7f3c55c3de002c13362ba9d949c1deff760b04c",
				"ip": "213.199.53.218",
				"port": 26656
			},
			"src": {
				"id": "316f0ca3746c959701d0d6165ed3e79aaff68cc1",
				"ip": "195.201.245.178",
				"port": 56286
			},
			"buckets": [
				51
			],
			"attempts": 0,
			"bucket_type": 2,
			"last_attempt": "2024-06-18T18:28:52.845326292+02:00",
			"last_success": "2024-06-18T18:28:52.845326292+02:00",
			"last_ban_time": "0001-01-01T00:00:00Z"
		},
		{
			"addr": {
				"id": "b5dd22ea33b1534f8471ff7252b72a10650f7c78",
				"ip": "65.21.97.150",
				"port": 40656
			},
			"src": {
				"id": "316f0ca3746c959701d0d6165ed3e79aaff68cc1",
				"ip": "195.201.245.178",
				"port": 56286
			},
			"buckets": [
				103,
				196,
				39
			],
			"attempts": 2,
			"bucket_type": 1,
			"last_attempt": "2024-06-18T15:30:06.036797728+02:00",
			"last_success": "0001-01-01T00:00:00Z",
			"last_ban_time": "0001-01-01T00:00:00Z"
		},
		{
			"addr": {
				"id": "24878260c0a5b0b1c1b22c0c42306ed9979b2205",
				"ip": "167.235.178.134",
				"port": 26756
			},
			"src": {
				"id": "24878260c0a5b0b1c1b22c0c42306ed9979b2205",
				"ip": "167.235.178.134",
				"port": 26756
			},
			"buckets": [
				39
			],
			"attempts": 0,
			"bucket_type": 2,
			"last_attempt": "2024-06-18T22:18:21.241895628+02:00",
			"last_success": "2024-06-18T22:18:21.241895628+02:00",
			"last_ban_time": "0001-01-01T00:00:00Z"
		},
		{
			"addr": {
				"id": "c0b99b2281b768cbfdae220413a90a409bc53e28",
				"ip": "5.189.182.85",
				"port": 26656
			},
			"src": {
				"id": "2565f8b80bee76b4e26c61b8c5df70d33783bbd0",
				"ip": "0.0.0.0",
				"port": 26500
			},
			"buckets": [
				101,
				78,
				36,
				237
			],
			"attempts": 0,
			"bucket_type": 1,
			"last_attempt": "2024-06-14T08:19:03.086181614+02:00",
			"last_success": "0001-01-01T00:00:00Z",
			"last_ban_time": "0001-01-01T00:00:00Z"
		},
		{
			"addr": {
				"id": "b28d2b548c2405fc01911227f2228bad3b55bc0d",
				"ip": "158.220.102.219",
				"port": 26656
			},
			"src": {
				"id": "afbb794aadd7fffa9ede364b6f46e3117fdd4543",
				"ip": "65.108.78.101",
				"port": 12556
			},
			"buckets": [
				176,
				243
			],
			"attempts": 0,
			"bucket_type": 1,
			"last_attempt": "2024-06-18T13:03:02.831969867+02:00",
			"last_success": "0001-01-01T00:00:00Z",
			"last_ban_time": "0001-01-01T00:00:00Z"
		},
		{
			"addr": {
				"id": "2565f8b80bee76b4e26c61b8c5df70d33783bbd0",
				"ip": "18.236.127.219",
				"port": 26500
			},
			"src": {
				"id": "6b0bae238972c087bfff9f95de243735673ea963",
				"ip": "0.0.0.0",
				"port": 26656
			},
			"buckets": [
				24
			],
			"attempts": 0,
			"bucket_type": 2,
			"last_attempt": "2024-06-19T01:53:52.858560729+02:00",
			"last_success": "2024-06-19T01:53:52.858560729+02:00",
			"last_ban_time": "0001-01-01T00:00:00Z"
		},
		{
			"addr": {
				"id": "81af561cc56b30f8160399e1f3e6dd4839006c0e",
				"ip": "37.27.134.186",
				"port": 26656
			},
			"src": {
				"id": "18794b770e44eb0fa6cd8509cb91ba5e35717627",
				"ip": "206.125.33.62",
				"port": 26662
			},
			"buckets": [
				59
			],
			"attempts": 16,
			"bucket_type": 2,
			"last_attempt": "2024-06-18T10:00:02.72739779+02:00",
			"last_success": "2024-06-14T03:56:28.858362113+02:00",
			"last_ban_time": "0001-01-01T00:00:00Z"
		},
		{
			"addr": {
				"id": "daddf466ffda9f06406c3951fea37148e0cc4254",
				"ip": "188.40.66.173",
				"port": 26756
			},
			"src": {
				"id": "316f0ca3746c959701d0d6165ed3e79aaff68cc1",
				"ip": "195.201.245.178",
				"port": 56286
			},
			"buckets": [
				26
			],
			"attempts": 0,
			"bucket_type": 2,
			"last_attempt": "2024-06-18T19:48:37.976031526+02:00",
			"last_success": "2024-06-18T19:48:37.976031526+02:00",
			"last_ban_time": "0001-01-01T00:00:00Z"
		},
		{
			"addr": {
				"id": "d42629dfc1ba7733f782f9e6534c293b1c8114f7",
				"ip": "149.28.152.142",
				"port": 40656
			},
			"src": {
				"id": "6b0bae238972c087bfff9f95de243735673ea963",
				"ip": "0.0.0.0",
				"port": 26656
			},
			"buckets": [
				188,
				46,
				90,
				0
			],
			"attempts": 36,
			"bucket_type": 1,
			"last_attempt": "2024-06-12T03:43:33.702120783+02:00",
			"last_success": "0001-01-01T00:00:00Z",
			"last_ban_time": "2024-06-13T04:11:02.701902319+02:00"
		},
		{
			"addr": {
				"id": "c621a7d07bf9c7868c0811bd22b0467941f05281",
				"ip": "195.3.220.4",
				"port": 40656
			},
			"src": {
				"id": "c621a7d07bf9c7868c0811bd22b0467941f05281",
				"ip": "195.3.220.4",
				"port": 40656
			},
			"buckets": [
				11
			],
			"attempts": 0,
			"bucket_type": 2,
			"last_attempt": "2024-06-16T15:48:14.947165317+02:00",
			"last_success": "2024-06-16T15:48:14.947165317+02:00",
			"last_ban_time": "2024-06-13T08:14:02.701896071+02:00"
		},
		{
			"addr": {
				"id": "19def5b22e7fe36486ba7606ccb026c6e1e2839a",
				"ip": "45.152.64.175",
				"port": 26656
			},
			"src": {
				"id": "18794b770e44eb0fa6cd8509cb91ba5e35717627",
				"ip": "206.125.33.62",
				"port": 26662
			},
			"buckets": [
				62,
				68,
				88,
				61
			],
			"attempts": 22,
			"bucket_type": 1,
			"last_attempt": "2024-06-18T09:06:32.938709107+02:00",
			"last_success": "0001-01-01T00:00:00Z",
			"last_ban_time": "0001-01-01T00:00:00Z"
		},
		{
			"addr": {
				"id": "223e15952763cdc964d2f90dc5b35586f4fb38b5",
				"ip": "89.110.89.214",
				"port": 40656
			},
			"src": {
				"id": "2ea86e31cf10723ca97966f22efbcc9bbb36d455",
				"ip": "34.86.69.188",
				"port": 26656
			},
			"buckets": [
				10
			],
			"attempts": 0,
			"bucket_type": 2,
			"last_attempt": "2024-06-16T06:55:37.252324589+02:00",
			"last_success": "2024-06-16T06:55:37.252324589+02:00",
			"last_ban_time": "2024-06-14T10:16:02.702012339+02:00"
		},
		{
			"addr": {
				"id": "0e8ebf8b222c3650e1e48d748d1e160b14171673",
				"ip": "89.116.28.226",
				"port": 46656
			},
			"src": {
				"id": "0e7874473303951f172b67d7fcadab2416d00dad",
				"ip": "0.0.0.0",
				"port": 26656
			},
			"buckets": [
				48
			],
			"attempts": 14,
			"bucket_type": 2,
			"last_attempt": "2024-06-18T07:24:02.726805874+02:00",
			"last_success": "2024-06-15T06:21:51.611159113+02:00",
			"last_ban_time": "0001-01-01T00:00:00Z"
		},
		{
			"addr": {
				"id": "c29fd18c07b78b520faeadf67459ab0114402be0",
				"ip": "185.209.29.83",
				"port": 40656
			},
			"src": {
				"id": "2ea86e31cf10723ca97966f22efbcc9bbb36d455",
				"ip": "34.86.69.188",
				"port": 26656
			},
			"buckets": [
				38
			],
			"attempts": 0,
			"bucket_type": 2,
			"last_attempt": "2024-06-17T07:13:28.799221873+02:00",
			"last_success": "2024-06-17T07:13:28.799221873+02:00",
			"last_ban_time": "2024-06-15T14:48:02.701366565+02:00"
		},
		{
			"addr": {
				"id": "0c0a33a27ce410762645b75ed3d140e18af07642",
				"ip": "162.219.87.193",
				"port": 26656
			},
			"src": {
				"id": "316f0ca3746c959701d0d6165ed3e79aaff68cc1",
				"ip": "195.201.245.178",
				"port": 56286
			},
			"buckets": [
				189,
				70,
				209,
				173
			],
			"attempts": 6,
			"bucket_type": 1,
			"last_attempt": "2024-06-18T15:24:02.98732302+02:00",
			"last_success": "0001-01-01T00:00:00Z",
			"last_ban_time": "0001-01-01T00:00:00Z"
		},
		{
			"addr": {
				"id": "6b0bae238972c087bfff9f95de243735673ea963",
				"ip": "77.64.253.85",
				"port": 40656
			},
			"src": {
				"id": "2ea86e31cf10723ca97966f22efbcc9bbb36d455",
				"ip": "34.86.69.188",
				"port": 26656
			},
			"buckets": [
				233,
				102
			],
			"attempts": 37,
			"bucket_type": 1,
			"last_attempt": "2024-06-12T04:49:03.702062966+02:00",
			"last_success": "0001-01-01T00:00:00Z",
			"last_ban_time": "2024-06-18T14:06:02.701444512+02:00"
		},
		{
			"addr": {
				"id": "1dda15c1b0e66f8e5c04344b2a639f51179de9f5",
				"ip": "51.89.67.94",
				"port": 21656
			},
			"src": {
				"id": "2ea86e31cf10723ca97966f22efbcc9bbb36d455",
				"ip": "34.86.69.188",
				"port": 26656
			},
			"buckets": [
				9
			],
			"attempts": 0,
			"bucket_type": 2,
			"last_attempt": "2024-06-19T01:31:37.370944294+02:00",
			"last_success": "2024-06-19T01:31:37.370944294+02:00",
			"last_ban_time": "0001-01-01T00:00:00Z"
		},
		{
			"addr": {
				"id": "ca74bfeeec12f7879963267e5b758a05204d0f97",
				"ip": "80.64.208.238",
				"port": 40656
			},
			"src": {
				"id": "3e2c756dd6ba70bc5681d7b8dc8adfcbf927e8f3",
				"ip": "0.0.0.0",
				"port": 26656
			},
			"buckets": [
				31
			],
			"attempts": 0,
			"bucket_type": 2,
			"last_attempt": "2024-06-19T03:57:00.046336647+02:00",
			"last_success": "2024-06-19T03:57:00.046336647+02:00",
			"last_ban_time": "2024-06-16T22:21:32.701215074+02:00"
		},
		{
			"addr": {
				"id": "501bf05da57dc7243878769027c4cc07d4b4c131",
				"ip": "16.63.229.79",
				"port": 40656
			},
			"src": {
				"id": "c621a7d07bf9c7868c0811bd22b0467941f05281",
				"ip": "195.3.220.4",
				"port": 40656
			},
			"buckets": [
				25
			],
			"attempts": 0,
			"bucket_type": 2,
			"last_attempt": "2024-06-19T03:05:46.861369736+02:00",
			"last_success": "2024-06-19T03:05:46.861369736+02:00",
			"last_ban_time": "2024-06-16T15:17:02.702102151+02:00"
		},
		{
			"addr": {
				"id": "ce513f2c3de0f758c237dd5b144824e572ded96f",
				"ip": "45.136.17.169",
				"port": 26656
			},
			"src": {
				"id": "15e23295c829cbfb50e876b294c014c20bef53bd",
				"ip": "54.196.52.114",
				"port": 32012
			},
			"buckets": [
				7
			],
			"attempts": 0,
			"bucket_type": 2,
			"last_attempt": "2024-06-17T19:29:13.783949934+02:00",
			"last_success": "2024-06-17T19:29:13.783949934+02:00",
			"last_ban_time": "0001-01-01T00:00:00Z"
		},
		{
			"addr": {
				"id": "c2c03d650b10abeec0c90a1ea120d7458bf10044",
				"ip": "144.126.145.171",
				"port": 26656
			},
			"src": {
				"id": "15e23295c829cbfb50e876b294c014c20bef53bd",
				"ip": "54.196.52.114",
				"port": 32012
			},
			"buckets": [
				24,
				147,
				7,
				169
			],
			"attempts": 13,
			"bucket_type": 1,
			"last_attempt": "2024-06-14T20:57:36.160994086+02:00",
			"last_success": "0001-01-01T00:00:00Z",
			"last_ban_time": "0001-01-01T00:00:00Z"
		},
		{
			"addr": {
				"id": "ad5a818a2fce6c96bf040c11731e51d253d6ae12",
				"ip": "34.125.167.63",
				"port": 26656
			},
			"src": {
				"id": "83c9558aaf4235574c7e78a568243b1f7eba6bae",
				"ip": "54.210.154.253",
				"port": 32000
			},
			"buckets": [
				54
			],
			"attempts": 0,
			"bucket_type": 2,
			"last_attempt": "2024-06-18T06:01:25.62352217+02:00",
			"last_success": "2024-06-18T06:01:25.62352217+02:00",
			"last_ban_time": "2024-06-13T05:12:02.70174239+02:00"
		},
		{
			"addr": {
				"id": "9bfa5caa41f648e9fbec779de7f6553a2f9ebf05",
				"ip": "38.242.143.4",
				"port": 26656
			},
			"src": {
				"id": "5dc5ea3636978d50f7665b12302bcf69ea088228",
				"ip": "94.72.100.234",
				"port": 40656
			},
			"buckets": [
				250,
				188,
				196,
				68
			],
			"attempts": 65,
			"bucket_type": 1,
			"last_attempt": "2024-06-18T11:53:05.719397162+02:00",
			"last_success": "0001-01-01T00:00:00Z",
			"last_ban_time": "0001-01-01T00:00:00Z"
		},
		{
			"addr": {
				"id": "f041d85bfabee9b454173c264277788723deb9e5",
				"ip": "91.205.105.99",
				"port": 26656
			},
			"src": {
				"id": "5dc5ea3636978d50f7665b12302bcf69ea088228",
				"ip": "94.72.100.234",
				"port": 40656
			},
			"buckets": [
				1
			],
			"attempts": 0,
			"bucket_type": 2,
			"last_attempt": "2024-06-18T20:02:03.204273312+02:00",
			"last_success": "2024-06-18T20:02:03.204273312+02:00",
			"last_ban_time": "0001-01-01T00:00:00Z"
		},
		{
			"addr": {
				"id": "d1c5b2d12ac4ca49a342f797688ff459dd301702",
				"ip": "163.172.68.250",
				"port": 40656
			},
			"src": {
				"id": "2ea86e31cf10723ca97966f22efbcc9bbb36d455",
				"ip": "34.86.69.188",
				"port": 26656
			},
			"buckets": [
				0
			],
			"attempts": 0,
			"bucket_type": 2,
			"last_attempt": "2024-06-18T16:30:43.563144942+02:00",
			"last_success": "2024-06-18T16:30:43.563144942+02:00",
			"last_ban_time": "2024-06-14T10:17:32.70150586+02:00"
		},
		{
			"addr": {
				"id": "c909c9303c070dd9ced28bafd90a04b1d9179768",
				"ip": "89.110.91.116",
				"port": 40656
			},
			"src": {
				"id": "c621a7d07bf9c7868c0811bd22b0467941f05281",
				"ip": "195.3.220.4",
				"port": 40656
			},
			"buckets": [
				48
			],
			"attempts": 0,
			"bucket_type": 2,
			"last_attempt": "2024-06-16T17:05:33.78649384+02:00",
			"last_success": "2024-06-16T17:05:33.78649384+02:00",
			"last_ban_time": "2024-06-14T10:12:02.701810504+02:00"
		},
		{
			"addr": {
				"id": "b8598fc2037b2a3c3b6283be4ab8fa697fd0fd3d",
				"ip": "212.126.35.133",
				"port": 26664
			},
			"src": {
				"id": "83c9558aaf4235574c7e78a568243b1f7eba6bae",
				"ip": "54.210.154.253",
				"port": 32000
			},
			"buckets": [
				23
			],
			"attempts": 0,
			"bucket_type": 2,
			"last_attempt": "2024-06-18T17:41:40.065383802+02:00",
			"last_success": "2024-06-18T17:41:40.065383802+02:00",
			"last_ban_time": "0001-01-01T00:00:00Z"
		},
		{
			"addr": {
				"id": "ea8420deaa561f9eabe620a122378d47c059939c",
				"ip": "173.234.17.193",
				"port": 40656
			},
			"src": {
				"id": "c621a7d07bf9c7868c0811bd22b0467941f05281",
				"ip": "195.3.220.4",
				"port": 40656
			},
			"buckets": [
				51
			],
			"attempts": 0,
			"bucket_type": 2,
			"last_attempt": "2024-06-19T00:20:54.623148917+02:00",
			"last_success": "2024-06-19T00:20:54.623148917+02:00",
			"last_ban_time": "2024-06-14T10:09:32.701779+02:00"
		},
		{
			"addr": {
				"id": "f784d1678dedc2204ba3e1a4ab04a39d2ada36a7",
				"ip": "34.206.146.4",
				"port": 26656
			},
			"src": {
				"id": "ad5a818a2fce6c96bf040c11731e51d253d6ae12",
				"ip": "34.125.167.63",
				"port": 26656
			},
			"buckets": [
				8
			],
			"attempts": 0,
			"bucket_type": 2,
			"last_attempt": "2024-06-16T01:45:50.369051849+02:00",
			"last_success": "2024-06-16T01:45:50.369051849+02:00",
			"last_ban_time": "0001-01-01T00:00:00Z"
		},
		{
			"addr": {
				"id": "462e675442969fe73ef8160c32677053670096ab",
				"ip": "108.209.102.187",
				"port": 26643
			},
			"src": {
				"id": "83c9558aaf4235574c7e78a568243b1f7eba6bae",
				"ip": "54.210.154.253",
				"port": 32000
			},
			"buckets": [
				48
			],
			"attempts": 13,
			"bucket_type": 2,
			"last_attempt": "2024-06-18T11:12:34.204958177+02:00",
			"last_success": "2024-06-13T06:35:49.702750483+02:00",
			"last_ban_time": "0001-01-01T00:00:00Z"
		},
		{
			"addr": {
				"id": "316f0ca3746c959701d0d6165ed3e79aaff68cc1",
				"ip": "195.201.245.178",
				"port": 56286
			},
			"src": {
				"id": "83c9558aaf4235574c7e78a568243b1f7eba6bae",
				"ip": "54.210.154.253",
				"port": 32000
			},
			"buckets": [
				253,
				9,
				25,
				93
			],
			"attempts": 0,
			"bucket_type": 1,
			"last_attempt": "2024-06-04T16:01:51.651325803-07:00",
			"last_success": "0001-01-01T00:00:00Z",
			"last_ban_time": "0001-01-01T00:00:00Z"
		},
		{
			"addr": {
				"id": "afbb794aadd7fffa9ede364b6f46e3117fdd4543",
				"ip": "65.108.78.101",
				"port": 12556
			},
			"src": {
				"id": "316f0ca3746c959701d0d6165ed3e79aaff68cc1",
				"ip": "195.201.245.178",
				"port": 56286
			},
			"buckets": [
				146,
				226,
				244
			],
			"attempts": 4,
			"bucket_type": 1,
			"last_attempt": "2024-06-18T12:00:33.922992164+02:00",
			"last_success": "0001-01-01T00:00:00Z",
			"last_ban_time": "0001-01-01T00:00:00Z"
		}
	]
}
