{
	"key": "1c2e7ff5c3cbf75351300f8d",
	"addrs": [
		{
			"addr": {
				"id": "0222046df0877d35b0882e31dc8bf3f709e21e84",
				"ip": "205.204.89.178",
				"port": 26656
			},
			"src": {
				"id": "c9b8e6019f398935cbda6f85a915447e67aac802",
				"ip": "0.0.0.0",
				"port": 49656
			},
			"buckets": [
				41,
				73,
				220,
				197
			],
			"attempts": 2,
			"bucket_type": 1,
			"last_attempt": "2023-03-16T05:39:22.417550012+01:00",
			"last_success": "0001-01-01T00:00:00Z",
			"last_ban_time": "0001-01-01T00:00:00Z"
		},
		{
			"addr": {
				"id": "f70a81c0d7ccd24f73a574e7dfe7bb0912a862e7",
				"ip": "144.91.66.143",
				"port": 31656
			},
			"src": {
				"id": "00c031b6c1aaf3557618c9af37455fe67b7fff9c",
				"ip": "0.0.0.0",
				"port": 15656
			},
			"buckets": [
				79,
				118,
				14
			],
			"attempts": 2,
			"bucket_type": 1,
			"last_attempt": "2023-03-16T04:59:29.144218692+01:00",
			"last_success": "0001-01-01T00:00:00Z",
			"last_ban_time": "0001-01-01T00:00:00Z"
		},
		{
			"addr": {
				"id": "5ed578e78207183e46bb009e2ae79745981f46d8",
				"ip": "165.22.52.163",
				"port": 26656
			},
			"src": {
				"id": "5bf4920fac1647e12a24c0ae5af4b3ca19db2bb2",
				"ip": "57.128.86.7",
				"port": 26656
			},
			"buckets": [
				26,
				5,
				17
			],
			"attempts": 2,
			"bucket_type": 1,
			"last_attempt": "2023-03-16T05:26:59.508280537+01:00",
			"last_success": "0001-01-01T00:00:00Z",
			"last_ban_time": "0001-01-01T00:00:00Z"
		},
		{
			"addr": {
				"id": "bcb3f05e4b63a0e8dc5c57870e0412169d3a2290",
				"ip": "109.123.243.68",
				"port": 26656
			},
			"src": {
				"id": "59cef823c1a426f15eb9e688287cd1bc2b6ea42d",
				"ip": "0.0.0.0",
				"port": 26656
			},
			"buckets": [
				246,
				174,
				131,
				213
			],
			"attempts": 1,
			"bucket_type": 1,
			"last_attempt": "2023-03-16T04:52:29.153069752+01:00",
			"last_success": "0001-01-01T00:00:00Z",
			"last_ban_time": "0001-01-01T00:00:00Z"
		},
		{
			"addr": {
				"id": "0c77942550c78ae8939b691b725a9dd7ffa4d864",
				"ip": "185.219.142.182",
				"port": 27656
			},
			"src": {
				"id": "1ed54d64859edbfe8109155c0cf6bdb04e592cb6",
				"ip": "0.0.0.0",
				"port": 65528
			},
			"buckets": [
				228,
				65,
				5
			],
			"attempts": 1,
			"bucket_type": 1,
			"last_attempt": "2023-03-16T05:13:00.137635156+01:00",
			"last_success": "0001-01-01T00:00:00Z",
			"last_ban_time": "0001-01-01T00:00:00Z"
		},
		{
			"addr": {
				"id": "fbcea69c584c612d250a5c09b2be5bb42ae38324",
				"ip": "217.69.7.144",
				"port": 27656
			},
			"src": {
				"id": "00c031b6c1aaf3557618c9af37455fe67b7fff9c",
				"ip": "0.0.0.0",
				"port": 15656
			},
			"buckets": [
				74,
				238,
				169,
				94
			],
			"attempts": 1,
			"bucket_type": 1,
			"last_attempt": "2023-03-16T05:25:00.138286239+01:00",
			"last_success": "0001-01-01T00:00:00Z",
			"last_ban_time": "0001-01-01T00:00:00Z"
		},
		{
			"addr": {
				"id": "87aae9e66b092c79c6e5e1a7c64ec21128359f7e",
				"ip": "144.76.97.251",
				"port": 37656
			},
			"src": {
				"id": "00c031b6c1aaf3557618c9af37455fe67b7fff9c",
				"ip": "0.0.0.0",
				"port": 15656
			},
			"buckets": [
				36,
				140
			],
			"attempts": 0,
			"bucket_type": 1,
			"last_attempt": "2023-03-16T04:53:29.328340674+01:00",
			"last_success": "0001-01-01T00:00:00Z",
			"last_ban_time": "0001-01-01T00:00:00Z"
		},
		{
			"addr": {
				"id": "aa269fc09dc0b73e45f1c6b514aea634fa0193c7",
				"ip": "45.88.223.247",
				"port": 27656
			},
			"src": {
				"id": "00c031b6c1aaf3557618c9af37455fe67b7fff9c",
				"ip": "0.0.0.0",
				"port": 15656
			},
			"buckets": [
				171,
				65,
				82,
				64
			],
			"attempts": 9,
			"bucket_type": 1,
			"last_attempt": "2023-03-16T05:30:29.160501942+01:00",
			"last_success": "0001-01-01T00:00:00Z",
			"last_ban_time": "0001-01-01T00:00:00Z"
		},
		{
			"addr": {
				"id": "5524049dff1e180a85adc2c9494f59c336e631fa",
				"ip": "164.92.91.248",
				"port": 20656
			},
			"src": {
				"id": "00c031b6c1aaf3557618c9af37455fe67b7fff9c",
				"ip": "0.0.0.0",
				"port": 15656
			},
			"buckets": [
				34,
				192
			],
			"attempts": 1,
			"bucket_type": 1,
			"last_attempt": "2023-03-16T05:34:22.803318153+01:00",
			"last_success": "0001-01-01T00:00:00Z",
			"last_ban_time": "0001-01-01T00:00:00Z"
		},
		{
			"addr": {
				"id": "64520b9fda28172cd6af2d5d55d45a8d8b078eee",
				"ip": "157.90.174.243",
				"port": 26656
			},
			"src": {
				"id": "1ed54d64859edbfe8109155c0cf6bdb04e592cb6",
				"ip": "0.0.0.0",
				"port": 65528
			},
			"buckets": [
				65,
				178,
				94
			],
			"attempts": 3,
			"bucket_type": 1,
			"last_attempt": "2023-03-16T05:33:53.324500986+01:00",
			"last_success": "0001-01-01T00:00:00Z",
			"last_ban_time": "0001-01-01T00:00:00Z"
		},
		{
			"addr": {
				"id": "346a26e47244ce188e808a53e1d85e60dd58a114",
				"ip": "109.123.243.68",
				"port": 26656
			},
			"src": {
				"id": "c9b8e6019f398935cbda6f85a915447e67aac802",
				"ip": "0.0.0.0",
				"port": 49656
			},
			"buckets": [
				246,
				174,
				213,
				131
			],
			"attempts": 0,
			"bucket_type": 1,
			"last_attempt": "2023-03-16T04:57:29.150383993+01:00",
			"last_success": "0001-01-01T00:00:00Z",
			"last_ban_time": "0001-01-01T00:00:00Z"
		},
		{
			"addr": {
				"id": "ded27696eaef8ac6c874d27a2ecc7d8436abbc5c",
				"ip": "171.239.186.18",
				"port": 26656
			},
			"src": {
				"id": "7fe67df2d13d1b229a0e24504e7c1afe5d3c6936",
				"ip": "0.0.0.0",
				"port": 27656
			},
			"buckets": [
				41,
				136,
				146
			],
			"attempts": 3,
			"bucket_type": 1,
			"last_attempt": "2023-03-16T05:34:22.488252548+01:00",
			"last_success": "0001-01-01T00:00:00Z",
			"last_ban_time": "0001-01-01T00:00:00Z"
		},
		{
			"addr": {
				"id": "585b4ad333e5c7f91781c0e1e553ab15839e14bc",
				"ip": "116.203.226.63",
				"port": 26656
			},
			"src": {
				"id": "00c031b6c1aaf3557618c9af37455fe67b7fff9c",
				"ip": "0.0.0.0",
				"port": 15656
			},
			"buckets": [
				46,
				160,
				115,
				221
			],
			"attempts": 5,
			"bucket_type": 1,
			"last_attempt": "2023-03-16T05:41:53.32341433+01:00",
			"last_success": "0001-01-01T00:00:00Z",
			"last_ban_time": "0001-01-01T00:00:00Z"
		},
		{
			"addr": {
				"id": "1b6164aab8350eeb71bd46ebfe641e5d103a3f8e",
				"ip": "143.244.132.66",
				"port": 26656
			},
			"src": {
				"id": "1ed54d64859edbfe8109155c0cf6bdb04e592cb6",
				"ip": "0.0.0.0",
				"port": 65528
			},
			"buckets": [
				12,
				42,
				39,
				252
			],
			"attempts": 1,
			"bucket_type": 1,
			"last_attempt": "2023-03-16T05:32:55.458884439+01:00",
			"last_success": "0001-01-01T00:00:00Z",
			"last_ban_time": "0001-01-01T00:00:00Z"
		},
		{
			"addr": {
				"id": "0b777727937be8664a65ea0f8abc082e725879be",
				"ip": "185.188.249.18",
				"port": 10656
			},
			"src": {
				"id": "59cef823c1a426f15eb9e688287cd1bc2b6ea42d",
				"ip": "0.0.0.0",
				"port": 26656
			},
			"buckets": [
				202,
				147,
				251
			],
			"attempts": 1,
			"bucket_type": 1,
			"last_attempt": "2023-03-16T04:52:59.144266566+01:00",
			"last_success": "0001-01-01T00:00:00Z",
			"last_ban_time": "0001-01-01T00:00:00Z"
		},
		{
			"addr": {
				"id": "51064e987ab1193713957b6e07a70589d97d2903",
				"ip": "157.245.197.58",
				"port": 26656
			},
			"src": {
				"id": "1ed54d64859edbfe8109155c0cf6bdb04e592cb6",
				"ip": "0.0.0.0",
				"port": 65528
			},
			"buckets": [
				41,
				191,
				0,
				237
			],
			"attempts": 1,
			"bucket_type": 1,
			"last_attempt": "2023-03-16T05:08:29.689135534+01:00",
			"last_success": "0001-01-01T00:00:00Z",
			"last_ban_time": "0001-01-01T00:00:00Z"
		},
		{
			"addr": {
				"id": "30f40ac8ed567304809c13a55cf457f81e4d0454",
				"ip": "34.106.73.81",
				"port": 26656
			},
			"src": {
				"id": "1ed54d64859edbfe8109155c0cf6bdb04e592cb6",
				"ip": "0.0.0.0",
				"port": 65528
			},
			"buckets": [
				224,
				42,
				245,
				157
			],
			"attempts": 1,
			"bucket_type": 1,
			"last_attempt": "2023-03-16T04:58:30.138311125+01:00",
			"last_success": "0001-01-01T00:00:00Z",
			"last_ban_time": "0001-01-01T00:00:00Z"
		},
		{
			"addr": {
				"id": "395e1f7e7ea858fd9093de8832a25be67e7b6d9d",
				"ip": "171.226.79.93",
				"port": 9656
			},
			"src": {
				"id": "c9b8e6019f398935cbda6f85a915447e67aac802",
				"ip": "0.0.0.0",
				"port": 49656
			},
			"buckets": [
				181,
				118,
				30
			],
			"attempts": 4,
			"bucket_type": 1,
			"last_attempt": "2023-03-16T05:37:52.50412817+01:00",
			"last_success": "0001-01-01T00:00:00Z",
			"last_ban_time": "0001-01-01T00:00:00Z"
		},
		{
			"addr": {
				"id": "b5230bd84d4d7576690d90a39398f197e629fe9d",
				"ip": "116.202.227.117",
				"port": 49656
			},
			"src": {
				"id": "00c031b6c1aaf3557618c9af37455fe67b7fff9c",
				"ip": "0.0.0.0",
				"port": 15656
			},
			"buckets": [
				209,
				238,
				28
			],
			"attempts": 2,
			"bucket_type": 1,
			"last_attempt": "2023-03-16T05:34:52.333376667+01:00",
			"last_success": "0001-01-01T00:00:00Z",
			"last_ban_time": "0001-01-01T00:00:00Z"
		},
		{
			"addr": {
				"id": "ada0a0b4b5b3d290cae51b946b33a1079d00df72",
				"ip": "185.197.250.35",
				"port": 27656
			},
			"src": {
				"id": "1ed54d64859edbfe8109155c0cf6bdb04e592cb6",
				"ip": "0.0.0.0",
				"port": 65528
			},
			"buckets": [
				74,
				4,
				146
			],
			"attempts": 1,
			"bucket_type": 1,
			"last_attempt": "2023-03-16T05:08:59.16452046+01:00",
			"last_success": "0001-01-01T00:00:00Z",
			"last_ban_time": "0001-01-01T00:00:00Z"
		},
		{
			"addr": {
				"id": "b8763c169f67a15aacbe9cc12cbeb4cef927ce19",
				"ip": "115.79.196.38",
				"port": 26656
			},
			"src": {
				"id": "00c031b6c1aaf3557618c9af37455fe67b7fff9c",
				"ip": "0.0.0.0",
				"port": 15656
			},
			"buckets": [
				127,
				65,
				90
			],
			"attempts": 2,
			"bucket_type": 1,
			"last_attempt": "2023-03-16T05:35:23.32393492+01:00",
			"last_success": "0001-01-01T00:00:00Z",
			"last_ban_time": "0001-01-01T00:00:00Z"
		},
		{
			"addr": {
				"id": "4ffc5fa9bb2618126277a4189ab8ba2a639573a5",
				"ip": "34.125.172.90",
				"port": 26656
			},
			"src": {
				"id": "5bf4920fac1647e12a24c0ae5af4b3ca19db2bb2",
				"ip": "57.128.86.7",
				"port": 26656
			},
			"buckets": [
				65,
				181,
				77,
				223
			],
			"attempts": 1,
			"bucket_type": 1,
			"last_attempt": "2023-03-16T05:37:23.323023536+01:00",
			"last_success": "0001-01-01T00:00:00Z",
			"last_ban_time": "0001-01-01T00:00:00Z"
		},
		{
			"addr": {
				"id": "1d4c2290729dad5a5cb464b487e2922b88e0d4e0",
				"ip": "65.109.117.23",
				"port": 49656
			},
			"src": {
				"id": "00c031b6c1aaf3557618c9af37455fe67b7fff9c",
				"ip": "0.0.0.0",
				"port": 15656
			},
			"buckets": [
				117,
				69,
				0
			],
			"attempts": 0,
			"bucket_type": 1,
			"last_attempt": "2023-03-16T04:54:59.167987483+01:00",
			"last_success": "0001-01-01T00:00:00Z",
			"last_ban_time": "0001-01-01T00:00:00Z"
		},
		{
			"addr": {
				"id": "213b879bea49e810054be035764a4974baedc0df",
				"ip": "168.138.176.114",
				"port": 27656
			},
			"src": {
				"id": "00c031b6c1aaf3557618c9af37455fe67b7fff9c",
				"ip": "0.0.0.0",
				"port": 15656
			},
			"buckets": [
				74,
				26,
				44,
				155
			],
			"attempts": 3,
			"bucket_type": 1,
			"last_attempt": "2023-03-16T05:34:23.323513309+01:00",
			"last_success": "0001-01-01T00:00:00Z",
			"last_ban_time": "0001-01-01T00:00:00Z"
		},
		{
			"addr": {
				"id": "f4ebd48ae8b347eb71c43596f8c3b406807170ae",
				"ip": "159.223.40.81",
				"port": 24556
			},
			"src": {
				"id": "1ed54d64859edbfe8109155c0cf6bdb04e592cb6",
				"ip": "0.0.0.0",
				"port": 65528
			},
			"buckets": [
				127,
				124,
				135
			],
			"attempts": 1,
			"bucket_type": 1,
			"last_attempt": "2023-03-16T04:56:29.30148899+01:00",
			"last_success": "0001-01-01T00:00:00Z",
			"last_ban_time": "0001-01-01T00:00:00Z"
		},
		{
			"addr": {
				"id": "ee0f6da4f64970738cdbb01d21c9ce5240c92ca4",
				"ip": "157.245.150.110",
				"port": 20656
			},
			"src": {
				"id": "00c031b6c1aaf3557618c9af37455fe67b7fff9c",
				"ip": "0.0.0.0",
				"port": 15656
			},
			"buckets": [
				41,
				120,
				237,
				0
			],
			"attempts": 5,
			"bucket_type": 1,
			"last_attempt": "2023-03-16T05:43:22.835535914+01:00",
			"last_success": "0001-01-01T00:00:00Z",
			"last_ban_time": "0001-01-01T00:00:00Z"
		},
		{
			"addr": {
				"id": "4a4c330115ed36bf8a5c8ffbc568d165ee91bd72",
				"ip": "207.154.243.48",
				"port": 20656
			},
			"src": {
				"id": "c9b8e6019f398935cbda6f85a915447e67aac802",
				"ip": "0.0.0.0",
				"port": 49656
			},
			"buckets": [
				180,
				52,
				147,
				66
			],
			"attempts": 4,
			"bucket_type": 1,
			"last_attempt": "2023-03-16T05:38:52.336029164+01:00",
			"last_success": "0001-01-01T00:00:00Z",
			"last_ban_time": "0001-01-01T00:00:00Z"
		},
		{
			"addr": {
				"id": "09069a1360dfd51661d62fb35fbe4191bba04df7",
				"ip": "65.108.97.58",
				"port": 9656
			},
			"src": {
				"id": "00c031b6c1aaf3557618c9af37455fe67b7fff9c",
				"ip": "0.0.0.0",
				"port": 15656
			},
			"buckets": [
				202,
				17,
				213
			],
			"attempts": 2,
			"bucket_type": 1,
			"last_attempt": "2023-03-16T05:33:23.324081694+01:00",
			"last_success": "0001-01-01T00:00:00Z",
			"last_ban_time": "0001-01-01T00:00:00Z"
		},
		{
			"addr": {
				"id": "91b67dd0d2904d95748e1ec5311e39033cfeaabc",
				"ip": "65.109.92.240",
				"port": 1076
			},
			"src": {
				"id": "00c031b6c1aaf3557618c9af37455fe67b7fff9c",
				"ip": "0.0.0.0",
				"port": 15656
			},
			"buckets": [
				117,
				242,
				71,
				69
			],
			"attempts": 3,
			"bucket_type": 1,
			"last_attempt": "2023-03-16T05:42:22.425942526+01:00",
			"last_success": "0001-01-01T00:00:00Z",
			"last_ban_time": "0001-01-01T00:00:00Z"
		},
		{
			"addr": {
				"id": "6a23f4da326ceeab0a6e112c25ff39715439b8ce",
				"ip": "167.86.75.138",
				"port": 49656
			},
			"src": {
				"id": "00c031b6c1aaf3557618c9af37455fe67b7fff9c",
				"ip": "0.0.0.0",
				"port": 15656
			},
			"buckets": [
				17,
				70,
				9,
				212
			],
			"attempts": 1,
			"bucket_type": 1,
			"last_attempt": "2023-03-16T04:58:29.167055126+01:00",
			"last_success": "0001-01-01T00:00:00Z",
			"last_ban_time": "0001-01-01T00:00:00Z"
		},
		{
			"addr": {
				"id": "e96613a87f825269bf81ece62a9c53e611f0143c",
				"ip": "91.201.113.194",
				"port": 46656
			},
			"src": {
				"id": "00c031b6c1aaf3557618c9af37455fe67b7fff9c",
				"ip": "0.0.0.0",
				"port": 15656
			},
			"buckets": [
				17,
				174,
				192
			],
			"attempts": 6,
			"bucket_type": 1,
			"last_attempt": "2023-03-16T05:46:52.36198705+01:00",
			"last_success": "0001-01-01T00:00:00Z",
			"last_ban_time": "0001-01-01T00:00:00Z"
		},
		{
			"addr": {
				"id": "d99276e75a528b1e5a40bee3fe41ffe80a3a5b1b",
				"ip": "195.3.221.58",
				"port": 47656
			},
			"src": {
				"id": "1ed54d64859edbfe8109155c0cf6bdb04e592cb6",
				"ip": "0.0.0.0",
				"port": 65528
			},
			"buckets": [
				17,
				198,
				213,
				26
			],
			"attempts": 0,
			"bucket_type": 1,
			"last_attempt": "2023-03-16T04:53:59.351872029+01:00",
			"last_success": "0001-01-01T00:00:00Z",
			"last_ban_time": "0001-01-01T00:00:00Z"
		},
		{
			"addr": {
				"id": "006e207a3f235a28bc0815001b76ee385ee4bda3",
				"ip": "88.99.164.158",
				"port": 26656
			},
			"src": {
				"id": "00c031b6c1aaf3557618c9af37455fe67b7fff9c",
				"ip": "0.0.0.0",
				"port": 15656
			},
			"buckets": [
				41,
				214,
				131,
				149
			],
			"attempts": 1,
			"bucket_type": 1,
			"last_attempt": "2023-03-16T05:40:52.326749663+01:00",
			"last_success": "0001-01-01T00:00:00Z",
			"last_ban_time": "0001-01-01T00:00:00Z"
		},
		{
			"addr": {
				"id": "47971c889b727897dfc753ca93a15d8e1ce9cd5a",
				"ip": "3.140.188.3",
				"port": 26656
			},
			"src": {
				"id": "00c031b6c1aaf3557618c9af37455fe67b7fff9c",
				"ip": "0.0.0.0",
				"port": 15656
			},
			"buckets": [
				209,
				252,
				243
			],
			"attempts": 1,
			"bucket_type": 1,
			"last_attempt": "2023-03-16T05:34:52.429923335+01:00",
			"last_success": "0001-01-01T00:00:00Z",
			"last_ban_time": "0001-01-01T00:00:00Z"
		},
		{
			"addr": {
				"id": "393394669a643de9d12e1308f92dd76fcf9b3494",
				"ip": "65.109.175.48",
				"port": 26656
			},
			"src": {
				"id": "00c031b6c1aaf3557618c9af37455fe67b7fff9c",
				"ip": "0.0.0.0",
				"port": 15656
			},
			"buckets": [
				117,
				242,
				69,
				110
			],
			"attempts": 0,
			"bucket_type": 1,
			"last_attempt": "2023-03-16T04:52:59.369033327+01:00",
			"last_success": "0001-01-01T00:00:00Z",
			"last_ban_time": "0001-01-01T00:00:00Z"
		},
		{
			"addr": {
				"id": "cbe9fa91d3a603ca64c4eb22cca7f7fb18e0ff01",
				"ip": "65.109.89.5",
				"port": 39656
			},
			"src": {
				"id": "59cef823c1a426f15eb9e688287cd1bc2b6ea42d",
				"ip": "0.0.0.0",
				"port": 26656
			},
			"buckets": [
				117,
				242,
				69
			],
			"attempts": 1,
			"bucket_type": 1,
			"last_attempt": "2023-03-16T05:13:59.237554913+01:00",
			"last_success": "0001-01-01T00:00:00Z",
			"last_ban_time": "0001-01-01T00:00:00Z"
		},
		{
			"addr": {
				"id": "0a661ed79b169c7c2b0f289c436e35900bb0de90",
				"ip": "157.97.108.38",
				"port": 24556
			},
			"src": {
				"id": "c9b8e6019f398935cbda6f85a915447e67aac802",
				"ip": "0.0.0.0",
				"port": 49656
			},
			"buckets": [
				69,
				17,
				252,
				135
			],
			"attempts": 3,
			"bucket_type": 1,
			"last_attempt": "2023-03-16T05:36:22.335854665+01:00",
			"last_success": "0001-01-01T00:00:00Z",
			"last_ban_time": "0001-01-01T00:00:00Z"
		},
		{
			"addr": {
				"id": "180adc7eeff040f60669af4a60abb14a2db817d1",
				"ip": "65.108.226.226",
				"port": 26656
			},
			"src": {
				"id": "00c031b6c1aaf3557618c9af37455fe67b7fff9c",
				"ip": "0.0.0.0",
				"port": 15656
			},
			"buckets": [
				202,
				17,
				180
			],
			"attempts": 1,
			"bucket_type": 1,
			"last_attempt": "2023-03-16T05:23:59.170310366+01:00",
			"last_success": "0001-01-01T00:00:00Z",
			"last_ban_time": "0001-01-01T00:00:00Z"
		},
		{
			"addr": {
				"id": "7fe67df2d13d1b229a0e24504e7c1afe5d3c6936",
				"ip": "143.198.204.248",
				"port": 27656
			},
			"src": {
				"id": "00c031b6c1aaf3557618c9af37455fe67b7fff9c",
				"ip": "0.0.0.0",
				"port": 15656
			},
			"buckets": [
				38,
				65,
				72,
				110
			],
			"attempts": 0,
			"bucket_type": 1,
			"last_attempt": "2023-03-16T04:53:29.328418143+01:00",
			"last_success": "0001-01-01T00:00:00Z",
			"last_ban_time": "0001-01-01T00:00:00Z"
		},
		{
			"addr": {
				"id": "61e9e3927c1d25d91e8fefbdc880791e7974bfb5",
				"ip": "159.223.19.154",
				"port": 27656
			},
			"src": {
				"id": "00c031b6c1aaf3557618c9af37455fe67b7fff9c",
				"ip": "0.0.0.0",
				"port": 15656
			},
			"buckets": [
				127,
				95,
				58
			],
			"attempts": 3,
			"bucket_type": 1,
			"last_attempt": "2023-03-16T05:38:22.337539974+01:00",
			"last_success": "0001-01-01T00:00:00Z",
			"last_ban_time": "0001-01-01T00:00:00Z"
		},
		{
			"addr": {
				"id": "af7259853f202391e624c612ff9d3de1142b4ca4",
				"ip": "52.77.248.130",
				"port": 26656
			},
			"src": {
				"id": "59cef823c1a426f15eb9e688287cd1bc2b6ea42d",
				"ip": "0.0.0.0",
				"port": 26656
			},
			"buckets": [
				26,
				24,
				30
			],
			"attempts": 1,
			"bucket_type": 1,
			"last_attempt": "2023-03-16T05:41:53.32342503+01:00",
			"last_success": "0001-01-01T00:00:00Z",
			"last_ban_time": "0001-01-01T00:00:00Z"
		},
		{
			"addr": {
				"id": "edbe001e5f23d3fa27b649018f7cde8ebefb4461",
				"ip": "139.59.106.241",
				"port": 26656
			},
			"src": {
				"id": "1ed54d64859edbfe8109155c0cf6bdb04e592cb6",
				"ip": "0.0.0.0",
				"port": 65528
			},
			"buckets": [
				14,
				214,
				72
			],
			"attempts": 2,
			"bucket_type": 1,
			"last_attempt": "2023-03-16T05:17:00.13775329+01:00",
			"last_success": "0001-01-01T00:00:00Z",
			"last_ban_time": "0001-01-01T00:00:00Z"
		},
		{
			"addr": {
				"id": "bd38f8b14f549bc035eaf2f22e7832173f1fd761",
				"ip": "198.199.74.16",
				"port": 20656
			},
			"src": {
				"id": "1ed54d64859edbfe8109155c0cf6bdb04e592cb6",
				"ip": "0.0.0.0",
				"port": 65528
			},
			"buckets": [
				69,
				82
			],
			"attempts": 3,
			"bucket_type": 1,
			"last_attempt": "2023-03-16T05:44:22.600109502+01:00",
			"last_success": "0001-01-01T00:00:00Z",
			"last_ban_time": "0001-01-01T00:00:00Z"
		},
		{
			"addr": {
				"id": "9b68197830bb2833f3ad722a5460fe4d9ad4fbed",
				"ip": "8.219.145.180",
				"port": 9656
			},
			"src": {
				"id": "00c031b6c1aaf3557618c9af37455fe67b7fff9c",
				"ip": "0.0.0.0",
				"port": 15656
			},
			"buckets": [
				176,
				225
			],
			"attempts": 0,
			"bucket_type": 1,
			"last_attempt": "2023-03-16T04:54:59.16808013+01:00",
			"last_success": "0001-01-01T00:00:00Z",
			"last_ban_time": "0001-01-01T00:00:00Z"
		},
		{
			"addr": {
				"id": "613db6dc57f294bd3238b241cdb66697cfe45c4b",
				"ip": "207.154.251.199",
				"port": 27656
			},
			"src": {
				"id": "1ed54d64859edbfe8109155c0cf6bdb04e592cb6",
				"ip": "0.0.0.0",
				"port": 65528
			},
			"buckets": [
				180,
				147,
				52,
				14
			],
			"attempts": 0,
			"bucket_type": 1,
			"last_attempt": "2023-03-16T04:53:59.35179962+01:00",
			"last_success": "0001-01-01T00:00:00Z",
			"last_ban_time": "0001-01-01T00:00:00Z"
		},
		{
			"addr": {
				"id": "2391c496886d549eaef56eec922193b23e48119f",
				"ip": "65.108.12.181",
				"port": 26756
			},
			"src": {
				"id": "00c031b6c1aaf3557618c9af37455fe67b7fff9c",
				"ip": "0.0.0.0",
				"port": 15656
			},
			"buckets": [
				202,
				17,
				180,
				213
			],
			"attempts": 1,
			"bucket_type": 1,
			"last_attempt": "2023-03-16T05:33:52.421579555+01:00",
			"last_success": "0001-01-01T00:00:00Z",
			"last_ban_time": "0001-01-01T00:00:00Z"
		},
		{
			"addr": {
				"id": "298e19f6a3fe64257f7b92a2200ce61ed6858bc7",
				"ip": "157.230.245.237",
				"port": 26656
			},
			"src": {
				"id": "c9b8e6019f398935cbda6f85a915447e67aac802",
				"ip": "0.0.0.0",
				"port": 49656
			},
			"buckets": [
				180,
				42,
				95,
				199
			],
			"attempts": 0,
			"bucket_type": 1,
			"last_attempt": "2023-03-16T04:54:29.352029171+01:00",
			"last_success": "0001-01-01T00:00:00Z",
			"last_ban_time": "0001-01-01T00:00:00Z"
		},
		{
			"addr": {
				"id": "d1a6bf36766faf6265623f78ecaeafa87911b9c4",
				"ip": "116.203.226.63",
				"port": 26656
			},
			"src": {
				"id": "00c031b6c1aaf3557618c9af37455fe67b7fff9c",
				"ip": "0.0.0.0",
				"port": 15656
			},
			"buckets": [
				46,
				160,
				221
			],
			"attempts": 3,
			"bucket_type": 1,
			"last_attempt": "2023-03-16T05:39:53.323774638+01:00",
			"last_success": "0001-01-01T00:00:00Z",
			"last_ban_time": "0001-01-01T00:00:00Z"
		},
		{
			"addr": {
				"id": "ec7e0b075202f836feac71f017a90e0d83674cb8",
				"ip": "65.108.9.164",
				"port": 24556
			},
			"src": {
				"id": "c9b8e6019f398935cbda6f85a915447e67aac802",
				"ip": "0.0.0.0",
				"port": 49656
			},
			"buckets": [
				202,
				17,
				180
			],
			"attempts": 1,
			"bucket_type": 1,
			"last_attempt": "2023-03-16T05:32:22.420014771+01:00",
			"last_success": "0001-01-01T00:00:00Z",
			"last_ban_time": "0001-01-01T00:00:00Z"
		},
		{
			"addr": {
				"id": "59cef823c1a426f15eb9e688287cd1bc2b6ea42d",
				"ip": "152.70.126.187",
				"port": 26656
			},
			"src": {
				"id": "00c031b6c1aaf3557618c9af37455fe67b7fff9c",
				"ip": "0.0.0.0",
				"port": 15656
			},
			"buckets": [
				41,
				157
			],
			"attempts": 0,
			"bucket_type": 1,
			"last_attempt": "2023-03-16T04:52:59.368882547+01:00",
			"last_success": "0001-01-01T00:00:00Z",
			"last_ban_time": "0001-01-01T00:00:00Z"
		},
		{
			"addr": {
				"id": "6642a126fbf5b2f8aa2f22dc169a9bb98f1c17a3",
				"ip": "170.64.188.152",
				"port": 26656
			},
			"src": {
				"id": "00c031b6c1aaf3557618c9af37455fe67b7fff9c",
				"ip": "0.0.0.0",
				"port": 15656
			},
			"buckets": [
				36,
				177,
				24
			],
			"attempts": 0,
			"bucket_type": 1,
			"last_attempt": "2023-03-16T04:53:59.169889532+01:00",
			"last_success": "0001-01-01T00:00:00Z",
			"last_ban_time": "0001-01-01T00:00:00Z"
		},
		{
			"addr": {
				"id": "a5298771c624a376fdb83c48cc6c630e58092c62",
				"ip": "192.18.136.151",
				"port": 26656
			},
			"src": {
				"id": "00c031b6c1aaf3557618c9af37455fe67b7fff9c",
				"ip": "0.0.0.0",
				"port": 15656
			},
			"buckets": [
				127,
				36,
				177,
				194
			],
			"attempts": 0,
			"bucket_type": 1,
			"last_attempt": "2023-03-16T04:52:59.36898771+01:00",
			"last_success": "0001-01-01T00:00:00Z",
			"last_ban_time": "0001-01-01T00:00:00Z"
		},
		{
			"addr": {
				"id": "f311e3f8b44ee9f4efc8ab3a95821734ec23fc9e",
				"ip": "52.77.248.130",
				"port": 26656
			},
			"src": {
				"id": "59cef823c1a426f15eb9e688287cd1bc2b6ea42d",
				"ip": "0.0.0.0",
				"port": 26656
			},
			"buckets": [
				26,
				140,
				13,
				24
			],
			"attempts": 7,
			"bucket_type": 1,
			"last_attempt": "2023-03-16T05:46:23.323542824+01:00",
			"last_success": "0001-01-01T00:00:00Z",
			"last_ban_time": "0001-01-01T00:00:00Z"
		},
		{
			"addr": {
				"id": "14e4a9a565508d0aac31f270d898fb6df82f1146",
				"ip": "42.117.129.1",
				"port": 49656
			},
			"src": {
				"id": "00c031b6c1aaf3557618c9af37455fe67b7fff9c",
				"ip": "0.0.0.0",
				"port": 15656
			},
			"buckets": [
				180,
				0,
				24
			],
			"attempts": 1,
			"bucket_type": 1,
			"last_attempt": "2023-03-16T05:14:29.351278018+01:00",
			"last_success": "0001-01-01T00:00:00Z",
			"last_ban_time": "0001-01-01T00:00:00Z"
		},
		{
			"addr": {
				"id": "09c34a568d560cfabeb1b1d61259dc43e17eae34",
				"ip": "65.108.226.226",
				"port": 26656
			},
			"src": {
				"id": "59cef823c1a426f15eb9e688287cd1bc2b6ea42d",
				"ip": "0.0.0.0",
				"port": 26656
			},
			"buckets": [
				202,
				17,
				213,
				245
			],
			"attempts": 0,
			"bucket_type": 1,
			"last_attempt": "2023-03-16T04:51:29.890297605+01:00",
			"last_success": "0001-01-01T00:00:00Z",
			"last_ban_time": "0001-01-01T00:00:00Z"
		},
		{
			"addr": {
				"id": "3c769db2e0332c1728b87173084cdc9dc1ab24b2",
				"ip": "65.21.134.202",
				"port": 15756
			},
			"src": {
				"id": "59cef823c1a426f15eb9e688287cd1bc2b6ea42d",
				"ip": "0.0.0.0",
				"port": 26656
			},
			"buckets": [
				117,
				169,
				14,
				9
			],
			"attempts": 1,
			"bucket_type": 1,
			"last_attempt": "2023-03-16T04:53:59.22729061+01:00",
			"last_success": "0001-01-01T00:00:00Z",
			"last_ban_time": "0001-01-01T00:00:00Z"
		},
		{
			"addr": {
				"id": "9ba8c9888881ba032e79bf047ab40ed68eeb9baa",
				"ip": "38.45.64.223",
				"port": 26656
			},
			"src": {
				"id": "00c031b6c1aaf3557618c9af37455fe67b7fff9c",
				"ip": "0.0.0.0",
				"port": 15656
			},
			"buckets": [
				117,
				70,
				72
			],
			"attempts": 0,
			"bucket_type": 1,
			"last_attempt": "2023-03-16T04:52:59.368914068+01:00",
			"last_success": "0001-01-01T00:00:00Z",
			"last_ban_time": "0001-01-01T00:00:00Z"
		},
		{
			"addr": {
				"id": "cdc845a2c9e8d3c9f2636d34ef1745f6a58aafc1",
				"ip": "35.223.19.233",
				"port": 26656
			},
			"src": {
				"id": "00c031b6c1aaf3557618c9af37455fe67b7fff9c",
				"ip": "0.0.0.0",
				"port": 15656
			},
			"buckets": [
				176,
				228,
				4
			],
			"attempts": 2,
			"bucket_type": 1,
			"last_attempt": "2023-03-16T05:36:53.323548626+01:00",
			"last_success": "0001-01-01T00:00:00Z",
			"last_ban_time": "0001-01-01T00:00:00Z"
		},
		{
			"addr": {
				"id": "e5d450435d3041e57400edb1cb65845f33be5b13",
				"ip": "167.71.53.182",
				"port": 26656
			},
			"src": {
				"id": "00c031b6c1aaf3557618c9af37455fe67b7fff9c",
				"ip": "0.0.0.0",
				"port": 15656
			},
			"buckets": [
				180,
				72,
				43
			],
			"attempts": 2,
			"bucket_type": 1,
			"last_attempt": "2023-03-16T05:26:29.149733817+01:00",
			"last_success": "0001-01-01T00:00:00Z",
			"last_ban_time": "0001-01-01T00:00:00Z"
		},
		{
			"addr": {
				"id": "48e35ce9a6e794a6d292d2df74eafc2c1c754678",
				"ip": "185.207.251.105",
				"port": 26656
			},
			"src": {
				"id": "00c031b6c1aaf3557618c9af37455fe67b7fff9c",
				"ip": "0.0.0.0",
				"port": 15656
			},
			"buckets": [
				181,
				191,
				66,
				24
			],
			"attempts": 2,
			"bucket_type": 1,
			"last_attempt": "2023-03-16T05:25:59.159420042+01:00",
			"last_success": "0001-01-01T00:00:00Z",
			"last_ban_time": "0001-01-01T00:00:00Z"
		},
		{
			"addr": {
				"id": "5a3bd116c2dda0c6c5c1a8845fd7bc4987f37269",
				"ip": "116.202.85.52",
				"port": 9656
			},
			"src": {
				"id": "00c031b6c1aaf3557618c9af37455fe67b7fff9c",
				"ip": "0.0.0.0",
				"port": 15656
			},
			"buckets": [
				209,
				208,
				213
			],
			"attempts": 1,
			"bucket_type": 1,
			"last_attempt": "2023-03-16T05:22:30.138924766+01:00",
			"last_success": "0001-01-01T00:00:00Z",
			"last_ban_time": "0001-01-01T00:00:00Z"
		},
		{
			"addr": {
				"id": "c9b8e6019f398935cbda6f85a915447e67aac802",
				"ip": "178.63.52.213",
				"port": 49656
			},
			"src": {
				"id": "00c031b6c1aaf3557618c9af37455fe67b7fff9c",
				"ip": "0.0.0.0",
				"port": 15656
			},
			"buckets": [
				17,
				212,
				154,
				151
			],
			"attempts": 0,
			"bucket_type": 1,
			"last_attempt": "2023-03-16T04:53:59.169871167+01:00",
			"last_success": "0001-01-01T00:00:00Z",
			"last_ban_time": "0001-01-01T00:00:00Z"
		},
		{
			"addr": {
				"id": "8e3091665e048465393d93bb9a6c25cb760b4f64",
				"ip": "65.109.24.223",
				"port": 24556
			},
			"src": {
				"id": "59cef823c1a426f15eb9e688287cd1bc2b6ea42d",
				"ip": "0.0.0.0",
				"port": 26656
			},
			"buckets": [
				117,
				242,
				69
			],
			"attempts": 1,
			"bucket_type": 1,
			"last_attempt": "2023-03-16T05:22:00.138039136+01:00",
			"last_success": "0001-01-01T00:00:00Z",
			"last_ban_time": "0001-01-01T00:00:00Z"
		},
		{
			"addr": {
				"id": "40b9a77eed19b81b5e998b50217095b1e0a622ad",
				"ip": "68.183.138.55",
				"port": 26656
			},
			"src": {
				"id": "00c031b6c1aaf3557618c9af37455fe67b7fff9c",
				"ip": "0.0.0.0",
				"port": 15656
			},
			"buckets": [
				33,
				0,
				135
			],
			"attempts": 1,
			"bucket_type": 1,
			"last_attempt": "2023-03-16T05:32:22.503860934+01:00",
			"last_success": "0001-01-01T00:00:00Z",
			"last_ban_time": "0001-01-01T00:00:00Z"
		},
		{
			"addr": {
				"id": "194280030791ce62e7c01712c93e7eab638f99f0",
				"ip": "8.214.46.204",
				"port": 26656
			},
			"src": {
				"id": "00c031b6c1aaf3557618c9af37455fe67b7fff9c",
				"ip": "0.0.0.0",
				"port": 15656
			},
			"buckets": [
				46,
				73,
				28,
				194
			],
			"attempts": 5,
			"bucket_type": 1,
			"last_attempt": "2023-03-16T05:21:00.1385442+01:00",
			"last_success": "0001-01-01T00:00:00Z",
			"last_ban_time": "0001-01-01T00:00:00Z"
		},
		{
			"addr": {
				"id": "0f73577b17dbf79f4d7d9d8486684357477cd400",
				"ip": "143.198.136.136",
				"port": 26656
			},
			"src": {
				"id": "59cef823c1a426f15eb9e688287cd1bc2b6ea42d",
				"ip": "0.0.0.0",
				"port": 26656
			},
			"buckets": [
				38,
				65,
				28,
				72
			],
			"attempts": 3,
			"bucket_type": 1,
			"last_attempt": "2023-03-16T05:17:29.618202727+01:00",
			"last_success": "0001-01-01T00:00:00Z",
			"last_ban_time": "0001-01-01T00:00:00Z"
		},
		{
			"addr": {
				"id": "4121480013952e4acba82084b894079889958d68",
				"ip": "185.209.229.14",
				"port": 20656
			},
			"src": {
				"id": "00c031b6c1aaf3557618c9af37455fe67b7fff9c",
				"ip": "0.0.0.0",
				"port": 15656
			},
			"buckets": [
				181,
				14,
				169
			],
			"attempts": 1,
			"bucket_type": 1,
			"last_attempt": "2023-03-16T05:02:32.145920599+01:00",
			"last_success": "0001-01-01T00:00:00Z",
			"last_ban_time": "0001-01-01T00:00:00Z"
		},
		{
			"addr": {
				"id": "22cb6793d2bc029121f9e1dffddeb6eae74a466c",
				"ip": "178.128.24.92",
				"port": 20656
			},
			"src": {
				"id": "1ed54d64859edbfe8109155c0cf6bdb04e592cb6",
				"ip": "0.0.0.0",
				"port": 65528
			},
			"buckets": [
				69,
				169,
				199,
				43
			],
			"attempts": 2,
			"bucket_type": 1,
			"last_attempt": "2023-03-16T05:41:22.80976288+01:00",
			"last_success": "0001-01-01T00:00:00Z",
			"last_ban_time": "0001-01-01T00:00:00Z"
		},
		{
			"addr": {
				"id": "a8dc98984aff5131b04afb408ac605fabfc5bfe4",
				"ip": "64.226.72.32",
				"port": 26656
			},
			"src": {
				"id": "59cef823c1a426f15eb9e688287cd1bc2b6ea42d",
				"ip": "0.0.0.0",
				"port": 26656
			},
			"buckets": [
				41,
				210,
				172,
				213
			],
			"attempts": 7,
			"bucket_type": 1,
			"last_attempt": "2023-03-16T05:33:52.337132962+01:00",
			"last_success": "0001-01-01T00:00:00Z",
			"last_ban_time": "0001-01-01T00:00:00Z"
		},
		{
			"addr": {
				"id": "a79ef6eafbd0d68cb3f12d27bd40d78fdf15dfbb",
				"ip": "217.69.7.144",
				"port": 20656
			},
			"src": {
				"id": "59cef823c1a426f15eb9e688287cd1bc2b6ea42d",
				"ip": "0.0.0.0",
				"port": 26656
			},
			"buckets": [
				74,
				238,
				131,
				243
			],
			"attempts": 5,
			"bucket_type": 1,
			"last_attempt": "2023-03-16T05:35:23.324025183+01:00",
			"last_success": "0001-01-01T00:00:00Z",
			"last_ban_time": "0001-01-01T00:00:00Z"
		},
		{
			"addr": {
				"id": "25a478432d5a16a0597124ecdad5ae6b706c2c32",
				"ip": "185.252.234.212",
				"port": 24556
			},
			"src": {
				"id": "59cef823c1a426f15eb9e688287cd1bc2b6ea42d",
				"ip": "0.0.0.0",
				"port": 26656
			},
			"buckets": [
				190,
				198,
				117,
				40
			],
			"attempts": 6,
			"bucket_type": 1,
			"last_attempt": "2023-03-16T05:47:52.330534882+01:00",
			"last_success": "0001-01-01T00:00:00Z",
			"last_ban_time": "0001-01-01T00:00:00Z"
		},
		{
			"addr": {
				"id": "37a39646517f411d34617348e7908078b4557f61",
				"ip": "165.232.102.228",
				"port": 27656
			},
			"src": {
				"id": "c9b8e6019f398935cbda6f85a915447e67aac802",
				"ip": "0.0.0.0",
				"port": 49656
			},
			"buckets": [
				171,
				58,
				169,
				64
			],
			"attempts": 4,
			"bucket_type": 1,
			"last_attempt": "2023-03-16T05:14:30.137707382+01:00",
			"last_success": "0001-01-01T00:00:00Z",
			"last_ban_time": "0001-01-01T00:00:00Z"
		},
		{
			"addr": {
				"id": "fd96ec20b23659d84749e6ca8b02e7fad3eee460",
				"ip": "108.175.1.36",
				"port": 9656
			},
			"src": {
				"id": "c9b8e6019f398935cbda6f85a915447e67aac802",
				"ip": "0.0.0.0",
				"port": 49656
			},
			"buckets": [
				41,
				212,
				65,
				78
			],
			"attempts": 1,
			"bucket_type": 1,
			"last_attempt": "2023-03-16T05:37:53.323962194+01:00",
			"last_success": "0001-01-01T00:00:00Z",
			"last_ban_time": "0001-01-01T00:00:00Z"
		},
		{
			"addr": {
				"id": "db34afcb7d55f0e32334f9a0832c2babf6506a4a",
				"ip": "178.128.82.16",
				"port": 26656
			},
			"src": {
				"id": "c9b8e6019f398935cbda6f85a915447e67aac802",
				"ip": "0.0.0.0",
				"port": 49656
			},
			"buckets": [
				69,
				169,
				135
			],
			"attempts": 2,
			"bucket_type": 1,
			"last_attempt": "2023-03-16T05:27:30.138013249+01:00",
			"last_success": "0001-01-01T00:00:00Z",
			"last_ban_time": "0001-01-01T00:00:00Z"
		},
		{
			"addr": {
				"id": "70502c3cbd5aabc12245f44bebf767d83fe76434",
				"ip": "134.209.255.7",
				"port": 20656
			},
			"src": {
				"id": "c9b8e6019f398935cbda6f85a915447e67aac802",
				"ip": "0.0.0.0",
				"port": 49656
			},
			"buckets": [
				74,
				132,
				0
			],
			"attempts": 1,
			"bucket_type": 1,
			"last_attempt": "2023-03-16T05:09:29.149369776+01:00",
			"last_success": "0001-01-01T00:00:00Z",
			"last_ban_time": "0001-01-01T00:00:00Z"
		},
		{
			"addr": {
				"id": "2f5b05d5a8fe73c7dd2830c5face9c1b5316cdc8",
				"ip": "65.21.131.215",
				"port": 15756
			},
			"src": {
				"id": "59cef823c1a426f15eb9e688287cd1bc2b6ea42d",
				"ip": "0.0.0.0",
				"port": 26656
			},
			"buckets": [
				117,
				169,
				220
			],
			"attempts": 2,
			"bucket_type": 1,
			"last_attempt": "2023-03-16T05:33:22.413856942+01:00",
			"last_success": "0001-01-01T00:00:00Z",
			"last_ban_time": "0001-01-01T00:00:00Z"
		},
		{
			"addr": {
				"id": "b8429de484a1cf6108d57dc69fc02cd8b7592e01",
				"ip": "157.230.245.237",
				"port": 9656
			},
			"src": {
				"id": "00c031b6c1aaf3557618c9af37455fe67b7fff9c",
				"ip": "0.0.0.0",
				"port": 15656
			},
			"buckets": [
				180,
				132,
				42
			],
			"attempts": 0,
			"bucket_type": 1,
			"last_attempt": "2023-03-16T04:52:59.368928696+01:00",
			"last_success": "0001-01-01T00:00:00Z",
			"last_ban_time": "0001-01-01T00:00:00Z"
		},
		{
			"addr": {
				"id": "7d75df124aa3e235f1680d9f534640b903083a7b",
				"ip": "149.102.144.116",
				"port": 26656
			},
			"src": {
				"id": "00c031b6c1aaf3557618c9af37455fe67b7fff9c",
				"ip": "0.0.0.0",
				"port": 15656
			},
			"buckets": [
				222,
				70,
				89
			],
			"attempts": 4,
			"bucket_type": 1,
			"last_attempt": "2023-03-16T05:10:30.139228332+01:00",
			"last_success": "0001-01-01T00:00:00Z",
			"last_ban_time": "0001-01-01T00:00:00Z"
		},
		{
			"addr": {
				"id": "ed041c5006f2e53c08eda22adc1948a37f92bf95",
				"ip": "5.161.50.28",
				"port": 26656
			},
			"src": {
				"id": "00c031b6c1aaf3557618c9af37455fe67b7fff9c",
				"ip": "0.0.0.0",
				"port": 15656
			},
			"buckets": [
				38,
				228,
				98
			],
			"attempts": 1,
			"bucket_type": 1,
			"last_attempt": "2023-03-16T05:44:52.413281985+01:00",
			"last_success": "0001-01-01T00:00:00Z",
			"last_ban_time": "0001-01-01T00:00:00Z"
		},
		{
			"addr": {
				"id": "2082d807a2b861af21bc5d00999aadfaf2aafec3",
				"ip": "144.91.98.32",
				"port": 26656
			},
			"src": {
				"id": "5bf4920fac1647e12a24c0ae5af4b3ca19db2bb2",
				"ip": "57.128.86.7",
				"port": 26656
			},
			"buckets": [
				118,
				79,
				58,
				14
			],
			"attempts": 2,
			"bucket_type": 1,
			"last_attempt": "2023-03-16T05:46:23.323782214+01:00",
			"last_success": "0001-01-01T00:00:00Z",
			"last_ban_time": "0001-01-01T00:00:00Z"
		},
		{
			"addr": {
				"id": "d8969177b44e1d2b52c2a9717d75b4a759d10586",
				"ip": "42.118.110.118",
				"port": 26656
			},
			"src": {
				"id": "00c031b6c1aaf3557618c9af37455fe67b7fff9c",
				"ip": "0.0.0.0",
				"port": 15656
			},
			"buckets": [
				46,
				132,
				253,
				223
			],
			"attempts": 2,
			"bucket_type": 1,
			"last_attempt": "2023-03-16T05:39:23.324450628+01:00",
			"last_success": "0001-01-01T00:00:00Z",
			"last_ban_time": "0001-01-01T00:00:00Z"
		},
		{
			"addr": {
				"id": "c6d7c5c8d8b780756f9ff31ef735221c4a589220",
				"ip": "31.220.72.135",
				"port": 26656
			},
			"src": {
				"id": "c9b8e6019f398935cbda6f85a915447e67aac802",
				"ip": "0.0.0.0",
				"port": 49656
			},
			"buckets": [
				246,
				213,
				192,
				63
			],
			"attempts": 2,
			"bucket_type": 1,
			"last_attempt": "2023-03-16T05:23:29.155000012+01:00",
			"last_success": "0001-01-01T00:00:00Z",
			"last_ban_time": "0001-01-01T00:00:00Z"
		},
		{
			"addr": {
				"id": "ecd3cac6026d1e205119c61c1712ec994bd2b0e3",
				"ip": "74.208.48.124",
				"port": 27656
			},
			"src": {
				"id": "59cef823c1a426f15eb9e688287cd1bc2b6ea42d",
				"ip": "0.0.0.0",
				"port": 26656
			},
			"buckets": [
				36,
				16
			],
			"attempts": 1,
			"bucket_type": 1,
			"last_attempt": "2023-03-16T04:52:30.138500097+01:00",
			"last_success": "0001-01-01T00:00:00Z",
			"last_ban_time": "0001-01-01T00:00:00Z"
		},
		{
			"addr": {
				"id": "0c78af85c2fb11a4c5b09f357595bd671438e6eb",
				"ip": "172.105.127.215",
				"port": 26656
			},
			"src": {
				"id": "5bf4920fac1647e12a24c0ae5af4b3ca19db2bb2",
				"ip": "57.128.86.7",
				"port": 26656
			},
			"buckets": [
				17,
				36
			],
			"attempts": 1,
			"bucket_type": 1,
			"last_attempt": "2023-03-16T05:14:59.714753408+01:00",
			"last_success": "0001-01-01T00:00:00Z",
			"last_ban_time": "0001-01-01T00:00:00Z"
		},
		{
			"addr": {
				"id": "cec1fdc272372d8254aaa33dcf12016c6ad1dbf6",
				"ip": "65.109.24.121",
				"port": 26656
			},
			"src": {
				"id": "59cef823c1a426f15eb9e688287cd1bc2b6ea42d",
				"ip": "0.0.0.0",
				"port": 26656
			},
			"buckets": [
				117,
				242,
				69
			],
			"attempts": 1,
			"bucket_type": 1,
			"last_attempt": "2023-03-16T05:07:00.138288562+01:00",
			"last_success": "0001-01-01T00:00:00Z",
			"last_ban_time": "0001-01-01T00:00:00Z"
		},
		{
			"addr": {
				"id": "a22a3ad8f847ab87bd64d0b9365b870750bde4e5",
				"ip": "143.198.204.248",
				"port": 20656
			},
			"src": {
				"id": "00c031b6c1aaf3557618c9af37455fe67b7fff9c",
				"ip": "0.0.0.0",
				"port": 15656
			},
			"buckets": [
				38,
				65,
				72
			],
			"attempts": 1,
			"bucket_type": 1,
			"last_attempt": "2023-03-16T04:54:29.306675036+01:00",
			"last_success": "0001-01-01T00:00:00Z",
			"last_ban_time": "0001-01-01T00:00:00Z"
		},
		{
			"addr": {
				"id": "1946f4a7d7dd6b3ed49d8e3a64a16284a7f4fa11",
				"ip": "85.214.116.96",
				"port": 24556
			},
			"src": {
				"id": "1ed54d64859edbfe8109155c0cf6bdb04e592cb6",
				"ip": "0.0.0.0",
				"port": 65528
			},
			"buckets": [
				224,
				238,
				77,
				26
			],
			"attempts": 2,
			"bucket_type": 1,
			"last_attempt": "2023-03-16T05:21:29.192439874+01:00",
			"last_success": "0001-01-01T00:00:00Z",
			"last_ban_time": "0001-01-01T00:00:00Z"
		},
		{
			"addr": {
				"id": "278acd8724e387c52f84ae52122803736cb986bb",
				"ip": "65.109.175.48",
				"port": 26656
			},
			"src": {
				"id": "59cef823c1a426f15eb9e688287cd1bc2b6ea42d",
				"ip": "0.0.0.0",
				"port": 26656
			},
			"buckets": [
				117,
				110
			],
			"attempts": 0,
			"bucket_type": 1,
			"last_attempt": "2023-03-16T04:51:29.890287596+01:00",
			"last_success": "0001-01-01T00:00:00Z",
			"last_ban_time": "0001-01-01T00:00:00Z"
		},
		{
			"addr": {
				"id": "b417aa497b83a616ef77774773c3071fc216aad0",
				"ip": "206.189.59.199",
				"port": 26656
			},
			"src": {
				"id": "59cef823c1a426f15eb9e688287cd1bc2b6ea42d",
				"ip": "0.0.0.0",
				"port": 26656
			},
			"buckets": [
				43,
				251,
				62,
				151
			],
			"attempts": 4,
			"bucket_type": 1,
			"last_attempt": "2023-03-16T05:07:32.141837049+01:00",
			"last_success": "0001-01-01T00:00:00Z",
			"last_ban_time": "0001-01-01T00:00:00Z"
		},
		{
			"addr": {
				"id": "902240030667c196d2857dd43da27f0fa83b5225",
				"ip": "170.64.172.224",
				"port": 26656
			},
			"src": {
				"id": "00c031b6c1aaf3557618c9af37455fe67b7fff9c",
				"ip": "0.0.0.0",
				"port": 15656
			},
			"buckets": [
				36,
				16,
				131
			],
			"attempts": 2,
			"bucket_type": 1,
			"last_attempt": "2023-03-16T05:15:00.138843882+01:00",
			"last_success": "0001-01-01T00:00:00Z",
			"last_ban_time": "0001-01-01T00:00:00Z"
		},
		{
			"addr": {
				"id": "5cea6b9e5a2ffd5f42a42515fefdd44a7631d048",
				"ip": "101.80.228.209",
				"port": 26656
			},
			"src": {
				"id": "00c031b6c1aaf3557618c9af37455fe67b7fff9c",
				"ip": "0.0.0.0",
				"port": 15656
			},
			"buckets": [
				38,
				238,
				66,
				15
			],
			"attempts": 4,
			"bucket_type": 1,
			"last_attempt": "2023-03-16T05:41:22.543674119+01:00",
			"last_success": "0001-01-01T00:00:00Z",
			"last_ban_time": "0001-01-01T00:00:00Z"
		},
		{
			"addr": {
				"id": "7226702dd45f4bee9f35b6a20b5b4e51f963fae8",
				"ip": "188.166.187.23",
				"port": 27656
			},
			"src": {
				"id": "1ed54d64859edbfe8109155c0cf6bdb04e592cb6",
				"ip": "0.0.0.0",
				"port": 65528
			},
			"buckets": [
				26,
				147
			],
			"attempts": 1,
			"bucket_type": 1,
			"last_attempt": "2023-03-16T05:36:23.323063465+01:00",
			"last_success": "0001-01-01T00:00:00Z",
			"last_ban_time": "0001-01-01T00:00:00Z"
		},
		{
			"addr": {
				"id": "00078e1050320538e6e1d004ccd865b153061df7",
				"ip": "89.116.25.236",
				"port": 26656
			},
			"src": {
				"id": "00c031b6c1aaf3557618c9af37455fe67b7fff9c",
				"ip": "0.0.0.0",
				"port": 15656
			},
			"buckets": [
				43,
				26
			],
			"attempts": 1,
			"bucket_type": 1,
			"last_attempt": "2023-03-16T05:11:00.138001128+01:00",
			"last_success": "0001-01-01T00:00:00Z",
			"last_ban_time": "0001-01-01T00:00:00Z"
		},
		{
			"addr": {
				"id": "4339f157c6f0ab15a49d403f3c1ee827e5e06eed",
				"ip": "74.235.156.165",
				"port": 27656
			},
			"src": {
				"id": "00c031b6c1aaf3557618c9af37455fe67b7fff9c",
				"ip": "0.0.0.0",
				"port": 15656
			},
			"buckets": [
				181,
				118
			],
			"attempts": 0,
			"bucket_type": 1,
			"last_attempt": "2023-03-16T04:53:59.169933476+01:00",
			"last_success": "0001-01-01T00:00:00Z",
			"last_ban_time": "0001-01-01T00:00:00Z"
		},
		{
			"addr": {
				"id": "fcd5d89a04829155d4323c2edce17a55d6c309ce",
				"ip": "217.76.49.179",
				"port": 26656
			},
			"src": {
				"id": "00c031b6c1aaf3557618c9af37455fe67b7fff9c",
				"ip": "0.0.0.0",
				"port": 15656
			},
			"buckets": [
				3,
				42,
				211
			],
			"attempts": 4,
			"bucket_type": 1,
			"last_attempt": "2023-03-16T05:18:59.154095758+01:00",
			"last_success": "0001-01-01T00:00:00Z",
			"last_ban_time": "0001-01-01T00:00:00Z"
		},
		{
			"addr": {
				"id": "04f9bad9b3b5c657dc7c11b341074028fb2faf2c",
				"ip": "203.23.128.181",
				"port": 26656
			},
			"src": {
				"id": "59cef823c1a426f15eb9e688287cd1bc2b6ea42d",
				"ip": "0.0.0.0",
				"port": 26656
			},
			"buckets": [
				190,
				70,
				217,
				111
			],
			"attempts": 1,
			"bucket_type": 1,
			"last_attempt": "2023-03-16T05:35:52.530512635+01:00",
			"last_success": "0001-01-01T00:00:00Z",
			"last_ban_time": "0001-01-01T00:00:00Z"
		},
		{
			"addr": {
				"id": "97c786fdcbee9274e6389d309db973a6a4e992df",
				"ip": "159.223.18.80",
				"port": 26656
			},
			"src": {
				"id": "59cef823c1a426f15eb9e688287cd1bc2b6ea42d",
				"ip": "0.0.0.0",
				"port": 26656
			},
			"buckets": [
				127,
				58,
				135
			],
			"attempts": 2,
			"bucket_type": 1,
			"last_attempt": "2023-03-16T05:33:23.324166757+01:00",
			"last_success": "0001-01-01T00:00:00Z",
			"last_ban_time": "0001-01-01T00:00:00Z"
		},
		{
			"addr": {
				"id": "f551a6996b82111fcd050493cc360b3e4eb6d23c",
				"ip": "143.198.198.2",
				"port": 49656
			},
			"src": {
				"id": "00c031b6c1aaf3557618c9af37455fe67b7fff9c",
				"ip": "0.0.0.0",
				"port": 15656
			},
			"buckets": [
				38,
				65,
				72,
				110
			],
			"attempts": 2,
			"bucket_type": 1,
			"last_attempt": "2023-03-16T05:39:52.865186088+01:00",
			"last_success": "0001-01-01T00:00:00Z",
			"last_ban_time": "0001-01-01T00:00:00Z"
		},
		{
			"addr": {
				"id": "651a0314b0563c187691a4ff7e715b8dfb32eaa6",
				"ip": "64.226.71.203",
				"port": 26656
			},
			"src": {
				"id": "00c031b6c1aaf3557618c9af37455fe67b7fff9c",
				"ip": "0.0.0.0",
				"port": 15656
			},
			"buckets": [
				41,
				213,
				172
			],
			"attempts": 2,
			"bucket_type": 1,
			"last_attempt": "2023-03-16T05:43:52.335067314+01:00",
			"last_success": "0001-01-01T00:00:00Z",
			"last_ban_time": "0001-01-01T00:00:00Z"
		},
		{
			"addr": {
				"id": "841ae6ca44f1d51076c75ed3753e429775cb2ad9",
				"ip": "134.209.76.124",
				"port": 26656
			},
			"src": {
				"id": "00c031b6c1aaf3557618c9af37455fe67b7fff9c",
				"ip": "0.0.0.0",
				"port": 15656
			},
			"buckets": [
				74,
				132,
				146
			],
			"attempts": 0,
			"bucket_type": 1,
			"last_attempt": "2023-03-16T04:52:59.369046252+01:00",
			"last_success": "0001-01-01T00:00:00Z",
			"last_ban_time": "0001-01-01T00:00:00Z"
		},
		{
			"addr": {
				"id": "8028ba794ab03b98518cf0e3a76256dd4c82ff11",
				"ip": "138.201.248.108",
				"port": 49656
			},
			"src": {
				"id": "c9b8e6019f398935cbda6f85a915447e67aac802",
				"ip": "0.0.0.0",
				"port": 49656
			},
			"buckets": [
				12,
				131
			],
			"attempts": 4,
			"bucket_type": 1,
			"last_attempt": "2023-03-16T05:40:52.332821492+01:00",
			"last_success": "0001-01-01T00:00:00Z",
			"last_ban_time": "0001-01-01T00:00:00Z"
		},
		{
			"addr": {
				"id": "251fea57f94591330b7dca20d6f93a2f15434419",
				"ip": "113.177.5.231",
				"port": 26656
			},
			"src": {
				"id": "1ed54d64859edbfe8109155c0cf6bdb04e592cb6",
				"ip": "0.0.0.0",
				"port": 65528
			},
			"buckets": [
				190,
				198,
				177,
				243
			],
			"attempts": 2,
			"bucket_type": 1,
			"last_attempt": "2023-03-16T05:46:53.323436667+01:00",
			"last_success": "0001-01-01T00:00:00Z",
			"last_ban_time": "0001-01-01T00:00:00Z"
		},
		{
			"addr": {
				"id": "c1bfcf3265bb86688b121b503300bcada1f4937a",
				"ip": "159.223.18.80",
				"port": 26656
			},
			"src": {
				"id": "59cef823c1a426f15eb9e688287cd1bc2b6ea42d",
				"ip": "0.0.0.0",
				"port": 26656
			},
			"buckets": [
				127,
				124
			],
			"attempts": 0,
			"bucket_type": 1,
			"last_attempt": "2023-03-16T04:51:29.890302825+01:00",
			"last_success": "0001-01-01T00:00:00Z",
			"last_ban_time": "0001-01-01T00:00:00Z"
		},
		{
			"addr": {
				"id": "a5261e9fba12d7a59cd1d4515a449e705734c39b",
				"ip": "46.101.144.90",
				"port": 27656
			},
			"src": {
				"id": "00c031b6c1aaf3557618c9af37455fe67b7fff9c",
				"ip": "0.0.0.0",
				"port": 15656
			},
			"buckets": [
				34,
				65,
				212
			],
			"attempts": 0,
			"bucket_type": 1,
			"last_attempt": "2023-03-16T04:53:59.169928767+01:00",
			"last_success": "0001-01-01T00:00:00Z",
			"last_ban_time": "0001-01-01T00:00:00Z"
		},
		{
			"addr": {
				"id": "5f0fd4bae47a933f2b87eb52f4f093a95cbd7dd3",
				"ip": "195.201.83.242",
				"port": 18656
			},
			"src": {
				"id": "1ed54d64859edbfe8109155c0cf6bdb04e592cb6",
				"ip": "0.0.0.0",
				"port": 65528
			},
			"buckets": [
				36,
				252,
				229
			],
			"attempts": 4,
			"bucket_type": 1,
			"last_attempt": "2023-03-16T05:28:59.14059694+01:00",
			"last_success": "0001-01-01T00:00:00Z",
			"last_ban_time": "0001-01-01T00:00:00Z"
		},
		{
			"addr": {
				"id": "9248e2c9d075f095ea2ada4cd86294f946d8678e",
				"ip": "149.102.129.76",
				"port": 26656
			},
			"src": {
				"id": "1ed54d64859edbfe8109155c0cf6bdb04e592cb6",
				"ip": "0.0.0.0",
				"port": 65528
			},
			"buckets": [
				222,
				70,
				51,
				104
			],
			"attempts": 8,
			"bucket_type": 1,
			"last_attempt": "2023-03-16T05:47:22.351387021+01:00",
			"last_success": "0001-01-01T00:00:00Z",
			"last_ban_time": "0001-01-01T00:00:00Z"
		},
		{
			"addr": {
				"id": "229c3aa33bf5210756816a00b5525a612e0dc99e",
				"ip": "113.161.144.108",
				"port": 26656
			},
			"src": {
				"id": "5bf4920fac1647e12a24c0ae5af4b3ca19db2bb2",
				"ip": "57.128.86.7",
				"port": 26656
			},
			"buckets": [
				228,
				41,
				225,
				97
			],
			"attempts": 2,
			"bucket_type": 1,
			"last_attempt": "2023-03-16T05:43:23.322782436+01:00",
			"last_success": "0001-01-01T00:00:00Z",
			"last_ban_time": "0001-01-01T00:00:00Z"
		},
		{
			"addr": {
				"id": "6597c93ed83a0b9860838be324959452462dae48",
				"ip": "134.209.21.58",
				"port": 20656
			},
			"src": {
				"id": "00c031b6c1aaf3557618c9af37455fe67b7fff9c",
				"ip": "0.0.0.0",
				"port": 15656
			},
			"buckets": [
				74,
				132,
				146,
				123
			],
			"attempts": 1,
			"bucket_type": 1,
			"last_attempt": "2023-03-16T05:43:52.344039296+01:00",
			"last_success": "0001-01-01T00:00:00Z",
			"last_ban_time": "0001-01-01T00:00:00Z"
		},
		{
			"addr": {
				"id": "18bd77a58bea85dce428e2bc0cd1eed461947d1c",
				"ip": "89.163.215.6",
				"port": 55656
			},
			"src": {
				"id": "1ed54d64859edbfe8109155c0cf6bdb04e592cb6",
				"ip": "0.0.0.0",
				"port": 65528
			},
			"buckets": [
				202,
				147,
				27,
				135
			],
			"attempts": 6,
			"bucket_type": 1,
			"last_attempt": "2023-03-16T05:38:22.330951483+01:00",
			"last_success": "0001-01-01T00:00:00Z",
			"last_ban_time": "0001-01-01T00:00:00Z"
		},
		{
			"addr": {
				"id": "04364210591838fa6ebdfd2ea59a6e4e5dbde1c3",
				"ip": "159.223.77.250",
				"port": 20656
			},
			"src": {
				"id": "59cef823c1a426f15eb9e688287cd1bc2b6ea42d",
				"ip": "0.0.0.0",
				"port": 26656
			},
			"buckets": [
				127,
				135,
				124
			],
			"attempts": 2,
			"bucket_type": 1,
			"last_attempt": "2023-03-16T05:33:22.813976317+01:00",
			"last_success": "0001-01-01T00:00:00Z",
			"last_ban_time": "0001-01-01T00:00:00Z"
		},
		{
			"addr": {
				"id": "e926078d739912b6c843503c13168dee2af6a207",
				"ip": "45.14.194.30",
				"port": 26656
			},
			"src": {
				"id": "59cef823c1a426f15eb9e688287cd1bc2b6ea42d",
				"ip": "0.0.0.0",
				"port": 26656
			},
			"buckets": [
				224,
				154,
				243
			],
			"attempts": 3,
			"bucket_type": 1,
			"last_attempt": "2023-03-16T05:47:22.342946387+01:00",
			"last_success": "0001-01-01T00:00:00Z",
			"last_ban_time": "0001-01-01T00:00:00Z"
		},
		{
			"addr": {
				"id": "063ddedc8c2498e94b337263e7b54187fa90bba1",
				"ip": "42.118.110.118",
				"port": 26656
			},
			"src": {
				"id": "00c031b6c1aaf3557618c9af37455fe67b7fff9c",
				"ip": "0.0.0.0",
				"port": 15656
			},
			"buckets": [
				46,
				132,
				178
			],
			"attempts": 2,
			"bucket_type": 1,
			"last_attempt": "2023-03-16T04:56:00.138522994+01:00",
			"last_success": "0001-01-01T00:00:00Z",
			"last_ban_time": "0001-01-01T00:00:00Z"
		},
		{
			"addr": {
				"id": "22f6a6f2c163101f6b577300e38080d5dea111a6",
				"ip": "34.106.73.81",
				"port": 26656
			},
			"src": {
				"id": "00c031b6c1aaf3557618c9af37455fe67b7fff9c",
				"ip": "0.0.0.0",
				"port": 15656
			},
			"buckets": [
				224,
				42,
				9
			],
			"attempts": 1,
			"bucket_type": 1,
			"last_attempt": "2023-03-16T05:01:30.140339773+01:00",
			"last_success": "0001-01-01T00:00:00Z",
			"last_ban_time": "0001-01-01T00:00:00Z"
		},
		{
			"addr": {
				"id": "557c49ddc6c98e5c5ac6030a93451ad5fcd54e34",
				"ip": "164.90.147.133",
				"port": 20656
			},
			"src": {
				"id": "c9b8e6019f398935cbda6f85a915447e67aac802",
				"ip": "0.0.0.0",
				"port": 49656
			},
			"buckets": [
				43,
				95,
				97,
				72
			],
			"attempts": 2,
			"bucket_type": 1,
			"last_attempt": "2023-03-16T05:42:55.484443188+01:00",
			"last_success": "0001-01-01T00:00:00Z",
			"last_ban_time": "0001-01-01T00:00:00Z"
		},
		{
			"addr": {
				"id": "9fbe22df83c81bbe26e87cced299d29f418e03a5",
				"ip": "157.90.226.166",
				"port": 26656
			},
			"src": {
				"id": "00c031b6c1aaf3557618c9af37455fe67b7fff9c",
				"ip": "0.0.0.0",
				"port": 15656
			},
			"buckets": [
				65,
				94,
				178
			],
			"attempts": 2,
			"bucket_type": 1,
			"last_attempt": "2023-03-16T05:37:23.323068672+01:00",
			"last_success": "0001-01-01T00:00:00Z",
			"last_ban_time": "0001-01-01T00:00:00Z"
		},
		{
			"addr": {
				"id": "dc3f2575d1ec7db2c22cab576018444cad896e5d",
				"ip": "104.248.45.158",
				"port": 24556
			},
			"src": {
				"id": "59cef823c1a426f15eb9e688287cd1bc2b6ea42d",
				"ip": "0.0.0.0",
				"port": 26656
			},
			"buckets": [
				246,
				26,
				135
			],
			"attempts": 4,
			"bucket_type": 1,
			"last_attempt": "2023-03-16T05:29:29.150208158+01:00",
			"last_success": "0001-01-01T00:00:00Z",
			"last_ban_time": "0001-01-01T00:00:00Z"
		},
		{
			"addr": {
				"id": "4823f49a75b4cec46e4411a3acd9e4ef55547485",
				"ip": "157.90.226.166",
				"port": 26656
			},
			"src": {
				"id": "1ed54d64859edbfe8109155c0cf6bdb04e592cb6",
				"ip": "0.0.0.0",
				"port": 65528
			},
			"buckets": [
				65,
				58,
				178,
				94
			],
			"attempts": 1,
			"bucket_type": 1,
			"last_attempt": "2023-03-16T05:21:00.138547917+01:00",
			"last_success": "0001-01-01T00:00:00Z",
			"last_ban_time": "0001-01-01T00:00:00Z"
		},
		{
			"addr": {
				"id": "3da97cfdc72da7f3fcf4c62171fcbed421397785",
				"ip": "130.185.119.243",
				"port": 49656
			},
			"src": {
				"id": "00c031b6c1aaf3557618c9af37455fe67b7fff9c",
				"ip": "0.0.0.0",
				"port": 15656
			},
			"buckets": [
				117,
				212,
				208,
				205
			],
			"attempts": 3,
			"bucket_type": 1,
			"last_attempt": "2023-03-16T05:45:55.331030205+01:00",
			"last_success": "0001-01-01T00:00:00Z",
			"last_ban_time": "0001-01-01T00:00:00Z"
		},
		{
			"addr": {
				"id": "3369d58ada8a5457c35b6710f2bd5216b863993f",
				"ip": "34.106.73.81",
				"port": 26656
			},
			"src": {
				"id": "00c031b6c1aaf3557618c9af37455fe67b7fff9c",
				"ip": "0.0.0.0",
				"port": 15656
			},
			"buckets": [
				224,
				42,
				176
			],
			"attempts": 1,
			"bucket_type": 1,
			"last_attempt": "2023-03-16T05:05:30.13833941+01:00",
			"last_success": "0001-01-01T00:00:00Z",
			"last_ban_time": "0001-01-01T00:00:00Z"
		},
		{
			"addr": {
				"id": "c404db1d8b6fa556de02b1ae8b3634dcb1141cc3",
				"ip": "65.21.134.250",
				"port": 18656
			},
			"src": {
				"id": "00c031b6c1aaf3557618c9af37455fe67b7fff9c",
				"ip": "0.0.0.0",
				"port": 15656
			},
			"buckets": [
				117,
				169,
				136,
				14
			],
			"attempts": 0,
			"bucket_type": 1,
			"last_attempt": "2023-03-16T04:52:59.368959385+01:00",
			"last_success": "0001-01-01T00:00:00Z",
			"last_ban_time": "0001-01-01T00:00:00Z"
		},
		{
			"addr": {
				"id": "8c6201e793348d8f89dedcae6df3cd36198477fd",
				"ip": "94.46.187.220",
				"port": 26656
			},
			"src": {
				"id": "1ed54d64859edbfe8109155c0cf6bdb04e592cb6",
				"ip": "0.0.0.0",
				"port": 65528
			},
			"buckets": [
				41,
				174,
				49,
				237
			],
			"attempts": 1,
			"bucket_type": 1,
			"last_attempt": "2023-03-16T05:33:52.399461021+01:00",
			"last_success": "0001-01-01T00:00:00Z",
			"last_ban_time": "0001-01-01T00:00:00Z"
		},
		{
			"addr": {
				"id": "a90270285dda885030a67d530e32ecf9db33e491",
				"ip": "34.155.84.251",
				"port": 20656
			},
			"src": {
				"id": "59cef823c1a426f15eb9e688287cd1bc2b6ea42d",
				"ip": "0.0.0.0",
				"port": 26656
			},
			"buckets": [
				176,
				36
			],
			"attempts": 3,
			"bucket_type": 1,
			"last_attempt": "2023-03-16T05:32:53.323218981+01:00",
			"last_success": "0001-01-01T00:00:00Z",
			"last_ban_time": "0001-01-01T00:00:00Z"
		},
		{
			"addr": {
				"id": "032332227746b068b58e8028c2177cd2a29348d6",
				"ip": "89.58.45.204",
				"port": 60656
			},
			"src": {
				"id": "00c031b6c1aaf3557618c9af37455fe67b7fff9c",
				"ip": "0.0.0.0",
				"port": 15656
			},
			"buckets": [
				46,
				39
			],
			"attempts": 0,
			"bucket_type": 1,
			"last_attempt": "2023-03-16T04:53:29.328366735+01:00",
			"last_success": "0001-01-01T00:00:00Z",
			"last_ban_time": "0001-01-01T00:00:00Z"
		},
		{
			"addr": {
				"id": "a4a02db4e2753ebb13a77eb53531d87e566cae7b",
				"ip": "27.71.128.102",
				"port": 26656
			},
			"src": {
				"id": "00c031b6c1aaf3557618c9af37455fe67b7fff9c",
				"ip": "0.0.0.0",
				"port": 15656
			},
			"buckets": [
				209,
				242,
				135
			],
			"attempts": 1,
			"bucket_type": 1,
			"last_attempt": "2023-03-16T05:38:53.323119555+01:00",
			"last_success": "0001-01-01T00:00:00Z",
			"last_ban_time": "0001-01-01T00:00:00Z"
		},
		{
			"addr": {
				"id": "8631d6d74cf6ad0906ab3602606ad64ae920a9a9",
				"ip": "174.138.22.160",
				"port": 26656
			},
			"src": {
				"id": "00c031b6c1aaf3557618c9af37455fe67b7fff9c",
				"ip": "0.0.0.0",
				"port": 15656
			},
			"buckets": [
				41,
				198,
				160
			],
			"attempts": 2,
			"bucket_type": 1,
			"last_attempt": "2023-03-16T05:24:29.647373191+01:00",
			"last_success": "0001-01-01T00:00:00Z",
			"last_ban_time": "0001-01-01T00:00:00Z"
		},
		{
			"addr": {
				"id": "ac3e7d132b2fac1e13887d4af129ec1998bbebee",
				"ip": "66.225.243.53",
				"port": 10656
			},
			"src": {
				"id": "59cef823c1a426f15eb9e688287cd1bc2b6ea42d",
				"ip": "0.0.0.0",
				"port": 26656
			},
			"buckets": [
				209,
				29,
				213
			],
			"attempts": 3,
			"bucket_type": 1,
			"last_attempt": "2023-03-16T05:11:00.138020013+01:00",
			"last_success": "0001-01-01T00:00:00Z",
			"last_ban_time": "0001-01-01T00:00:00Z"
		},
		{
			"addr": {
				"id": "00c031b6c1aaf3557618c9af37455fe67b7fff9c",
				"ip": "185.188.249.18",
				"port": 15656
			},
			"src": {
				"id": "59cef823c1a426f15eb9e688287cd1bc2b6ea42d",
				"ip": "0.0.0.0",
				"port": 26656
			},
			"buckets": [
				202,
				147,
				210,
				37
			],
			"attempts": 0,
			"bucket_type": 1,
			"last_attempt": "2023-03-16T04:51:29.890361798+01:00",
			"last_success": "0001-01-01T00:00:00Z",
			"last_ban_time": "0001-01-01T00:00:00Z"
		},
		{
			"addr": {
				"id": "d53118a48bfd3be582f9ffb4b6fefb5af3d31cac",
				"ip": "116.203.226.63",
				"port": 26656
			},
			"src": {
				"id": "1ed54d64859edbfe8109155c0cf6bdb04e592cb6",
				"ip": "0.0.0.0",
				"port": 65528
			},
			"buckets": [
				46,
				160,
				221,
				117
			],
			"attempts": 4,
			"bucket_type": 1,
			"last_attempt": "2023-03-16T05:45:23.323495589+01:00",
			"last_success": "0001-01-01T00:00:00Z",
			"last_ban_time": "0001-01-01T00:00:00Z"
		},
		{
			"addr": {
				"id": "658f473c2399f87c5e5ff4d329c8c53ae9f399e0",
				"ip": "46.101.232.154",
				"port": 26656
			},
			"src": {
				"id": "00c031b6c1aaf3557618c9af37455fe67b7fff9c",
				"ip": "0.0.0.0",
				"port": 15656
			},
			"buckets": [
				34,
				65,
				171
			],
			"attempts": 3,
			"bucket_type": 1,
			"last_attempt": "2023-03-16T05:32:52.343861384+01:00",
			"last_success": "0001-01-01T00:00:00Z",
			"last_ban_time": "0001-01-01T00:00:00Z"
		},
		{
			"addr": {
				"id": "246cc78521623c45b1a778cdf02596befa3083b2",
				"ip": "208.167.245.19",
				"port": 26656
			},
			"src": {
				"id": "00c031b6c1aaf3557618c9af37455fe67b7fff9c",
				"ip": "0.0.0.0",
				"port": 15656
			},
			"buckets": [
				41,
				42,
				72
			],
			"attempts": 3,
			"bucket_type": 1,
			"last_attempt": "2023-03-16T05:39:53.324071898+01:00",
			"last_success": "0001-01-01T00:00:00Z",
			"last_ban_time": "0001-01-01T00:00:00Z"
		},
		{
			"addr": {
				"id": "536ed23e7e75b3173da835995eec36be4b25dbc3",
				"ip": "194.233.73.34",
				"port": 49656
			},
			"src": {
				"id": "59cef823c1a426f15eb9e688287cd1bc2b6ea42d",
				"ip": "0.0.0.0",
				"port": 26656
			},
			"buckets": [
				33,
				209,
				50,
				44
			],
			"attempts": 3,
			"bucket_type": 1,
			"last_attempt": "2023-03-16T05:09:29.639458438+01:00",
			"last_success": "0001-01-01T00:00:00Z",
			"last_ban_time": "0001-01-01T00:00:00Z"
		},
		{
			"addr": {
				"id": "4da7c64f87eea7860dd49c6ba1e6a9168ed4203e",
				"ip": "78.107.234.44",
				"port": 26656
			},
			"src": {
				"id": "00c031b6c1aaf3557618c9af37455fe67b7fff9c",
				"ip": "0.0.0.0",
				"port": 15656
			},
			"buckets": [
				26,
				42,
				247
			],
			"attempts": 4,
			"bucket_type": 1,
			"last_attempt": "2023-03-16T05:14:29.19287925+01:00",
			"last_success": "0001-01-01T00:00:00Z",
			"last_ban_time": "0001-01-01T00:00:00Z"
		},
		{
			"addr": {
				"id": "7075469d8ed68a423e065b67bcde29b6ca4266fd",
				"ip": "142.132.248.253",
				"port": 65528
			},
			"src": {
				"id": "00c031b6c1aaf3557618c9af37455fe67b7fff9c",
				"ip": "0.0.0.0",
				"port": 15656
			},
			"buckets": [
				176,
				14,
				243
			],
			"attempts": 1,
			"bucket_type": 1,
			"last_attempt": "2023-03-16T04:53:29.146268936+01:00",
			"last_success": "0001-01-01T00:00:00Z",
			"last_ban_time": "0001-01-01T00:00:00Z"
		},
		{
			"addr": {
				"id": "f64f50dd41caf5f05ee1d567ead0a46feb4dec50",
				"ip": "164.92.173.124",
				"port": 26656
			},
			"src": {
				"id": "1ed54d64859edbfe8109155c0cf6bdb04e592cb6",
				"ip": "0.0.0.0",
				"port": 65528
			},
			"buckets": [
				34,
				131
			],
			"attempts": 0,
			"bucket_type": 1,
			"last_attempt": "2023-03-16T04:58:59.150318886+01:00",
			"last_success": "0001-01-01T00:00:00Z",
			"last_ban_time": "0001-01-01T00:00:00Z"
		},
		{
			"addr": {
				"id": "6e758bb3fccde938be222d98fb2c95330dfdfe04",
				"ip": "87.246.173.248",
				"port": 26656
			},
			"src": {
				"id": "00c031b6c1aaf3557618c9af37455fe67b7fff9c",
				"ip": "0.0.0.0",
				"port": 15656
			},
			"buckets": [
				181,
				191,
				131
			],
			"attempts": 3,
			"bucket_type": 1,
			"last_attempt": "2023-03-16T05:32:23.319098018+01:00",
			"last_success": "0001-01-01T00:00:00Z",
			"last_ban_time": "0001-01-01T00:00:00Z"
		},
		{
			"addr": {
				"id": "627d0c6e30676a0b4bdb73a324b1eb3a08e5cc45",
				"ip": "137.184.197.65",
				"port": 26656
			},
			"src": {
				"id": "59cef823c1a426f15eb9e688287cd1bc2b6ea42d",
				"ip": "0.0.0.0",
				"port": 26656
			},
			"buckets": [
				46,
				154,
				147
			],
			"attempts": 2,
			"bucket_type": 1,
			"last_attempt": "2023-03-16T05:44:22.604798167+01:00",
			"last_success": "0001-01-01T00:00:00Z",
			"last_ban_time": "0001-01-01T00:00:00Z"
		},
		{
			"addr": {
				"id": "1ed54d64859edbfe8109155c0cf6bdb04e592cb6",
				"ip": "142.132.248.253",
				"port": 65528
			},
			"src": {
				"id": "00c031b6c1aaf3557618c9af37455fe67b7fff9c",
				"ip": "0.0.0.0",
				"port": 15656
			},
			"buckets": [
				176,
				14,
				243
			],
			"attempts": 0,
			"bucket_type": 1,
			"last_attempt": "2023-03-16T04:53:29.328376773+01:00",
			"last_success": "0001-01-01T00:00:00Z",
			"last_ban_time": "0001-01-01T00:00:00Z"
		},
		{
			"addr": {
				"id": "b67aa6a7fe148c98575b80289bdef931813ed63d",
				"ip": "185.217.127.138",
				"port": 49656
			},
			"src": {
				"id": "1ed54d64859edbfe8109155c0cf6bdb04e592cb6",
				"ip": "0.0.0.0",
				"port": 65528
			},
			"buckets": [
				12,
				95,
				212
			],
			"attempts": 1,
			"bucket_type": 1,
			"last_attempt": "2023-03-16T05:37:25.33056832+01:00",
			"last_success": "0001-01-01T00:00:00Z",
			"last_ban_time": "0001-01-01T00:00:00Z"
		},
		{
			"addr": {
				"id": "a76917f23b26c7c4918104d0e06a24c28f9077bd",
				"ip": "5.161.50.28",
				"port": 26656
			},
			"src": {
				"id": "1ed54d64859edbfe8109155c0cf6bdb04e592cb6",
				"ip": "0.0.0.0",
				"port": 65528
			},
			"buckets": [
				38,
				228,
				209,
				24
			],
			"attempts": 3,
			"bucket_type": 1,
			"last_attempt": "2023-03-16T05:33:52.417166138+01:00",
			"last_success": "0001-01-01T00:00:00Z",
			"last_ban_time": "0001-01-01T00:00:00Z"
		},
		{
			"addr": {
				"id": "c5cad37c5b221088a78a3d5bd66e8db4b2672a30",
				"ip": "144.126.148.198",
				"port": 26656
			},
			"src": {
				"id": "00c031b6c1aaf3557618c9af37455fe67b7fff9c",
				"ip": "0.0.0.0",
				"port": 15656
			},
			"buckets": [
				180,
				29,
				228,
				15
			],
			"attempts": 4,
			"bucket_type": 1,
			"last_attempt": "2023-03-16T05:23:59.422592445+01:00",
			"last_success": "0001-01-01T00:00:00Z",
			"last_ban_time": "0001-01-01T00:00:00Z"
		},
		{
			"addr": {
				"id": "468db17f7fc0a3f87b72b4949a3ad9c0e6ecd1c9",
				"ip": "94.16.117.238",
				"port": 26656
			},
			"src": {
				"id": "c9b8e6019f398935cbda6f85a915447e67aac802",
				"ip": "0.0.0.0",
				"port": 49656
			},
			"buckets": [
				38,
				29,
				213,
				90
			],
			"attempts": 2,
			"bucket_type": 1,
			"last_attempt": "2023-03-16T05:44:55.323625756+01:00",
			"last_success": "0001-01-01T00:00:00Z",
			"last_ban_time": "0001-01-01T00:00:00Z"
		},
		{
			"addr": {
				"id": "195af5406fabfcf1011056887d9afc82aee82f62",
				"ip": "104.248.63.18",
				"port": 10656
			},
			"src": {
				"id": "59cef823c1a426f15eb9e688287cd1bc2b6ea42d",
				"ip": "0.0.0.0",
				"port": 26656
			},
			"buckets": [
				246,
				135,
				0
			],
			"attempts": 2,
			"bucket_type": 1,
			"last_attempt": "2023-03-16T04:52:29.415482498+01:00",
			"last_success": "0001-01-01T00:00:00Z",
			"last_ban_time": "0001-01-01T00:00:00Z"
		},
		{
			"addr": {
				"id": "d5519e378247dfb61dfe90652d1fe3e2b3005a5b",
				"ip": "65.109.68.190",
				"port": 49656
			},
			"src": {
				"id": "59cef823c1a426f15eb9e688287cd1bc2b6ea42d",
				"ip": "0.0.0.0",
				"port": 26656
			},
			"buckets": [
				117,
				71,
				69
			],
			"attempts": 1,
			"bucket_type": 1,
			"last_attempt": "2023-03-16T05:40:22.35875119+01:00",
			"last_success": "0001-01-01T00:00:00Z",
			"last_ban_time": "0001-01-01T00:00:00Z"
		},
		{
			"addr": {
				"id": "0d9a4d351e9e88362f39bc50d7e12900d534dc47",
				"ip": "134.209.104.239",
				"port": 27656
			},
			"src": {
				"id": "1ed54d64859edbfe8109155c0cf6bdb04e592cb6",
				"ip": "0.0.0.0",
				"port": 65528
			},
			"buckets": [
				74,
				132,
				123,
				146
			],
			"attempts": 4,
			"bucket_type": 1,
			"last_attempt": "2023-03-16T05:39:52.835255716+01:00",
			"last_success": "0001-01-01T00:00:00Z",
			"last_ban_time": "0001-01-01T00:00:00Z"
		},
		{
			"addr": {
				"id": "31a7e4c42a765821aea41f1b09bb50181c4415a1",
				"ip": "65.108.149.17",
				"port": 27656
			},
			"src": {
				"id": "1ed54d64859edbfe8109155c0cf6bdb04e592cb6",
				"ip": "0.0.0.0",
				"port": 65528
			},
			"buckets": [
				202,
				17,
				213,
				229
			],
			"attempts": 0,
			"bucket_type": 1,
			"last_attempt": "2023-03-16T04:55:29.317454306+01:00",
			"last_success": "0001-01-01T00:00:00Z",
			"last_ban_time": "0001-01-01T00:00:00Z"
		},
		{
			"addr": {
				"id": "266d8a31a1cecf8d2f673e4cb65ea736173428e9",
				"ip": "165.22.76.250",
				"port": 20656
			},
			"src": {
				"id": "00c031b6c1aaf3557618c9af37455fe67b7fff9c",
				"ip": "0.0.0.0",
				"port": 15656
			},
			"buckets": [
				17,
				26
			],
			"attempts": 4,
			"bucket_type": 1,
			"last_attempt": "2023-03-16T05:36:52.335084308+01:00",
			"last_success": "0001-01-01T00:00:00Z",
			"last_ban_time": "0001-01-01T00:00:00Z"
		},
		{
			"addr": {
				"id": "b9bec1902b4817dc07952078512fdb8fe0306bc4",
				"ip": "89.58.45.204",
				"port": 60656
			},
			"src": {
				"id": "00c031b6c1aaf3557618c9af37455fe67b7fff9c",
				"ip": "0.0.0.0",
				"port": 15656
			},
			"buckets": [
				46,
				118,
				39
			],
			"attempts": 1,
			"bucket_type": 1,
			"last_attempt": "2023-03-16T04:55:29.139544132+01:00",
			"last_success": "0001-01-01T00:00:00Z",
			"last_ban_time": "0001-01-01T00:00:00Z"
		},
		{
			"addr": {
				"id": "9943703d74b9ce0fa43e45dd3a96f40141131b48",
				"ip": "213.239.216.252",
				"port": 49656
			},
			"src": {
				"id": "1ed54d64859edbfe8109155c0cf6bdb04e592cb6",
				"ip": "0.0.0.0",
				"port": 65528
			},
			"buckets": [
				79,
				132,
				131
			],
			"attempts": 2,
			"bucket_type": 1,
			"last_attempt": "2023-03-16T05:36:52.325106665+01:00",
			"last_success": "0001-01-01T00:00:00Z",
			"last_ban_time": "0001-01-01T00:00:00Z"
		},
		{
			"addr": {
				"id": "c687c876e6eda38aae8bf37f0105d78d9e8e28bd",
				"ip": "144.91.66.143",
				"port": 31656
			},
			"src": {
				"id": "1ed54d64859edbfe8109155c0cf6bdb04e592cb6",
				"ip": "0.0.0.0",
				"port": 65528
			},
			"buckets": [
				79,
				118,
				42,
				14
			],
			"attempts": 1,
			"bucket_type": 1,
			"last_attempt": "2023-03-16T05:33:22.330717967+01:00",
			"last_success": "0001-01-01T00:00:00Z",
			"last_ban_time": "0001-01-01T00:00:00Z"
		},
		{
			"addr": {
				"id": "8167fbcc27bbf431f36b9a980c7ec57803502f2e",
				"ip": "206.189.81.5",
				"port": 20656
			},
			"src": {
				"id": "00c031b6c1aaf3557618c9af37455fe67b7fff9c",
				"ip": "0.0.0.0",
				"port": 15656
			},
			"buckets": [
				43,
				251,
				174,
				151
			],
			"attempts": 3,
			"bucket_type": 1,
			"last_attempt": "2023-03-16T05:19:29.668801299+01:00",
			"last_success": "0001-01-01T00:00:00Z",
			"last_ban_time": "0001-01-01T00:00:00Z"
		},
		{
			"addr": {
				"id": "654e8d7599990d6ed7ce26296854bafb114ef2ff",
				"ip": "45.155.164.37",
				"port": 27656
			},
			"src": {
				"id": "c9b8e6019f398935cbda6f85a915447e67aac802",
				"ip": "0.0.0.0",
				"port": 49656
			},
			"buckets": [
				79,
				77,
				118,
				72
			],
			"attempts": 2,
			"bucket_type": 1,
			"last_attempt": "2023-03-16T05:35:53.323118872+01:00",
			"last_success": "0001-01-01T00:00:00Z",
			"last_ban_time": "0001-01-01T00:00:00Z"
		},
		{
			"addr": {
				"id": "e81848f87aea44ec6fc53155a0818165ed4ce6f3",
				"ip": "164.92.80.34",
				"port": 24556
			},
			"src": {
				"id": "1ed54d64859edbfe8109155c0cf6bdb04e592cb6",
				"ip": "0.0.0.0",
				"port": 65528
			},
			"buckets": [
				34,
				160,
				131
			],
			"attempts": 2,
			"bucket_type": 1,
			"last_attempt": "2023-03-16T05:33:23.324056707+01:00",
			"last_success": "0001-01-01T00:00:00Z",
			"last_ban_time": "0001-01-01T00:00:00Z"
		},
		{
			"addr": {
				"id": "bd39c2d10d1f11881d1baca9caa25f721a36ce97",
				"ip": "65.109.92.148",
				"port": 26656
			},
			"src": {
				"id": "00c031b6c1aaf3557618c9af37455fe67b7fff9c",
				"ip": "0.0.0.0",
				"port": 15656
			},
			"buckets": [
				117,
				58,
				0
			],
			"attempts": 1,
			"bucket_type": 1,
			"last_attempt": "2023-03-16T05:38:23.324560191+01:00",
			"last_success": "0001-01-01T00:00:00Z",
			"last_ban_time": "0001-01-01T00:00:00Z"
		},
		{
			"addr": {
				"id": "72a2bbeb32621600de4b2a6ed42b11bf3be1105c",
				"ip": "146.190.40.115",
				"port": 20656
			},
			"src": {
				"id": "59cef823c1a426f15eb9e688287cd1bc2b6ea42d",
				"ip": "0.0.0.0",
				"port": 26656
			},
			"buckets": [
				36,
				178
			],
			"attempts": 4,
			"bucket_type": 1,
			"last_attempt": "2023-03-16T05:21:32.298648612+01:00",
			"last_success": "0001-01-01T00:00:00Z",
			"last_ban_time": "0001-01-01T00:00:00Z"
		},
		{
			"addr": {
				"id": "3535b3f6181b8ba413cd9391515b9840aafc4b2a",
				"ip": "142.132.194.157",
				"port": 26256
			},
			"src": {
				"id": "59cef823c1a426f15eb9e688287cd1bc2b6ea42d",
				"ip": "0.0.0.0",
				"port": 26656
			},
			"buckets": [
				176,
				14,
				243
			],
			"attempts": 3,
			"bucket_type": 1,
			"last_attempt": "2023-03-16T04:56:29.141367845+01:00",
			"last_success": "0001-01-01T00:00:00Z",
			"last_ban_time": "0001-01-01T00:00:00Z"
		},
		{
			"addr": {
				"id": "866204caf5cdb5de403edf4ef4e43d57b9ada51d",
				"ip": "143.198.145.207",
				"port": 24556
			},
			"src": {
				"id": "00c031b6c1aaf3557618c9af37455fe67b7fff9c",
				"ip": "0.0.0.0",
				"port": 15656
			},
			"buckets": [
				38,
				65,
				28
			],
			"attempts": 5,
			"bucket_type": 1,
			"last_attempt": "2023-03-16T05:45:55.484027706+01:00",
			"last_success": "0001-01-01T00:00:00Z",
			"last_ban_time": "0001-01-01T00:00:00Z"
		},
		{
			"addr": {
				"id": "61aa50db83febffc84653c382370b2be06a76191",
				"ip": "42.118.110.118",
				"port": 26656
			},
			"src": {
				"id": "59cef823c1a426f15eb9e688287cd1bc2b6ea42d",
				"ip": "0.0.0.0",
				"port": 26656
			},
			"buckets": [
				46,
				132,
				178
			],
			"attempts": 1,
			"bucket_type": 1,
			"last_attempt": "2023-03-16T04:53:00.138196848+01:00",
			"last_success": "0001-01-01T00:00:00Z",
			"last_ban_time": "0001-01-01T00:00:00Z"
		},
		{
			"addr": {
				"id": "b857b9d25d0826648f4b5473dba1173bb1c7e166",
				"ip": "81.0.219.36",
				"port": 20656
			},
			"src": {
				"id": "00c031b6c1aaf3557618c9af37455fe67b7fff9c",
				"ip": "0.0.0.0",
				"port": 15656
			},
			"buckets": [
				228,
				118,
				169,
				239
			],
			"attempts": 3,
			"bucket_type": 1,
			"last_attempt": "2023-03-16T05:35:22.348803461+01:00",
			"last_success": "0001-01-01T00:00:00Z",
			"last_ban_time": "0001-01-01T00:00:00Z"
		},
		{
			"addr": {
				"id": "398a69783e25b7e0758fe3fb730adb2f31aa64eb",
				"ip": "62.171.161.25",
				"port": 26656
			},
			"src": {
				"id": "59cef823c1a426f15eb9e688287cd1bc2b6ea42d",
				"ip": "0.0.0.0",
				"port": 26656
			},
			"buckets": [
				38,
				95,
				180,
				49
			],
			"attempts": 2,
			"bucket_type": 1,
			"last_attempt": "2023-03-16T04:52:30.138470581+01:00",
			"last_success": "0001-01-01T00:00:00Z",
			"last_ban_time": "0001-01-01T00:00:00Z"
		},
		{
			"addr": {
				"id": "ea713726bcaa09f33c78e5f9b8b4ca309e3d9362",
				"ip": "184.174.34.251",
				"port": 26656
			},
			"src": {
				"id": "59cef823c1a426f15eb9e688287cd1bc2b6ea42d",
				"ip": "0.0.0.0",
				"port": 26656
			},
			"buckets": [
				36,
				132,
				229,
				171
			],
			"attempts": 2,
			"bucket_type": 1,
			"last_attempt": "2023-03-16T05:36:23.322981778+01:00",
			"last_success": "0001-01-01T00:00:00Z",
			"last_ban_time": "0001-01-01T00:00:00Z"
		},
		{
			"addr": {
				"id": "bf34e92211b840f044f8aed66455a73f9c7a4e10",
				"ip": "167.99.73.24",
				"port": 26656
			},
			"src": {
				"id": "00c031b6c1aaf3557618c9af37455fe67b7fff9c",
				"ip": "0.0.0.0",
				"port": 15656
			},
			"buckets": [
				224,
				180,
				146
			],
			"attempts": 3,
			"bucket_type": 1,
			"last_attempt": "2023-03-16T05:29:59.708457469+01:00",
			"last_success": "0001-01-01T00:00:00Z",
			"last_ban_time": "0001-01-01T00:00:00Z"
		},
		{
			"addr": {
				"id": "1dab94f665c529e8ad953c5fcd9a8a4e4635ad05",
				"ip": "113.161.144.108",
				"port": 26656
			},
			"src": {
				"id": "59cef823c1a426f15eb9e688287cd1bc2b6ea42d",
				"ip": "0.0.0.0",
				"port": 26656
			},
			"buckets": [
				41,
				180,
				162,
				225
			],
			"attempts": 2,
			"bucket_type": 1,
			"last_attempt": "2023-03-16T05:41:53.323403368+01:00",
			"last_success": "0001-01-01T00:00:00Z",
			"last_ban_time": "0001-01-01T00:00:00Z"
		},
		{
			"addr": {
				"id": "2aad459c0dd3a81b1d5eb297986c8d8309ad20e3",
				"ip": "46.101.144.90",
				"port": 27656
			},
			"src": {
				"id": "c9b8e6019f398935cbda6f85a915447e67aac802",
				"ip": "0.0.0.0",
				"port": 49656
			},
			"buckets": [
				34,
				65,
				171,
				131
			],
			"attempts": 1,
			"bucket_type": 1,
			"last_attempt": "2023-03-16T04:58:59.146040197+01:00",
			"last_success": "0001-01-01T00:00:00Z",
			"last_ban_time": "0001-01-01T00:00:00Z"
		},
		{
			"addr": {
				"id": "39320c6f494f7e091ce9b40e7ed49b1abb6b6c5d",
				"ip": "95.217.57.232",
				"port": 46656
			},
			"src": {
				"id": "59cef823c1a426f15eb9e688287cd1bc2b6ea42d",
				"ip": "0.0.0.0",
				"port": 26656
			},
			"buckets": [
				224,
				52,
				132,
				72
			],
			"attempts": 1,
			"bucket_type": 1,
			"last_attempt": "2023-03-16T04:52:59.227242898+01:00",
			"last_success": "0001-01-01T00:00:00Z",
			"last_ban_time": "0001-01-01T00:00:00Z"
		},
		{
			"addr": {
				"id": "c196d06c9c37dee529ca167701e25f560a054d6d",
				"ip": "3.35.136.39",
				"port": 26656
			},
			"src": {
				"id": "c9b8e6019f398935cbda6f85a915447e67aac802",
				"ip": "0.0.0.0",
				"port": 49656
			},
			"buckets": [
				33,
				132
			],
			"attempts": 0,
			"bucket_type": 1,
			"last_attempt": "2023-03-16T04:57:29.150455651+01:00",
			"last_success": "0001-01-01T00:00:00Z",
			"last_ban_time": "0001-01-01T00:00:00Z"
		},
		{
			"addr": {
				"id": "814656c01b271b388be9b6b1095af8bedb3f5081",
				"ip": "31.220.86.46",
				"port": 26656
			},
			"src": {
				"id": "00c031b6c1aaf3557618c9af37455fe67b7fff9c",
				"ip": "0.0.0.0",
				"port": 15656
			},
			"buckets": [
				246,
				228,
				252,
				192
			],
			"attempts": 6,
			"bucket_type": 1,
			"last_attempt": "2023-03-16T05:38:52.341732776+01:00",
			"last_success": "0001-01-01T00:00:00Z",
			"last_ban_time": "0001-01-01T00:00:00Z"
		},
		{
			"addr": {
				"id": "244c464e3d500ee3f242fa3a10ae50d4cd02fc26",
				"ip": "164.90.221.101",
				"port": 26656
			},
			"src": {
				"id": "c9b8e6019f398935cbda6f85a915447e67aac802",
				"ip": "0.0.0.0",
				"port": 49656
			},
			"buckets": [
				43,
				95,
				72
			],
			"attempts": 3,
			"bucket_type": 1,
			"last_attempt": "2023-03-16T05:47:52.338270011+01:00",
			"last_success": "0001-01-01T00:00:00Z",
			"last_ban_time": "0001-01-01T00:00:00Z"
		},
		{
			"addr": {
				"id": "746c2645f49602887cc6e38bb58c79860de93c1a",
				"ip": "157.245.152.0",
				"port": 24556
			},
			"src": {
				"id": "00c031b6c1aaf3557618c9af37455fe67b7fff9c",
				"ip": "0.0.0.0",
				"port": 15656
			},
			"buckets": [
				41,
				191,
				237
			],
			"attempts": 2,
			"bucket_type": 1,
			"last_attempt": "2023-03-16T05:09:59.546836015+01:00",
			"last_success": "0001-01-01T00:00:00Z",
			"last_ban_time": "0001-01-01T00:00:00Z"
		},
		{
			"addr": {
				"id": "449ad6d55f33ed9e70a93e7d9c630e43c3227f18",
				"ip": "159.223.34.78",
				"port": 27656
			},
			"src": {
				"id": "59cef823c1a426f15eb9e688287cd1bc2b6ea42d",
				"ip": "0.0.0.0",
				"port": 26656
			},
			"buckets": [
				127,
				95,
				58,
				211
			],
			"attempts": 2,
			"bucket_type": 1,
			"last_attempt": "2023-03-16T05:15:29.300308571+01:00",
			"last_success": "0001-01-01T00:00:00Z",
			"last_ban_time": "0001-01-01T00:00:00Z"
		},
		{
			"addr": {
				"id": "5dab6dce9c33aa7fc8b7373ddc278d12f8436e45",
				"ip": "157.230.241.51",
				"port": 26656
			},
			"src": {
				"id": "00c031b6c1aaf3557618c9af37455fe67b7fff9c",
				"ip": "0.0.0.0",
				"port": 15656
			},
			"buckets": [
				180,
				42
			],
			"attempts": 4,
			"bucket_type": 1,
			"last_attempt": "2023-03-16T05:32:22.505020148+01:00",
			"last_success": "0001-01-01T00:00:00Z",
			"last_ban_time": "0001-01-01T00:00:00Z"
		},
		{
			"addr": {
				"id": "e72060f6ece326a600be7854624f1731227c2c6c",
				"ip": "113.161.144.108",
				"port": 26656
			},
			"src": {
				"id": "59cef823c1a426f15eb9e688287cd1bc2b6ea42d",
				"ip": "0.0.0.0",
				"port": 26656
			},
			"buckets": [
				41,
				97,
				225
			],
			"attempts": 0,
			"bucket_type": 1,
			"last_attempt": "2023-03-16T04:51:29.890313355+01:00",
			"last_success": "0001-01-01T00:00:00Z",
			"last_ban_time": "0001-01-01T00:00:00Z"
		},
		{
			"addr": {
				"id": "64650ca20e89aeb35d70ea689a6015ccb6b451e7",
				"ip": "65.109.104.118",
				"port": 61456
			},
			"src": {
				"id": "59cef823c1a426f15eb9e688287cd1bc2b6ea42d",
				"ip": "0.0.0.0",
				"port": 26656
			},
			"buckets": [
				117,
				0,
				69
			],
			"attempts": 0,
			"bucket_type": 1,
			"last_attempt": "2023-03-16T04:51:29.890265774+01:00",
			"last_success": "0001-01-01T00:00:00Z",
			"last_ban_time": "0001-01-01T00:00:00Z"
		},
		{
			"addr": {
				"id": "a36a32d394005be2be4d49c998ff0d3e4768858f",
				"ip": "8.214.46.204",
				"port": 26656
			},
			"src": {
				"id": "00c031b6c1aaf3557618c9af37455fe67b7fff9c",
				"ip": "0.0.0.0",
				"port": 15656
			},
			"buckets": [
				46,
				73,
				194
			],
			"attempts": 0,
			"bucket_type": 1,
			"last_attempt": "2023-03-16T04:53:29.328345113+01:00",
			"last_success": "0001-01-01T00:00:00Z",
			"last_ban_time": "0001-01-01T00:00:00Z"
		},
		{
			"addr": {
				"id": "5bf4920fac1647e12a24c0ae5af4b3ca19db2bb2",
				"ip": "57.128.86.7",
				"port": 26656
			},
			"src": {
				"id": "1ed54d64859edbfe8109155c0cf6bdb04e592cb6",
				"ip": "0.0.0.0",
				"port": 65528
			},
			"buckets": [
				14,
				157
			],
			"attempts": 0,
			"bucket_type": 1,
			"last_attempt": "2023-03-16T04:53:59.351793859+01:00",
			"last_success": "0001-01-01T00:00:00Z",
			"last_ban_time": "0001-01-01T00:00:00Z"
		},
		{
			"addr": {
				"id": "43fe5a716c8330277d48b8090925b0cf386e6da7",
				"ip": "194.233.95.189",
				"port": 27656
			},
			"src": {
				"id": "00c031b6c1aaf3557618c9af37455fe67b7fff9c",
				"ip": "0.0.0.0",
				"port": 15656
			},
			"buckets": [
				33,
				95,
				140
			],
			"attempts": 3,
			"bucket_type": 1,
			"last_attempt": "2023-03-16T05:40:23.326934979+01:00",
			"last_success": "0001-01-01T00:00:00Z",
			"last_ban_time": "0001-01-01T00:00:00Z"
		},
		{
			"addr": {
				"id": "4f7898c70637f2a5c65ea909afcd47c10f090863",
				"ip": "213.133.100.172",
				"port": 27544
			},
			"src": {
				"id": "00c031b6c1aaf3557618c9af37455fe67b7fff9c",
				"ip": "0.0.0.0",
				"port": 15656
			},
			"buckets": [
				36,
				44
			],
			"attempts": 0,
			"bucket_type": 1,
			"last_attempt": "2023-03-16T04:52:59.36892519+01:00",
			"last_success": "0001-01-01T00:00:00Z",
			"last_ban_time": "0001-01-01T00:00:00Z"
		},
		{
			"addr": {
				"id": "099fae8829071292f6b1cfaa2b5d637da4aac1b9",
				"ip": "203.23.128.181",
				"port": 26655
			},
			"src": {
				"id": "59cef823c1a426f15eb9e688287cd1bc2b6ea42d",
				"ip": "0.0.0.0",
				"port": 26656
			},
			"buckets": [
				190,
				70,
				146
			],
			"attempts": 0,
			"bucket_type": 1,
			"last_attempt": "2023-03-16T04:51:29.890423887+01:00",
			"last_success": "0001-01-01T00:00:00Z",
			"last_ban_time": "0001-01-01T00:00:00Z"
		},
		{
			"addr": {
				"id": "a9112494955b579ab18671281da88dd3f3f6cbca",
				"ip": "139.59.170.199",
				"port": 26656
			},
			"src": {
				"id": "00c031b6c1aaf3557618c9af37455fe67b7fff9c",
				"ip": "0.0.0.0",
				"port": 15656
			},
			"buckets": [
				14,
				212,
				214,
				131
			],
			"attempts": 5,
			"bucket_type": 1,
			"last_attempt": "2023-03-16T05:34:52.344817326+01:00",
			"last_success": "0001-01-01T00:00:00Z",
			"last_ban_time": "0001-01-01T00:00:00Z"
		},
		{
			"addr": {
				"id": "5f3045542b568ac993660b0ff25f50a37b6934dd",
				"ip": "62.151.178.77",
				"port": 26656
			},
			"src": {
				"id": "00c031b6c1aaf3557618c9af37455fe67b7fff9c",
				"ip": "0.0.0.0",
				"port": 15656
			},
			"buckets": [
				202,
				72,
				30
			],
			"attempts": 1,
			"bucket_type": 1,
			"last_attempt": "2023-03-16T05:20:00.138025644+01:00",
			"last_success": "0001-01-01T00:00:00Z",
			"last_ban_time": "0001-01-01T00:00:00Z"
		},
		{
			"addr": {
				"id": "a98484ac9cb8235bd6a65cdf7648107e3d14dab4",
				"ip": "116.202.231.58",
				"port": 49656
			},
			"src": {
				"id": "00c031b6c1aaf3557618c9af37455fe67b7fff9c",
				"ip": "0.0.0.0",
				"port": 15656
			},
			"buckets": [
				209,
				213,
				28
			],
			"attempts": 1,
			"bucket_type": 1,
			"last_attempt": "2023-03-16T05:13:29.14058011+01:00",
			"last_success": "0001-01-01T00:00:00Z",
			"last_ban_time": "0001-01-01T00:00:00Z"
		}
	]
}
