{
	"key": "a129d6dc88477822b66148dd",
	"addrs": [
		{
			"addr": {
				"id": "2d4f9e5631534ab4cbae88c104784e3148bd8914",
				"ip": "88.198.78.120",
				"port": 29103
			},
			"src": {
				"id": "58c31664ab2888515ead08fac36f92d36ee843c9",
				"ip": "0.0.0.0",
				"port": 4656
			},
			"buckets": [
				55,
				215
			],
			"attempts": 1,
			"bucket_type": 1,
			"last_attempt": "2023-02-15T06:36:02.529718553+01:00",
			"last_success": "0001-01-01T00:00:00Z",
			"last_ban_time": "0001-01-01T00:00:00Z"
		},
		{
			"addr": {
				"id": "7eb0e1b726bec4befd41288bdf2f3d67c2fa5f8e",
				"ip": "162.55.83.146",
				"port": 26656
			},
			"src": {
				"id": "58c31664ab2888515ead08fac36f92d36ee843c9",
				"ip": "0.0.0.0",
				"port": 4656
			},
			"buckets": [
				67,
				204
			],
			"attempts": 1,
			"bucket_type": 1,
			"last_attempt": "2023-02-15T06:36:34.605858167+01:00",
			"last_success": "0001-01-01T00:00:00Z",
			"last_ban_time": "0001-01-01T00:00:00Z"
		},
		{
			"addr": {
				"id": "7b83234ca9e9dbb1f40214e713f6b33f6896fbd4",
				"ip": "65.109.117.208",
				"port": 1000
			},
			"src": {
				"id": "58c31664ab2888515ead08fac36f92d36ee843c9",
				"ip": "0.0.0.0",
				"port": 4656
			},
			"buckets": [
				19,
				115
			],
			"attempts": 1,
			"bucket_type": 1,
			"last_attempt": "2023-02-15T06:36:34.606007225+01:00",
			"last_success": "0001-01-01T00:00:00Z",
			"last_ban_time": "0001-01-01T00:00:00Z"
		},
		{
			"addr": {
				"id": "daa2fd0dc725d6673e7688c9c57fc3b6d99c83c4",
				"ip": "47.156.153.124",
				"port": 27656
			},
			"src": {
				"id": "58c31664ab2888515ead08fac36f92d36ee843c9",
				"ip": "0.0.0.0",
				"port": 4656
			},
			"buckets": [
				143,
				49
			],
			"attempts": 1,
			"bucket_type": 1,
			"last_attempt": "2023-02-15T06:35:31.719998067+01:00",
			"last_success": "0001-01-01T00:00:00Z",
			"last_ban_time": "0001-01-01T00:00:00Z"
		},
		{
			"addr": {
				"id": "f1818c94e9fdf77027196f96fe9062002d588c2a",
				"ip": "216.153.60.189",
				"port": 26656
			},
			"src": {
				"id": "58c31664ab2888515ead08fac36f92d36ee843c9",
				"ip": "0.0.0.0",
				"port": 4656
			},
			"buckets": [
				143
			],
			"attempts": 1,
			"bucket_type": 1,
			"last_attempt": "2023-02-15T06:35:32.552338889+01:00",
			"last_success": "0001-01-01T00:00:00Z",
			"last_ban_time": "0001-01-01T00:00:00Z"
		},
		{
			"addr": {
				"id": "0f1096278efafcf3f0d3bd5b6544e6b8dcc36a0e",
				"ip": "206.189.129.195",
				"port": 26656
			},
			"src": {
				"id": "58c31664ab2888515ead08fac36f92d36ee843c9",
				"ip": "0.0.0.0",
				"port": 4656
			},
			"buckets": [
				239,
				77
			],
			"attempts": 3,
			"bucket_type": 1,
			"last_attempt": "2023-02-15T06:39:34.675261201+01:00",
			"last_success": "0001-01-01T00:00:00Z",
			"last_ban_time": "0001-01-01T00:00:00Z"
		},
		{
			"addr": {
				"id": "6ebf0000ee85ff987f1d9de3223d605745736ca9",
				"ip": "35.168.16.221",
				"port": 41356
			},
			"src": {
				"id": "58c31664ab2888515ead08fac36f92d36ee843c9",
				"ip": "0.0.0.0",
				"port": 4656
			},
			"buckets": [
				191,
				235
			],
			"attempts": 1,
			"bucket_type": 1,
			"last_attempt": "2023-02-15T06:35:04.628019612+01:00",
			"last_success": "0001-01-01T00:00:00Z",
			"last_ban_time": "0001-01-01T00:00:00Z"
		},
		{
			"addr": {
				"id": "f58748aa96bd0110a1ed5c00b0fbf4e9faf92b20",
				"ip": "18.219.130.4",
				"port": 26656
			},
			"src": {
				"id": "58c31664ab2888515ead08fac36f92d36ee843c9",
				"ip": "0.0.0.0",
				"port": 4656
			},
			"buckets": [
				206
			],
			"attempts": 2,
			"bucket_type": 1,
			"last_attempt": "2023-02-15T06:39:32.54147713+01:00",
			"last_success": "0001-01-01T00:00:00Z",
			"last_ban_time": "0001-01-01T00:00:00Z"
		},
		{
			"addr": {
				"id": "328d58b2ca2c615dec7b99ec6f4fb2b4b1ecd79e",
				"ip": "142.132.199.211",
				"port": 26651
			},
			"src": {
				"id": "58c31664ab2888515ead08fac36f92d36ee843c9",
				"ip": "0.0.0.0",
				"port": 4656
			},
			"buckets": [
				67,
				73
			],
			"attempts": 4,
			"bucket_type": 1,
			"last_attempt": "2023-02-15T06:37:34.575626778+01:00",
			"last_success": "0001-01-01T00:00:00Z",
			"last_ban_time": "0001-01-01T00:00:00Z"
		},
		{
			"addr": {
				"id": "ea87b9870ece4d16d302e6162309010d5c4722b3",
				"ip": "155.138.194.35",
				"port": 26656
			},
			"src": {
				"id": "58c31664ab2888515ead08fac36f92d36ee843c9",
				"ip": "0.0.0.0",
				"port": 4656
			},
			"buckets": [
				55
			],
			"attempts": 0,
			"bucket_type": 1,
			"last_attempt": "2023-02-15T06:35:01.917593832+01:00",
			"last_success": "0001-01-01T00:00:00Z",
			"last_ban_time": "0001-01-01T00:00:00Z"
		},
		{
			"addr": {
				"id": "42315a8e51b51fa6e73a927f8edc9800abd41d67",
				"ip": "65.21.89.54",
				"port": 27656
			},
			"src": {
				"id": "58c31664ab2888515ead08fac36f92d36ee843c9",
				"ip": "0.0.0.0",
				"port": 4656
			},
			"buckets": [
				30
			],
			"attempts": 2,
			"bucket_type": 1,
			"last_attempt": "2023-02-15T06:39:02.528540727+01:00",
			"last_success": "0001-01-01T00:00:00Z",
			"last_ban_time": "0001-01-01T00:00:00Z"
		},
		{
			"addr": {
				"id": "eb41aad6d63d5a991573d2f9f3c2cfdb7fbc32e0",
				"ip": "65.109.93.35",
				"port": 26656
			},
			"src": {
				"id": "58c31664ab2888515ead08fac36f92d36ee843c9",
				"ip": "0.0.0.0",
				"port": 4656
			},
			"buckets": [
				19,
				115
			],
			"attempts": 1,
			"bucket_type": 1,
			"last_attempt": "2023-02-15T06:35:04.586494694+01:00",
			"last_success": "0001-01-01T00:00:00Z",
			"last_ban_time": "0001-01-01T00:00:00Z"
		},
		{
			"addr": {
				"id": "418a1b8485e79d7e12f934ce7ec622cfcbde97d3",
				"ip": "52.91.39.40",
				"port": 41356
			},
			"src": {
				"id": "58c31664ab2888515ead08fac36f92d36ee843c9",
				"ip": "0.0.0.0",
				"port": 4656
			},
			"buckets": [
				235,
				118
			],
			"attempts": 0,
			"bucket_type": 1,
			"last_attempt": "2023-02-15T06:34:02.484629568+01:00",
			"last_success": "0001-01-01T00:00:00Z",
			"last_ban_time": "0001-01-01T00:00:00Z"
		},
		{
			"addr": {
				"id": "2c66624a7bbecd94e8be4005d0ece19ce284d7c3",
				"ip": "54.196.186.174",
				"port": 41356
			},
			"src": {
				"id": "58c31664ab2888515ead08fac36f92d36ee843c9",
				"ip": "0.0.0.0",
				"port": 4656
			},
			"buckets": [
				160,
				207
			],
			"attempts": 3,
			"bucket_type": 1,
			"last_attempt": "2023-02-15T06:39:04.653536592+01:00",
			"last_success": "0001-01-01T00:00:00Z",
			"last_ban_time": "0001-01-01T00:00:00Z"
		},
		{
			"addr": {
				"id": "69e8b793059b813d79e5c3f4c4ff9f0d0c7d82e8",
				"ip": "216.153.60.190",
				"port": 26656
			},
			"src": {
				"id": "58c31664ab2888515ead08fac36f92d36ee843c9",
				"ip": "0.0.0.0",
				"port": 4656
			},
			"buckets": [
				143,
				77
			],
			"attempts": 2,
			"bucket_type": 1,
			"last_attempt": "2023-02-15T06:37:32.532210502+01:00",
			"last_success": "0001-01-01T00:00:00Z",
			"last_ban_time": "0001-01-01T00:00:00Z"
		},
		{
			"addr": {
				"id": "9038d63588e0ab421fa71582720c1efb1ee867f6",
				"ip": "45.34.1.114",
				"port": 27656
			},
			"src": {
				"id": "58c31664ab2888515ead08fac36f92d36ee843c9",
				"ip": "0.0.0.0",
				"port": 4656
			},
			"buckets": [
				148,
				141
			],
			"attempts": 5,
			"bucket_type": 1,
			"last_attempt": "2023-02-15T06:38:32.048837816+01:00",
			"last_success": "0001-01-01T00:00:00Z",
			"last_ban_time": "0001-01-01T00:00:00Z"
		},
		{
			"addr": {
				"id": "84941501c2eff8c88e2298941498f8f08bd86465",
				"ip": "34.142.220.216",
				"port": 26656
			},
			"src": {
				"id": "58c31664ab2888515ead08fac36f92d36ee843c9",
				"ip": "0.0.0.0",
				"port": 4656
			},
			"buckets": [
				205,
				77
			],
			"attempts": 4,
			"bucket_type": 1,
			"last_attempt": "2023-02-15T06:39:32.541593417+01:00",
			"last_success": "0001-01-01T00:00:00Z",
			"last_ban_time": "0001-01-01T00:00:00Z"
		},
		{
			"addr": {
				"id": "33afc1c21cb225bb2cfb9700442a576bbaeb7691",
				"ip": "163.172.100.203",
				"port": 26656
			},
			"src": {
				"id": "58c31664ab2888515ead08fac36f92d36ee843c9",
				"ip": "0.0.0.0",
				"port": 4656
			},
			"buckets": [
				67,
				79
			],
			"attempts": 0,
			"bucket_type": 1,
			"last_attempt": "2023-02-15T06:34:02.484605413+01:00",
			"last_success": "0001-01-01T00:00:00Z",
			"last_ban_time": "0001-01-01T00:00:00Z"
		},
		{
			"addr": {
				"id": "cd19f4418b3cd10951060aad1c4b4baf82177292",
				"ip": "35.168.16.221",
				"port": 41456
			},
			"src": {
				"id": "58c31664ab2888515ead08fac36f92d36ee843c9",
				"ip": "0.0.0.0",
				"port": 4656
			},
			"buckets": [
				191,
				235
			],
			"attempts": 0,
			"bucket_type": 1,
			"last_attempt": "2023-02-15T06:34:31.920952736+01:00",
			"last_success": "0001-01-01T00:00:00Z",
			"last_ban_time": "0001-01-01T00:00:00Z"
		},
		{
			"addr": {
				"id": "9dc9e9b50c4cae52cdbec2034d879427b2a429ae",
				"ip": "54.180.81.122",
				"port": 26656
			},
			"src": {
				"id": "58c31664ab2888515ead08fac36f92d36ee843c9",
				"ip": "0.0.0.0",
				"port": 4656
			},
			"buckets": [
				172,
				237
			],
			"attempts": 1,
			"bucket_type": 1,
			"last_attempt": "2023-02-15T06:39:01.776418491+01:00",
			"last_success": "0001-01-01T00:00:00Z",
			"last_ban_time": "0001-01-01T00:00:00Z"
		},
		{
			"addr": {
				"id": "1719e57fb35f15ee3ee79ba2b85b4852cf9eedf3",
				"ip": "161.35.34.119",
				"port": 26656
			},
			"src": {
				"id": "58c31664ab2888515ead08fac36f92d36ee843c9",
				"ip": "0.0.0.0",
				"port": 4656
			},
			"buckets": [
				19,
				165
			],
			"attempts": 2,
			"bucket_type": 1,
			"last_attempt": "2023-02-15T06:38:04.570323041+01:00",
			"last_success": "0001-01-01T00:00:00Z",
			"last_ban_time": "0001-01-01T00:00:00Z"
		},
		{
			"addr": {
				"id": "9fe9cc32880be11134e1ec360a61082541019233",
				"ip": "162.55.85.23",
				"port": 26656
			},
			"src": {
				"id": "58c31664ab2888515ead08fac36f92d36ee843c9",
				"ip": "0.0.0.0",
				"port": 4656
			},
			"buckets": [
				67,
				204
			],
			"attempts": 1,
			"bucket_type": 1,
			"last_attempt": "2023-02-15T06:34:31.543558283+01:00",
			"last_success": "0001-01-01T00:00:00Z",
			"last_ban_time": "0001-01-01T00:00:00Z"
		},
		{
			"addr": {
				"id": "0c3af9f1ccd5d8df4f876f547973e4a0c4ee29a3",
				"ip": "89.116.28.2",
				"port": 28656
			},
			"src": {
				"id": "58c31664ab2888515ead08fac36f92d36ee843c9",
				"ip": "0.0.0.0",
				"port": 4656
			},
			"buckets": [
				157
			],
			"attempts": 0,
			"bucket_type": 1,
			"last_attempt": "2023-02-15T06:34:31.920932378+01:00",
			"last_success": "0001-01-01T00:00:00Z",
			"last_ban_time": "0001-01-01T00:00:00Z"
		},
		{
			"addr": {
				"id": "36b2547e91dbaa1a6196217f25b767a8630fb0b2",
				"ip": "54.196.186.174",
				"port": 41456
			},
			"src": {
				"id": "58c31664ab2888515ead08fac36f92d36ee843c9",
				"ip": "0.0.0.0",
				"port": 4656
			},
			"buckets": [
				160,
				207
			],
			"attempts": 2,
			"bucket_type": 1,
			"last_attempt": "2023-02-15T06:37:34.643060082+01:00",
			"last_success": "0001-01-01T00:00:00Z",
			"last_ban_time": "0001-01-01T00:00:00Z"
		},
		{
			"addr": {
				"id": "1f4f91485f348dcca76fdf2cc3c0c16db6dee7ff",
				"ip": "52.91.39.40",
				"port": 41456
			},
			"src": {
				"id": "0c3af9f1ccd5d8df4f876f547973e4a0c4ee29a3",
				"ip": "89.116.28.2",
				"port": 28656
			},
			"buckets": [
				118
			],
			"attempts": 0,
			"bucket_type": 1,
			"last_attempt": "2023-02-15T06:36:01.829599038+01:00",
			"last_success": "0001-01-01T00:00:00Z",
			"last_ban_time": "0001-01-01T00:00:00Z"
		},
		{
			"addr": {
				"id": "ed756322df35bf14c0b52dc51658d12cea40cd12",
				"ip": "34.176.7.114",
				"port": 4656
			},
			"src": {
				"id": "58c31664ab2888515ead08fac36f92d36ee843c9",
				"ip": "0.0.0.0",
				"port": 4656
			},
			"buckets": [
				143,
				215
			],
			"attempts": 2,
			"bucket_type": 1,
			"last_attempt": "2023-02-15T06:38:02.54841912+01:00",
			"last_success": "0001-01-01T00:00:00Z",
			"last_ban_time": "0001-01-01T00:00:00Z"
		},
		{
			"addr": {
				"id": "ad825ef6b29306d80b0eb8101133cedf7933eb5e",
				"ip": "116.203.36.94",
				"port": 26656
			},
			"src": {
				"id": "58c31664ab2888515ead08fac36f92d36ee843c9",
				"ip": "0.0.0.0",
				"port": 4656
			},
			"buckets": [
				206,
				106
			],
			"attempts": 2,
			"bucket_type": 1,
			"last_attempt": "2023-02-15T06:39:34.545255131+01:00",
			"last_success": "0001-01-01T00:00:00Z",
			"last_ban_time": "0001-01-01T00:00:00Z"
		},
		{
			"addr": {
				"id": "bdce6030a2bdebe4c660a76599fe3dee4a42d50f",
				"ip": "35.154.54.64",
				"port": 26656
			},
			"src": {
				"id": "58c31664ab2888515ead08fac36f92d36ee843c9",
				"ip": "0.0.0.0",
				"port": 4656
			},
			"buckets": [
				172,
				115
			],
			"attempts": 2,
			"bucket_type": 1,
			"last_attempt": "2023-02-15T06:38:32.540810204+01:00",
			"last_success": "0001-01-01T00:00:00Z",
			"last_ban_time": "0001-01-01T00:00:00Z"
		},
		{
			"addr": {
				"id": "7d7e614db9a73e1e6d7b56903ad79bfc13623783",
				"ip": "142.132.252.8",
				"port": 11095
			},
			"src": {
				"id": "58c31664ab2888515ead08fac36f92d36ee843c9",
				"ip": "0.0.0.0",
				"port": 4656
			},
			"buckets": [
				67
			],
			"attempts": 0,
			"bucket_type": 1,
			"last_attempt": "2023-02-15T06:34:31.920961763+01:00",
			"last_success": "0001-01-01T00:00:00Z",
			"last_ban_time": "0001-01-01T00:00:00Z"
		},
		{
			"addr": {
				"id": "1ad44100f1c69ef21315070d4f7c0e273c88a993",
				"ip": "176.9.90.240",
				"port": 15660
			},
			"src": {
				"id": "58c31664ab2888515ead08fac36f92d36ee843c9",
				"ip": "0.0.0.0",
				"port": 4656
			},
			"buckets": [
				75
			],
			"attempts": 1,
			"bucket_type": 1,
			"last_attempt": "2023-02-15T06:37:34.610161528+01:00",
			"last_success": "0001-01-01T00:00:00Z",
			"last_ban_time": "0001-01-01T00:00:00Z"
		},
		{
			"addr": {
				"id": "1b308820fa76c033cd2e41e1a11b2533a55f4a03",
				"ip": "65.108.10.95",
				"port": 17095
			},
			"src": {
				"id": "58c31664ab2888515ead08fac36f92d36ee843c9",
				"ip": "0.0.0.0",
				"port": 4656
			},
			"buckets": [
				75,
				82
			],
			"attempts": 2,
			"bucket_type": 1,
			"last_attempt": "2023-02-15T06:35:32.533372169+01:00",
			"last_success": "0001-01-01T00:00:00Z",
			"last_ban_time": "0001-01-01T00:00:00Z"
		},
		{
			"addr": {
				"id": "9660481fee12007df56836d1483fc84f32ad31ea",
				"ip": "35.247.140.101",
				"port": 27656
			},
			"src": {
				"id": "58c31664ab2888515ead08fac36f92d36ee843c9",
				"ip": "0.0.0.0",
				"port": 4656
			},
			"buckets": [
				49,
				177
			],
			"attempts": 3,
			"bucket_type": 1,
			"last_attempt": "2023-02-15T06:37:32.531740403+01:00",
			"last_success": "0001-01-01T00:00:00Z",
			"last_ban_time": "0001-01-01T00:00:00Z"
		},
		{
			"addr": {
				"id": "58c31664ab2888515ead08fac36f92d36ee843c9",
				"ip": "146.190.83.6",
				"port": 4656
			},
			"src": {
				"id": "d6d4a92d535ac8611a2f8c7c3ea5909564320e38",
				"ip": "0.0.0.0",
				"port": 4656
			},
			"buckets": [
				163,
				143
			],
			"attempts": 0,
			"bucket_type": 1,
			"last_attempt": "2023-02-15T06:34:01.514831496+01:00",
			"last_success": "0001-01-01T00:00:00Z",
			"last_ban_time": "0001-01-01T00:00:00Z"
		},
		{
			"addr": {
				"id": "424aff0dc8e542fa93128e68388f3ead3637463c",
				"ip": "142.132.151.99",
				"port": 15660
			},
			"src": {
				"id": "58c31664ab2888515ead08fac36f92d36ee843c9",
				"ip": "0.0.0.0",
				"port": 4656
			},
			"buckets": [
				67,
				73
			],
			"attempts": 1,
			"bucket_type": 1,
			"last_attempt": "2023-02-15T06:37:04.580319213+01:00",
			"last_success": "0001-01-01T00:00:00Z",
			"last_ban_time": "0001-01-01T00:00:00Z"
		},
		{
			"addr": {
				"id": "67778d8d41b5ebd0d10e3ecbf13da5c42443582e",
				"ip": "65.108.72.175",
				"port": 30656
			},
			"src": {
				"id": "58c31664ab2888515ead08fac36f92d36ee843c9",
				"ip": "0.0.0.0",
				"port": 4656
			},
			"buckets": [
				75,
				82
			],
			"attempts": 2,
			"bucket_type": 1,
			"last_attempt": "2023-02-15T06:35:34.6025789+01:00",
			"last_success": "0001-01-01T00:00:00Z",
			"last_ban_time": "0001-01-01T00:00:00Z"
		},
		{
			"addr": {
				"id": "157c118f01fe869a2a288c0af5911da32284a981",
				"ip": "176.9.62.180",
				"port": 57756
			},
			"src": {
				"id": "58c31664ab2888515ead08fac36f92d36ee843c9",
				"ip": "0.0.0.0",
				"port": 4656
			},
			"buckets": [
				75,
				43
			],
			"attempts": 0,
			"bucket_type": 1,
			"last_attempt": "2023-02-15T06:34:02.484601485+01:00",
			"last_success": "0001-01-01T00:00:00Z",
			"last_ban_time": "0001-01-01T00:00:00Z"
		},
		{
			"addr": {
				"id": "9909a0fc254852005c6d382b2321008e669f7ad0",
				"ip": "65.108.199.18",
				"port": 9095
			},
			"src": {
				"id": "58c31664ab2888515ead08fac36f92d36ee843c9",
				"ip": "0.0.0.0",
				"port": 4656
			},
			"buckets": [
				75,
				82
			],
			"attempts": 0,
			"bucket_type": 1,
			"last_attempt": "2023-02-15T06:34:02.484508131+01:00",
			"last_success": "0001-01-01T00:00:00Z",
			"last_ban_time": "0001-01-01T00:00:00Z"
		},
		{
			"addr": {
				"id": "331c2bbcd1aab921563dce85dedae840e1369e39",
				"ip": "142.132.199.98",
				"port": 10656
			},
			"src": {
				"id": "58c31664ab2888515ead08fac36f92d36ee843c9",
				"ip": "0.0.0.0",
				"port": 4656
			},
			"buckets": [
				67,
				73
			],
			"attempts": 0,
			"bucket_type": 1,
			"last_attempt": "2023-02-15T06:34:02.484552103+01:00",
			"last_success": "0001-01-01T00:00:00Z",
			"last_ban_time": "0001-01-01T00:00:00Z"
		},
		{
			"addr": {
				"id": "9825649a2baa23919c31d0a95fce8387b8285c94",
				"ip": "136.243.103.32",
				"port": 29656
			},
			"src": {
				"id": "58c31664ab2888515ead08fac36f92d36ee843c9",
				"ip": "0.0.0.0",
				"port": 4656
			},
			"buckets": [
				172,
				215
			],
			"attempts": 3,
			"bucket_type": 1,
			"last_attempt": "2023-02-15T06:39:34.544811002+01:00",
			"last_success": "0001-01-01T00:00:00Z",
			"last_ban_time": "0001-01-01T00:00:00Z"
		},
		{
			"addr": {
				"id": "827d01410f3ec45ac108ce591faff1c410be5078",
				"ip": "65.108.127.50",
				"port": 21156
			},
			"src": {
				"id": "0c3af9f1ccd5d8df4f876f547973e4a0c4ee29a3",
				"ip": "89.116.28.2",
				"port": 28656
			},
			"buckets": [
				82
			],
			"attempts": 0,
			"bucket_type": 1,
			"last_attempt": "2023-02-15T06:36:31.766300398+01:00",
			"last_success": "0001-01-01T00:00:00Z",
			"last_ban_time": "0001-01-01T00:00:00Z"
		},
		{
			"addr": {
				"id": "1903ccc818ee9923cd66078689d71000b2c6e4c9",
				"ip": "65.108.98.218",
				"port": 10095
			},
			"src": {
				"id": "58c31664ab2888515ead08fac36f92d36ee843c9",
				"ip": "0.0.0.0",
				"port": 4656
			},
			"buckets": [
				75,
				82
			],
			"attempts": 1,
			"bucket_type": 1,
			"last_attempt": "2023-02-15T06:35:01.628129666+01:00",
			"last_success": "0001-01-01T00:00:00Z",
			"last_ban_time": "0001-01-01T00:00:00Z"
		},
		{
			"addr": {
				"id": "49171079e358230f214f521b572f4b0caa4afa1b",
				"ip": "51.222.42.166",
				"port": 26322
			},
			"src": {
				"id": "58c31664ab2888515ead08fac36f92d36ee843c9",
				"ip": "0.0.0.0",
				"port": 4656
			},
			"buckets": [
				235,
				79
			],
			"attempts": 4,
			"bucket_type": 1,
			"last_attempt": "2023-02-15T06:39:31.61896575+01:00",
			"last_success": "0001-01-01T00:00:00Z",
			"last_ban_time": "0001-01-01T00:00:00Z"
		},
		{
			"addr": {
				"id": "f2069012aec5ced4e88e7e4311391eabe72bb5a3",
				"ip": "20.111.58.77",
				"port": 26656
			},
			"src": {
				"id": "58c31664ab2888515ead08fac36f92d36ee843c9",
				"ip": "0.0.0.0",
				"port": 4656
			},
			"buckets": [
				204,
				245
			],
			"attempts": 3,
			"bucket_type": 1,
			"last_attempt": "2023-02-15T06:39:01.62665183+01:00",
			"last_success": "0001-01-01T00:00:00Z",
			"last_ban_time": "0001-01-01T00:00:00Z"
		},
		{
			"addr": {
				"id": "c90eb44fb67dc4e703db9711aea2b0e3bdac797d",
				"ip": "168.119.50.205",
				"port": 26656
			},
			"src": {
				"id": "58c31664ab2888515ead08fac36f92d36ee843c9",
				"ip": "0.0.0.0",
				"port": 4656
			},
			"buckets": [
				191,
				177
			],
			"attempts": 1,
			"bucket_type": 1,
			"last_attempt": "2023-02-15T06:38:04.572402065+01:00",
			"last_success": "0001-01-01T00:00:00Z",
			"last_ban_time": "0001-01-01T00:00:00Z"
		},
		{
			"addr": {
				"id": "276dd792b8eb8703e65edcb5f5527d16b762191c",
				"ip": "138.201.16.240",
				"port": 15095
			},
			"src": {
				"id": "58c31664ab2888515ead08fac36f92d36ee843c9",
				"ip": "0.0.0.0",
				"port": 4656
			},
			"buckets": [
				157
			],
			"attempts": 2,
			"bucket_type": 1,
			"last_attempt": "2023-02-15T06:37:01.657668258+01:00",
			"last_success": "0001-01-01T00:00:00Z",
			"last_ban_time": "0001-01-01T00:00:00Z"
		},
		{
			"addr": {
				"id": "dc865a0d882f30e41e99ef23d9e6164163607523",
				"ip": "54.147.79.192",
				"port": 26656
			},
			"src": {
				"id": "58c31664ab2888515ead08fac36f92d36ee843c9",
				"ip": "0.0.0.0",
				"port": 4656
			},
			"buckets": [
				163,
				165
			],
			"attempts": 4,
			"bucket_type": 1,
			"last_attempt": "2023-02-15T06:39:34.625771044+01:00",
			"last_success": "0001-01-01T00:00:00Z",
			"last_ban_time": "0001-01-01T00:00:00Z"
		},
		{
			"addr": {
				"id": "19efe6c44ec7e09f9a0f3b918177c6036c9eecc9",
				"ip": "141.95.124.134",
				"port": 15660
			},
			"src": {
				"id": "58c31664ab2888515ead08fac36f92d36ee843c9",
				"ip": "0.0.0.0",
				"port": 4656
			},
			"buckets": [
				22,
				171
			],
			"attempts": 1,
			"bucket_type": 1,
			"last_attempt": "2023-02-15T06:37:04.580600719+01:00",
			"last_success": "0001-01-01T00:00:00Z",
			"last_ban_time": "0001-01-01T00:00:00Z"
		},
		{
			"addr": {
				"id": "89e8c6097c1cc56e2f1e0f96ef2eedd3dd31aa8c",
				"ip": "34.67.180.86",
				"port": 26656
			},
			"src": {
				"id": "58c31664ab2888515ead08fac36f92d36ee843c9",
				"ip": "0.0.0.0",
				"port": 4656
			},
			"buckets": [
				157,
				170
			],
			"attempts": 0,
			"bucket_type": 1,
			"last_attempt": "2023-02-15T06:35:31.936632077+01:00",
			"last_success": "0001-01-01T00:00:00Z",
			"last_ban_time": "0001-01-01T00:00:00Z"
		},
		{
			"addr": {
				"id": "1e5e39efe018876c355cbb81a772668e5ce5e1ea",
				"ip": "52.54.234.245",
				"port": 26656
			},
			"src": {
				"id": "58c31664ab2888515ead08fac36f92d36ee843c9",
				"ip": "0.0.0.0",
				"port": 4656
			},
			"buckets": [
				55,
				207
			],
			"attempts": 3,
			"bucket_type": 1,
			"last_attempt": "2023-02-15T06:38:04.660431322+01:00",
			"last_success": "0001-01-01T00:00:00Z",
			"last_ban_time": "0001-01-01T00:00:00Z"
		},
		{
			"addr": {
				"id": "2ab5d7d58ed4402ed59ac4731885b7b467ed5cc8",
				"ip": "34.102.80.97",
				"port": 26656
			},
			"src": {
				"id": "58c31664ab2888515ead08fac36f92d36ee843c9",
				"ip": "0.0.0.0",
				"port": 4656
			},
			"buckets": [
				21,
				245
			],
			"attempts": 1,
			"bucket_type": 1,
			"last_attempt": "2023-02-15T06:38:32.53932011+01:00",
			"last_success": "0001-01-01T00:00:00Z",
			"last_ban_time": "0001-01-01T00:00:00Z"
		},
		{
			"addr": {
				"id": "15d8ae2a5bc80485b5bde6056f98eaf9b0ba1cf4",
				"ip": "142.132.147.125",
				"port": 26656
			},
			"src": {
				"id": "58c31664ab2888515ead08fac36f92d36ee843c9",
				"ip": "0.0.0.0",
				"port": 4656
			},
			"buckets": [
				67,
				73
			],
			"attempts": 1,
			"bucket_type": 1,
			"last_attempt": "2023-02-15T06:38:02.537826633+01:00",
			"last_success": "0001-01-01T00:00:00Z",
			"last_ban_time": "0001-01-01T00:00:00Z"
		},
		{
			"addr": {
				"id": "91b675be5f81931375358e02ab687c88fab02e41",
				"ip": "135.148.55.229",
				"port": 11656
			},
			"src": {
				"id": "58c31664ab2888515ead08fac36f92d36ee843c9",
				"ip": "0.0.0.0",
				"port": 4656
			},
			"buckets": [
				121
			],
			"attempts": 2,
			"bucket_type": 1,
			"last_attempt": "2023-02-15T06:37:02.529140418+01:00",
			"last_success": "0001-01-01T00:00:00Z",
			"last_ban_time": "0001-01-01T00:00:00Z"
		},
		{
			"addr": {
				"id": "5d423d17f84f25b8c2167fd8be4abd0b8ba89091",
				"ip": "65.108.110.125",
				"port": 12095
			},
			"src": {
				"id": "58c31664ab2888515ead08fac36f92d36ee843c9",
				"ip": "0.0.0.0",
				"port": 4656
			},
			"buckets": [
				75,
				82
			],
			"attempts": 0,
			"bucket_type": 1,
			"last_attempt": "2023-02-15T06:35:31.936741582+01:00",
			"last_success": "0001-01-01T00:00:00Z",
			"last_ban_time": "0001-01-01T00:00:00Z"
		},
		{
			"addr": {
				"id": "065fd6f49a4a424727433b3a8e3d5945e4935d9c",
				"ip": "78.46.68.41",
				"port": 26656
			},
			"src": {
				"id": "58c31664ab2888515ead08fac36f92d36ee843c9",
				"ip": "0.0.0.0",
				"port": 4656
			},
			"buckets": [
				140,
				177
			],
			"attempts": 5,
			"bucket_type": 1,
			"last_attempt": "2023-02-15T06:38:34.609027308+01:00",
			"last_success": "0001-01-01T00:00:00Z",
			"last_ban_time": "0001-01-01T00:00:00Z"
		},
		{
			"addr": {
				"id": "d7b53dce9ac36e9ed48e2ba509eff7bdd080024d",
				"ip": "142.132.205.94",
				"port": 15660
			},
			"src": {
				"id": "58c31664ab2888515ead08fac36f92d36ee843c9",
				"ip": "0.0.0.0",
				"port": 4656
			},
			"buckets": [
				67,
				73
			],
			"attempts": 0,
			"bucket_type": 1,
			"last_attempt": "2023-02-15T06:34:02.484597498+01:00",
			"last_success": "0001-01-01T00:00:00Z",
			"last_ban_time": "0001-01-01T00:00:00Z"
		},
		{
			"addr": {
				"id": "102382ba1a2d4bd5f6a1dcb9cb295046f88d1538",
				"ip": "34.142.220.216",
				"port": 26656
			},
			"src": {
				"id": "58c31664ab2888515ead08fac36f92d36ee843c9",
				"ip": "0.0.0.0",
				"port": 4656
			},
			"buckets": [
				205,
				77
			],
			"attempts": 1,
			"bucket_type": 1,
			"last_attempt": "2023-02-15T06:38:02.555136297+01:00",
			"last_success": "0001-01-01T00:00:00Z",
			"last_ban_time": "0001-01-01T00:00:00Z"
		},
		{
			"addr": {
				"id": "9c888a18a8c4a493830f56e4effd5da6035acfb7",
				"ip": "141.95.66.199",
				"port": 26322
			},
			"src": {
				"id": "58c31664ab2888515ead08fac36f92d36ee843c9",
				"ip": "0.0.0.0",
				"port": 4656
			},
			"buckets": [
				22,
				171
			],
			"attempts": 5,
			"bucket_type": 1,
			"last_attempt": "2023-02-15T06:39:32.541474566+01:00",
			"last_success": "0001-01-01T00:00:00Z",
			"last_ban_time": "0001-01-01T00:00:00Z"
		}
	]
}
