{
  "genesis_time": "2023-02-15T05:33:56.303326351Z",
  "chain_id": "atreides-1",
  "initial_height": "1",
  "consensus_params": {
    "block": {
      "max_bytes": "22020096",
      "max_gas": "-1",
      "time_iota_ms": "1000"
    },
    "evidence": {
      "max_age_num_blocks": "100000",
      "max_age_duration": "172800000000000",
      "max_bytes": "1048576"
    },
    "validator": {
      "pub_key_types": [
        "ed25519"
      ]
    },
    "version": {}
  },
  "app_hash": "",
  "app_state": {
    "alliance": {
      "params": {
        "reward_delay_time": "604800s",
        "take_rate_claim_interval": "300s",
        "last_take_rate_claim_time": "2023-02-15T05:33:56.302933257Z"
      },
      "assets": [],
      "validator_infos": [],
      "reward_weight_change_snaphots": [],
      "delegations": [],
      "redelegations": [],
      "undelegations": []
    },
    "auth": {
      "params": {
        "max_memo_characters": "256",
        "tx_sig_limit": "7",
        "tx_size_cost_per_byte": "10",
        "sig_verify_cost_ed25519": "590",
        "sig_verify_cost_secp256k1": "1000"
      },
      "accounts": []
    },
    "authz": {
      "authorization": []
    },
    "bank": {
      "params": {
        "send_enabled": [],
        "default_send_enabled": true
      },
      "balances": [],
      "supply": [],
      "denom_metadata": []
    },
    "capability": {
      "index": "1",
      "owners": []
    },
    "crisis": {
      "constant_fee": {
        "denom": "stake",
        "amount": "1000"
      }
    },
    "distribution": {
      "params": {
        "community_tax": "0.020000000000000000",
        "base_proposer_reward": "0.010000000000000000",
        "bonus_proposer_reward": "0.040000000000000000",
        "withdraw_addr_enabled": true
      },
      "fee_pool": {
        "community_pool": []
      },
      "delegator_withdraw_infos": [],
      "previous_proposer": "",
      "outstanding_rewards": [],
      "validator_accumulated_commissions": [],
      "validator_historical_rewards": [],
      "validator_current_rewards": [],
      "delegator_starting_infos": [],
      "validator_slash_events": []
    },
    "evidence": {
      "evidence": []
    },
    "feegrant": {
      "allowances": []
    },
    "genutil": {
      "gen_txs": []
    },
    "gov": {
      "starting_proposal_id": "1",
      "deposits": [],
      "votes": [],
      "proposals": [],
      "deposit_params": {
        "min_deposit": [
          {
            "denom": "stake",
            "amount": "10000000"
          }
        ],
        "max_deposit_period": "172800s"
      },
      "voting_params": {
        "voting_period": "172800s"
      },
      "tally_params": {
        "quorum": "0.334000000000000000",
        "threshold": "0.500000000000000000",
        "veto_threshold": "0.334000000000000000"
      }
    },
    "group": {
      "group_seq": "0",
      "groups": [],
      "group_members": [],
      "group_policy_seq": "0",
      "group_policies": [],
      "proposal_seq": "0",
      "proposals": [],
      "votes": []
    },
    "ibc": {
      "client_genesis": {
        "clients": [],
        "clients_consensus": [],
        "clients_metadata": [],
        "params": {
          "allowed_clients": [
            "06-solomachine",
            "07-tendermint"
          ]
        },
        "create_localhost": false,
        "next_client_sequence": "0"
      },
      "connection_genesis": {
        "connections": [],
        "client_connection_paths": [],
        "next_connection_sequence": "0",
        "params": {
          "max_expected_time_per_block": "30000000000"
        }
      },
      "channel_genesis": {
        "channels": [],
        "acknowledgements": [],
        "commitments": [],
        "receipts": [],
        "send_sequences": [],
        "recv_sequences": [],
        "ack_sequences": [],
        "next_channel_sequence": "0"
      }
    },
    "interchainaccounts": {
      "controller_genesis_state": {
        "active_channels": [],
        "interchain_accounts": [],
        "ports": [],
        "params": {
          "controller_enabled": true
        }
      },
      "host_genesis_state": {
        "active_channels": [],
        "interchain_accounts": [],
        "port": "icahost",
        "params": {
          "host_enabled": true,
          "allow_messages": [
            "*"
          ]
        }
      }
    },
    "mint": {
      "minter": {
        "inflation": "0.130000000000000000",
        "annual_provisions": "0.000000000000000000"
      },
      "params": {
        "mint_denom": "stake",
        "inflation_rate_change": "0.130000000000000000",
        "inflation_max": "0.200000000000000000",
        "inflation_min": "0.070000000000000000",
        "goal_bonded": "0.670000000000000000",
        "blocks_per_year": "6311520"
      }
    },
    "params": null,
    "slashing": {
      "params": {
        "signed_blocks_window": "100",
        "min_signed_per_window": "0.500000000000000000",
        "downtime_jail_duration": "600s",
        "slash_fraction_double_sign": "0.050000000000000000",
        "slash_fraction_downtime": "0.010000000000000000"
      },
      "signing_infos": [],
      "missed_blocks": []
    },
    "staking": {
      "params": {
        "unbonding_time": "1814400s",
        "max_validators": 100,
        "max_entries": 7,
        "historical_entries": 10000,
        "bond_denom": "stake",
        "min_commission_rate": "0.000000000000000000"
      },
      "last_total_power": "0",
      "last_validator_powers": [],
      "validators": [],
      "delegations": [],
      "unbonding_delegations": [],
      "redelegations": [],
      "exported": false
    },
    "transfer": {
      "port_id": "transfer",
      "denom_traces": [],
      "params": {
        "send_enabled": true,
        "receive_enabled": true
      }
    },
    "upgrade": {},
    "vesting": {},
    "wasm": {
      "params": {
        "code_upload_access": {
          "permission": "Everybody",
          "address": "",
          "addresses": []
        },
        "instantiate_default_permission": "Everybody"
      },
      "codes": [],
      "contracts": [],
      "sequences": [],
      "gen_msgs": []
    }
  }
}
