{
	"key": "318c2d07229e79bf94db1700",
	"addrs": [
		{
			"addr": {
				"id": "5a11514ab836ad0904b752e6431ba096fa8ec2a7",
				"ip": "204.16.202.181",
				"port": 26656
			},
			"src": {
				"id": "605886634736003095e841b03736a214f5111ffe",
				"ip": "155.138.142.145",
				"port": 26656
			},
			"buckets": [
				181,
				40,
				216,
				9
			],
			"attempts": 48,
			"bucket_type": 1,
			"last_attempt": "2024-05-10T20:32:39.183820368+02:00",
			"last_success": "0001-01-01T00:00:00Z",
			"last_ban_time": "0001-01-01T00:00:00Z"
		},
		{
			"addr": {
				"id": "0048978e29592f34f71ed3972614fa997d4687ce",
				"ip": "188.34.193.133",
				"port": 26656
			},
			"src": {
				"id": "605886634736003095e841b03736a214f5111ffe",
				"ip": "155.138.142.145",
				"port": 26656
			},
			"buckets": [
				100,
				144,
				20,
				132
			],
			"attempts": 49,
			"bucket_type": 1,
			"last_attempt": "2024-05-11T01:05:42.083117641+02:00",
			"last_success": "0001-01-01T00:00:00Z",
			"last_ban_time": "0001-01-01T00:00:00Z"
		},
		{
			"addr": {
				"id": "9b5164e4ae58f1a5e8f7a8681216dc79cf111aef",
				"ip": "188.165.226.46",
				"port": 26656
			},
			"src": {
				"id": "605886634736003095e841b03736a214f5111ffe",
				"ip": "155.138.142.145",
				"port": 26656
			},
			"buckets": [
				12,
				119,
				95,
				59
			],
			"attempts": 50,
			"bucket_type": 1,
			"last_attempt": "2024-05-11T01:03:40.079376911+02:00",
			"last_success": "0001-01-01T00:00:00Z",
			"last_ban_time": "0001-01-01T00:00:00Z"
		},
		{
			"addr": {
				"id": "605886634736003095e841b03736a214f5111ffe",
				"ip": "155.138.142.145",
				"port": 26656
			},
			"src": {
				"id": "2f62ee67c160824b9a723f9c07eb7dbd71e812a6",
				"ip": "0.0.0.0",
				"port": 32656
			},
			"buckets": [
				56
			],
			"attempts": 0,
			"bucket_type": 2,
			"last_attempt": "2024-05-11T05:24:31.899745987+02:00",
			"last_success": "2024-05-11T05:24:31.899745987+02:00",
			"last_ban_time": "0001-01-01T00:00:00Z"
		},
		{
			"addr": {
				"id": "c67b43576fec909f72ea2e2031e4c463f1558989",
				"ip": "37.27.61.43",
				"port": 14456
			},
			"src": {
				"id": "09e8f5be4c58c0a8ddf5596742a2322431523f2f",
				"ip": "0.0.0.0",
				"port": 26656
			},
			"buckets": [
				227,
				113,
				245,
				158
			],
			"attempts": 29,
			"bucket_type": 1,
			"last_attempt": "2024-05-11T01:03:10.127553236+02:00",
			"last_success": "0001-01-01T00:00:00Z",
			"last_ban_time": "0001-01-01T00:00:00Z"
		},
		{
			"addr": {
				"id": "9f054ed856640386377752c93a7afc7d56df476a",
				"ip": "88.198.34.105",
				"port": 26656
			},
			"src": {
				"id": "605886634736003095e841b03736a214f5111ffe",
				"ip": "155.138.142.145",
				"port": 26656
			},
			"buckets": [
				89,
				219,
				82,
				154
			],
			"attempts": 50,
			"bucket_type": 1,
			"last_attempt": "2024-05-11T01:03:10.127558717+02:00",
			"last_success": "0001-01-01T00:00:00Z",
			"last_ban_time": "0001-01-01T00:00:00Z"
		},
		{
			"addr": {
				"id": "4d6a8ba29019e2af39910edad5665d8d91d46dde",
				"ip": "65.21.32.216",
				"port": 26656
			},
			"src": {
				"id": "605886634736003095e841b03736a214f5111ffe",
				"ip": "155.138.142.145",
				"port": 26656
			},
			"buckets": [
				181,
				119,
				82,
				28
			],
			"attempts": 49,
			"bucket_type": 1,
			"last_attempt": "2024-05-11T01:08:09.103665018+02:00",
			"last_success": "0001-01-01T00:00:00Z",
			"last_ban_time": "0001-01-01T00:00:00Z"
		},
		{
			"addr": {
				"id": "4984b620efe1b9e309ece17a552c4081068fc75e",
				"ip": "154.38.172.102",
				"port": 26656
			},
			"src": {
				"id": "605886634736003095e841b03736a214f5111ffe",
				"ip": "155.138.142.145",
				"port": 26656
			},
			"buckets": [
				199,
				53,
				4,
				119
			],
			"attempts": 45,
			"bucket_type": 1,
			"last_attempt": "2024-05-11T01:07:10.080158398+02:00",
			"last_success": "0001-01-01T00:00:00Z",
			"last_ban_time": "0001-01-01T00:00:00Z"
		},
		{
			"addr": {
				"id": "9b8667e1ec9c300566c775a9d47f03ec4d2d7497",
				"ip": "144.126.132.101",
				"port": 26656
			},
			"src": {
				"id": "605886634736003095e841b03736a214f5111ffe",
				"ip": "155.138.142.145",
				"port": 26656
			},
			"buckets": [
				20,
				16,
				115,
				135
			],
			"attempts": 50,
			"bucket_type": 1,
			"last_attempt": "2024-05-11T01:08:10.079441825+02:00",
			"last_success": "0001-01-01T00:00:00Z",
			"last_ban_time": "0001-01-01T00:00:00Z"
		},
		{
			"addr": {
				"id": "7c6f9202247fb8e8adf3fbd11c9f2e7eda8326fb",
				"ip": "65.108.78.101",
				"port": 26656
			},
			"src": {
				"id": "605886634736003095e841b03736a214f5111ffe",
				"ip": "155.138.142.145",
				"port": 26656
			},
			"buckets": [
				199,
				183,
				28,
				77
			],
			"attempts": 47,
			"bucket_type": 1,
			"last_attempt": "2024-05-11T01:08:40.07918526+02:00",
			"last_success": "0001-01-01T00:00:00Z",
			"last_ban_time": "0001-01-01T00:00:00Z"
		},
		{
			"addr": {
				"id": "89538e44e0df49ba3bdb7b520ed6f5cb0bfe7c25",
				"ip": "65.109.53.24",
				"port": 26656
			},
			"src": {
				"id": "605886634736003095e841b03736a214f5111ffe",
				"ip": "155.138.142.145",
				"port": 26656
			},
			"buckets": [
				14,
				115,
				80,
				176
			],
			"attempts": 49,
			"bucket_type": 1,
			"last_attempt": "2024-05-11T01:06:42.103661812+02:00",
			"last_success": "0001-01-01T00:00:00Z",
			"last_ban_time": "0001-01-01T00:00:00Z"
		},
		{
			"addr": {
				"id": "2f62ee67c160824b9a723f9c07eb7dbd71e812a6",
				"ip": "88.99.61.53",
				"port": 26656
			},
			"src": {
				"id": "605886634736003095e841b03736a214f5111ffe",
				"ip": "155.138.142.145",
				"port": 26656
			},
			"buckets": [
				18,
				61,
				216,
				77
			],
			"attempts": 51,
			"bucket_type": 1,
			"last_attempt": "2024-05-11T01:06:39.078570609+02:00",
			"last_success": "0001-01-01T00:00:00Z",
			"last_ban_time": "0001-01-01T00:00:00Z"
		},
		{
			"addr": {
				"id": "09e8f5be4c58c0a8ddf5596742a2322431523f2f",
				"ip": "216.128.181.240",
				"port": 26656
			},
			"src": {
				"id": "605886634736003095e841b03736a214f5111ffe",
				"ip": "155.138.142.145",
				"port": 26656
			},
			"buckets": [
				31
			],
			"attempts": 0,
			"bucket_type": 2,
			"last_attempt": "2024-05-11T05:04:52.768194872+02:00",
			"last_success": "2024-05-11T05:04:52.768194872+02:00",
			"last_ban_time": "0001-01-01T00:00:00Z"
		},
		{
			"addr": {
				"id": "84f833a8dd566ec5ef7f9c54b6b0a58fc3738a35",
				"ip": "192.155.91.61",
				"port": 26656
			},
			"src": {
				"id": "605886634736003095e841b03736a214f5111ffe",
				"ip": "155.138.142.145",
				"port": 26656
			},
			"buckets": [
				28
			],
			"attempts": 0,
			"bucket_type": 2,
			"last_attempt": "2024-05-11T06:44:04.572367831+02:00",
			"last_success": "2024-05-11T06:44:04.572367831+02:00",
			"last_ban_time": "0001-01-01T00:00:00Z"
		},
		{
			"addr": {
				"id": "9cbd05e6fededcd2d8b2a783826db2c1e30b7eb2",
				"ip": "155.138.142.145",
				"port": 26656
			},
			"src": {
				"id": "605886634736003095e841b03736a214f5111ffe",
				"ip": "155.138.142.145",
				"port": 26656
			},
			"buckets": [
				210,
				9,
				3,
				139
			],
			"attempts": 0,
			"bucket_type": 1,
			"last_attempt": "2024-05-10T05:14:09.593796619+02:00",
			"last_success": "0001-01-01T00:00:00Z",
			"last_ban_time": "0001-01-01T00:00:00Z"
		}
	]
}
