{
	"key": "e1f72804d7179805d70ff6f1",
	"addrs": [
		{
			"addr": {
				"id": "c43c0b1197f60cde53cb94b18d05a8d64d71a72a",
				"ip": "162.55.245.219",
				"port": 50656
			},
			"src": {
				"id": "a3a9014f82cb69fe0494ea3bc49990027d081a5a",
				"ip": "0.0.0.0",
				"port": 36656
			},
			"buckets": [
				252,
				255,
				116,
				96
			],
			"attempts": 0,
			"bucket_type": 1,
			"last_attempt": "2023-03-07T08:32:01.824979948+01:00",
			"last_success": "0001-01-01T00:00:00Z",
			"last_ban_time": "0001-01-01T00:00:00Z"
		},
		{
			"addr": {
				"id": "a4d48a69d1dcece4cb6a836322a0ab54e39f8816",
				"ip": "65.109.88.180",
				"port": 10656
			},
			"src": {
				"id": "b6b4a4c720c4b4a191f0c5583cc298b545c330df",
				"ip": "65.109.28.219",
				"port": 21656
			},
			"buckets": [
				96,
				64,
				67
			],
			"attempts": 0,
			"bucket_type": 1,
			"last_attempt": "2023-03-14T03:40:16.909938423+01:00",
			"last_success": "0001-01-01T00:00:00Z",
			"last_ban_time": "0001-01-01T00:00:00Z"
		},
		{
			"addr": {
				"id": "50e9bd8647571268df2313df6c46ba9960c9f40e",
				"ip": "178.128.88.30",
				"port": 26656
			},
			"src": {
				"id": "2c40b0aedc41b7c1b20c7c243dd5edd698428c41",
				"ip": "0.0.0.0",
				"port": 26696
			},
			"buckets": [
				75,
				48,
				218
			],
			"attempts": 0,
			"bucket_type": 1,
			"last_attempt": "2023-03-14T03:40:46.801218992+01:00",
			"last_success": "0001-01-01T00:00:00Z",
			"last_ban_time": "0001-01-01T00:00:00Z"
		},
		{
			"addr": {
				"id": "34a4c8433adfc4bf0df7c085ce58ed48664fbdc1",
				"ip": "85.10.193.246",
				"port": 31656
			},
			"src": {
				"id": "34a4c8433adfc4bf0df7c085ce58ed48664fbdc1",
				"ip": "85.10.193.246",
				"port": 31656
			},
			"buckets": [
				70,
				140,
				133
			],
			"attempts": 1,
			"bucket_type": 1,
			"last_attempt": "2023-03-14T03:48:00.349036658+01:00",
			"last_success": "0001-01-01T00:00:00Z",
			"last_ban_time": "0001-01-01T00:00:00Z"
		},
		{
			"addr": {
				"id": "a5c51dc585213f5ad1e4f6e46a1eca544d71b8ae",
				"ip": "65.108.235.209",
				"port": 20656
			},
			"src": {
				"id": "fbeb2b37fe139399d7513219e25afd9eb8f81f4f",
				"ip": "65.21.170.3",
				"port": 38656
			},
			"buckets": [
				162,
				98,
				156,
				44
			],
			"attempts": 1,
			"bucket_type": 1,
			"last_attempt": "2023-03-07T07:11:32.622731808+01:00",
			"last_success": "0001-01-01T00:00:00Z",
			"last_ban_time": "0001-01-01T00:00:00Z"
		},
		{
			"addr": {
				"id": "4764a447ea3518e5017756b42ca5f6442b2f5768",
				"ip": "5.161.114.1",
				"port": 26656
			},
			"src": {
				"id": "239caa37cb0f131b01be8151631b649dc700cd97",
				"ip": "0.0.0.0",
				"port": 46656
			},
			"buckets": [
				112,
				35,
				218
			],
			"attempts": 0,
			"bucket_type": 1,
			"last_attempt": "2023-03-14T03:40:16.910065408+01:00",
			"last_success": "0001-01-01T00:00:00Z",
			"last_ban_time": "0001-01-01T00:00:00Z"
		},
		{
			"addr": {
				"id": "0621bb73d18724cae4eb411e6b96765f95a3345e",
				"ip": "178.63.8.245",
				"port": 61356
			},
			"src": {
				"id": "239caa37cb0f131b01be8151631b649dc700cd97",
				"ip": "0.0.0.0",
				"port": 46656
			},
			"buckets": [
				111,
				9
			],
			"attempts": 0,
			"bucket_type": 1,
			"last_attempt": "2023-03-14T03:40:16.910120704+01:00",
			"last_success": "0001-01-01T00:00:00Z",
			"last_ban_time": "0001-01-01T00:00:00Z"
		},
		{
			"addr": {
				"id": "0465032114df76df206c9983968f2d229b3a50d6",
				"ip": "88.198.32.17",
				"port": 39656
			},
			"src": {
				"id": "9aa8a73ea9364aa3cf7806d4dd25b6aed88d8152",
				"ip": "0.0.0.0",
				"port": 11556
			},
			"buckets": [
				44
			],
			"attempts": 2,
			"bucket_type": 2,
			"last_attempt": "2023-03-14T03:46:30.352211815+01:00",
			"last_success": "2023-03-07T12:44:13.238631481+01:00",
			"last_ban_time": "0001-01-01T00:00:00Z"
		},
		{
			"addr": {
				"id": "449e8353299d69d73a916fda5f83e8c1d812d61b",
				"ip": "65.109.122.105",
				"port": 61950
			},
			"src": {
				"id": "9aa8a73ea9364aa3cf7806d4dd25b6aed88d8152",
				"ip": "0.0.0.0",
				"port": 11556
			},
			"buckets": [
				169,
				89,
				75,
				249
			],
			"attempts": 0,
			"bucket_type": 1,
			"last_attempt": "2023-03-07T06:59:08.81747641+01:00",
			"last_success": "0001-01-01T00:00:00Z",
			"last_ban_time": "0001-01-01T00:00:00Z"
		},
		{
			"addr": {
				"id": "91eba8f362b6c41d324ff26f316ce0b50d22b955",
				"ip": "213.136.84.176",
				"port": 10656
			},
			"src": {
				"id": "239caa37cb0f131b01be8151631b649dc700cd97",
				"ip": "0.0.0.0",
				"port": 46656
			},
			"buckets": [
				144,
				85
			],
			"attempts": 0,
			"bucket_type": 1,
			"last_attempt": "2023-03-14T03:41:16.708870196+01:00",
			"last_success": "0001-01-01T00:00:00Z",
			"last_ban_time": "0001-01-01T00:00:00Z"
		},
		{
			"addr": {
				"id": "408ee86160af26ee7204d220498e80638f7874f4",
				"ip": "161.97.109.47",
				"port": 38656
			},
			"src": {
				"id": "c37e444f67af17545393ad16930cd68dc7e3fd08",
				"ip": "95.216.7.169",
				"port": 61156
			},
			"buckets": [
				41
			],
			"attempts": 0,
			"bucket_type": 2,
			"last_attempt": "2023-03-07T11:24:20.834100121+01:00",
			"last_success": "2023-03-07T11:24:20.834100121+01:00",
			"last_ban_time": "0001-01-01T00:00:00Z"
		},
		{
			"addr": {
				"id": "b2dab123643e21ff4604c2049e50d3e922b35818",
				"ip": "65.21.61.254",
				"port": 26656
			},
			"src": {
				"id": "62fa77951a7c8f323c0499fff716cd86932d8996",
				"ip": "0.0.0.0",
				"port": 24214
			},
			"buckets": [
				106,
				196,
				57,
				165
			],
			"attempts": 0,
			"bucket_type": 1,
			"last_attempt": "2023-03-14T03:40:16.92045344+01:00",
			"last_success": "0001-01-01T00:00:00Z",
			"last_ban_time": "0001-01-01T00:00:00Z"
		},
		{
			"addr": {
				"id": "b16d876c443850cd358596790411b835d3f1735b",
				"ip": "95.214.53.46",
				"port": 35656
			},
			"src": {
				"id": "d5519e378247dfb61dfe90652d1fe3e2b3005a5b",
				"ip": "0.0.0.0",
				"port": 50656
			},
			"buckets": [
				25,
				5
			],
			"attempts": 0,
			"bucket_type": 1,
			"last_attempt": "2023-03-14T03:42:46.825151984+01:00",
			"last_success": "0001-01-01T00:00:00Z",
			"last_ban_time": "0001-01-01T00:00:00Z"
		},
		{
			"addr": {
				"id": "4f3ae90ab38c9c327654084a4f1ac9a89b097fc3",
				"ip": "51.81.208.203",
				"port": 26656
			},
			"src": {
				"id": "b6b4a4c720c4b4a191f0c5583cc298b545c330df",
				"ip": "65.109.28.219",
				"port": 21656
			},
			"buckets": [
				96,
				145,
				192
			],
			"attempts": 0,
			"bucket_type": 1,
			"last_attempt": "2023-03-14T03:40:16.909854613+01:00",
			"last_success": "0001-01-01T00:00:00Z",
			"last_ban_time": "0001-01-01T00:00:00Z"
		},
		{
			"addr": {
				"id": "9570a07d57fd1b028e3638e9bf92cd15031ff77d",
				"ip": "144.91.66.143",
				"port": 28656
			},
			"src": {
				"id": "b6b4a4c720c4b4a191f0c5583cc298b545c330df",
				"ip": "65.109.28.219",
				"port": 21656
			},
			"buckets": [
				106,
				132,
				141
			],
			"attempts": 0,
			"bucket_type": 1,
			"last_attempt": "2023-03-14T03:40:16.909844073+01:00",
			"last_success": "0001-01-01T00:00:00Z",
			"last_ban_time": "0001-01-01T00:00:00Z"
		},
		{
			"addr": {
				"id": "e052b7c899bae41f6d89f70f81de50e28b72a7bf",
				"ip": "38.242.237.100",
				"port": 26656
			},
			"src": {
				"id": "b6b4a4c720c4b4a191f0c5583cc298b545c330df",
				"ip": "65.109.28.219",
				"port": 21656
			},
			"buckets": [
				237,
				90
			],
			"attempts": 0,
			"bucket_type": 1,
			"last_attempt": "2023-03-14T03:40:16.909924557+01:00",
			"last_success": "0001-01-01T00:00:00Z",
			"last_ban_time": "0001-01-01T00:00:00Z"
		},
		{
			"addr": {
				"id": "3aa524190b7c54c2cfe1d7c386e49748be479160",
				"ip": "195.46.165.3",
				"port": 26656
			},
			"src": {
				"id": "62fa77951a7c8f323c0499fff716cd86932d8996",
				"ip": "0.0.0.0",
				"port": 24214
			},
			"buckets": [
				186,
				6
			],
			"attempts": 0,
			"bucket_type": 1,
			"last_attempt": "2023-03-14T03:40:16.920442389+01:00",
			"last_success": "0001-01-01T00:00:00Z",
			"last_ban_time": "0001-01-01T00:00:00Z"
		},
		{
			"addr": {
				"id": "f35a6ea4693d24d3727a8e866acab2a9faa2ddbc",
				"ip": "91.223.3.144",
				"port": 26256
			},
			"src": {
				"id": "2c40b0aedc41b7c1b20c7c243dd5edd698428c41",
				"ip": "0.0.0.0",
				"port": 26696
			},
			"buckets": [
				230
			],
			"attempts": 0,
			"bucket_type": 1,
			"last_attempt": "2023-03-14T03:40:46.801165629+01:00",
			"last_success": "0001-01-01T00:00:00Z",
			"last_ban_time": "0001-01-01T00:00:00Z"
		},
		{
			"addr": {
				"id": "239caa37cb0f131b01be8151631b649dc700cd97",
				"ip": "95.217.200.36",
				"port": 46656
			},
			"src": {
				"id": "9aa8a73ea9364aa3cf7806d4dd25b6aed88d8152",
				"ip": "0.0.0.0",
				"port": 11556
			},
			"buckets": [
				161,
				141,
				244,
				142
			],
			"attempts": 0,
			"bucket_type": 1,
			"last_attempt": "2023-03-07T06:59:08.817473565+01:00",
			"last_success": "0001-01-01T00:00:00Z",
			"last_ban_time": "0001-01-01T00:00:00Z"
		},
		{
			"addr": {
				"id": "5af3d50dcc231884f3d3da3e3caecb0deef1dc5b",
				"ip": "142.132.134.112",
				"port": 25356
			},
			"src": {
				"id": "9aa8a73ea9364aa3cf7806d4dd25b6aed88d8152",
				"ip": "0.0.0.0",
				"port": 11556
			},
			"buckets": [
				98,
				70,
				234,
				235
			],
			"attempts": 0,
			"bucket_type": 1,
			"last_attempt": "2023-03-07T06:59:08.817459519+01:00",
			"last_success": "0001-01-01T00:00:00Z",
			"last_ban_time": "0001-01-01T00:00:00Z"
		},
		{
			"addr": {
				"id": "bf834f428aed19dd1937d66327cb6244d7722b0d",
				"ip": "65.108.201.189",
				"port": 26676
			},
			"src": {
				"id": "d5519e378247dfb61dfe90652d1fe3e2b3005a5b",
				"ip": "0.0.0.0",
				"port": 50656
			},
			"buckets": [
				49,
				245,
				140
			],
			"attempts": 0,
			"bucket_type": 1,
			"last_attempt": "2023-03-14T03:40:16.926598802+01:00",
			"last_success": "0001-01-01T00:00:00Z",
			"last_ban_time": "0001-01-01T00:00:00Z"
		},
		{
			"addr": {
				"id": "37282a6330d157266c20feb4f09f2e559e3d38ef",
				"ip": "65.109.90.171",
				"port": 36656
			},
			"src": {
				"id": "b6b4a4c720c4b4a191f0c5583cc298b545c330df",
				"ip": "65.109.28.219",
				"port": 21656
			},
			"buckets": [
				96
			],
			"attempts": 0,
			"bucket_type": 1,
			"last_attempt": "2023-03-14T03:40:16.909815488+01:00",
			"last_success": "0001-01-01T00:00:00Z",
			"last_ban_time": "0001-01-01T00:00:00Z"
		},
		{
			"addr": {
				"id": "3aeec94e9567c66ad6bb76b496aff6d55fd53d32",
				"ip": "65.109.171.22",
				"port": 26656
			},
			"src": {
				"id": "fbeb2b37fe139399d7513219e25afd9eb8f81f4f",
				"ip": "65.21.170.3",
				"port": 38656
			},
			"buckets": [
				90,
				109,
				89,
				211
			],
			"attempts": 0,
			"bucket_type": 1,
			"last_attempt": "2023-03-07T06:59:38.806063293+01:00",
			"last_success": "0001-01-01T00:00:00Z",
			"last_ban_time": "0001-01-01T00:00:00Z"
		},
		{
			"addr": {
				"id": "0ccc4bd8386fbec1421e3c19c24124eeb00b3293",
				"ip": "46.101.144.90",
				"port": 28656
			},
			"src": {
				"id": "bab2e24e088af1efc88684a83024fa31baad34e5",
				"ip": "0.0.0.0",
				"port": 26656
			},
			"buckets": [
				135
			],
			"attempts": 0,
			"bucket_type": 1,
			"last_attempt": "2023-03-14T03:46:27.59076602+01:00",
			"last_success": "0001-01-01T00:00:00Z",
			"last_ban_time": "0001-01-01T00:00:00Z"
		},
		{
			"addr": {
				"id": "c177ddcbd2f52a6678d892ebb7409e4477f15335",
				"ip": "35.184.197.204",
				"port": 26656
			},
			"src": {
				"id": "9aa8a73ea9364aa3cf7806d4dd25b6aed88d8152",
				"ip": "0.0.0.0",
				"port": 11556
			},
			"buckets": [
				124,
				9,
				184,
				156
			],
			"attempts": 0,
			"bucket_type": 1,
			"last_attempt": "2023-03-07T06:59:08.817393948+01:00",
			"last_success": "0001-01-01T00:00:00Z",
			"last_ban_time": "0001-01-01T00:00:00Z"
		},
		{
			"addr": {
				"id": "8fbfa810cb666ddef1c9f4405e933ef49138f35a",
				"ip": "65.108.199.120",
				"port": 54656
			},
			"src": {
				"id": "b6b4a4c720c4b4a191f0c5583cc298b545c330df",
				"ip": "65.109.28.219",
				"port": 21656
			},
			"buckets": [
				44,
				49
			],
			"attempts": 0,
			"bucket_type": 1,
			"last_attempt": "2023-03-14T03:40:16.909893778+01:00",
			"last_success": "0001-01-01T00:00:00Z",
			"last_ban_time": "0001-01-01T00:00:00Z"
		},
		{
			"addr": {
				"id": "dacdb802de389deb5ccf9100e049209f55f62854",
				"ip": "188.40.98.169",
				"port": 29656
			},
			"src": {
				"id": "239caa37cb0f131b01be8151631b649dc700cd97",
				"ip": "0.0.0.0",
				"port": 46656
			},
			"buckets": [
				0,
				200
			],
			"attempts": 0,
			"bucket_type": 1,
			"last_attempt": "2023-03-14T03:41:16.708955039+01:00",
			"last_success": "0001-01-01T00:00:00Z",
			"last_ban_time": "0001-01-01T00:00:00Z"
		},
		{
			"addr": {
				"id": "fb45d68ce227d2bd3b112d26d27341faebc3736e",
				"ip": "78.46.61.117",
				"port": 3656
			},
			"src": {
				"id": "62fa77951a7c8f323c0499fff716cd86932d8996",
				"ip": "0.0.0.0",
				"port": 24214
			},
			"buckets": [
				196,
				36,
				131
			],
			"attempts": 0,
			"bucket_type": 1,
			"last_attempt": "2023-03-14T03:40:16.920485411+01:00",
			"last_success": "0001-01-01T00:00:00Z",
			"last_ban_time": "0001-01-01T00:00:00Z"
		},
		{
			"addr": {
				"id": "5c2a752c9b1952dbed075c56c600c3a79b58c395",
				"ip": "195.3.220.136",
				"port": 27226
			},
			"src": {
				"id": "b6b4a4c720c4b4a191f0c5583cc298b545c330df",
				"ip": "65.109.28.219",
				"port": 21656
			},
			"buckets": [
				127,
				202,
				8
			],
			"attempts": 0,
			"bucket_type": 1,
			"last_attempt": "2023-03-14T03:40:16.909826809+01:00",
			"last_success": "0001-01-01T00:00:00Z",
			"last_ban_time": "0001-01-01T00:00:00Z"
		},
		{
			"addr": {
				"id": "3de750927e66b01bb566c1c189beeb43b7cde73f",
				"ip": "213.239.216.252",
				"port": 47656
			},
			"src": {
				"id": "f474a520009496972515f843cdb835fc7d663779",
				"ip": "65.109.23.114",
				"port": 21656
			},
			"buckets": [
				85,
				95,
				64
			],
			"attempts": 1,
			"bucket_type": 1,
			"last_attempt": "2023-03-14T03:47:00.348746431+01:00",
			"last_success": "0001-01-01T00:00:00Z",
			"last_ban_time": "0001-01-01T00:00:00Z"
		},
		{
			"addr": {
				"id": "d97bd8a6ca6766efd8f5a5fb5af96a92a4f2fe4e",
				"ip": "195.3.222.189",
				"port": 28656
			},
			"src": {
				"id": "b6b4a4c720c4b4a191f0c5583cc298b545c330df",
				"ip": "65.109.28.219",
				"port": 21656
			},
			"buckets": [
				127,
				202
			],
			"attempts": 0,
			"bucket_type": 1,
			"last_attempt": "2023-03-14T03:40:16.909911111+01:00",
			"last_success": "0001-01-01T00:00:00Z",
			"last_ban_time": "0001-01-01T00:00:00Z"
		},
		{
			"addr": {
				"id": "f6d6e625759814e157457a5889961e02dba26ba6",
				"ip": "65.109.92.240",
				"port": 37096
			},
			"src": {
				"id": "d5519e378247dfb61dfe90652d1fe3e2b3005a5b",
				"ip": "0.0.0.0",
				"port": 50656
			},
			"buckets": [
				139
			],
			"attempts": 0,
			"bucket_type": 1,
			"last_attempt": "2023-03-14T03:46:57.572763772+01:00",
			"last_success": "0001-01-01T00:00:00Z",
			"last_ban_time": "0001-01-01T00:00:00Z"
		},
		{
			"addr": {
				"id": "863a266ca1a958b9d122511289041905120e26dd",
				"ip": "185.245.183.254",
				"port": 26656
			},
			"src": {
				"id": "e052b7c899bae41f6d89f70f81de50e28b72a7bf",
				"ip": "0.0.0.0",
				"port": 26656
			},
			"buckets": [
				35,
				219
			],
			"attempts": 0,
			"bucket_type": 1,
			"last_attempt": "2023-03-14T03:46:57.582526034+01:00",
			"last_success": "0001-01-01T00:00:00Z",
			"last_ban_time": "0001-01-01T00:00:00Z"
		},
		{
			"addr": {
				"id": "ca46b2279f09daf8e89a8571ad1ccb3f8e6d0463",
				"ip": "185.15.244.245",
				"port": 50656
			},
			"src": {
				"id": "2c40b0aedc41b7c1b20c7c243dd5edd698428c41",
				"ip": "0.0.0.0",
				"port": 26696
			},
			"buckets": [
				22,
				15,
				73
			],
			"attempts": 0,
			"bucket_type": 1,
			"last_attempt": "2023-03-14T03:40:46.801156452+01:00",
			"last_success": "0001-01-01T00:00:00Z",
			"last_ban_time": "0001-01-01T00:00:00Z"
		},
		{
			"addr": {
				"id": "3ae9b1f545cb78a361971259cbeff41341fabb3c",
				"ip": "65.108.97.58",
				"port": 2626
			},
			"src": {
				"id": "b6b4a4c720c4b4a191f0c5583cc298b545c330df",
				"ip": "65.109.28.219",
				"port": 21656
			},
			"buckets": [
				44,
				49
			],
			"attempts": 0,
			"bucket_type": 1,
			"last_attempt": "2023-03-14T03:40:16.909810408+01:00",
			"last_success": "0001-01-01T00:00:00Z",
			"last_ban_time": "0001-01-01T00:00:00Z"
		},
		{
			"addr": {
				"id": "7416a65de3cc548a537dbb8bdf93dbd83fe401d2",
				"ip": "78.107.234.44",
				"port": 26656
			},
			"src": {
				"id": "9aa8a73ea9364aa3cf7806d4dd25b6aed88d8152",
				"ip": "0.0.0.0",
				"port": 11556
			},
			"buckets": [
				29
			],
			"attempts": 1,
			"bucket_type": 2,
			"last_attempt": "2023-03-14T03:40:16.692504827+01:00",
			"last_success": "2023-03-07T13:18:27.692895035+01:00",
			"last_ban_time": "0001-01-01T00:00:00Z"
		},
		{
			"addr": {
				"id": "9f53e51449968bb2d2faad15dc4220757c4c33cd",
				"ip": "213.239.215.77",
				"port": 47656
			},
			"src": {
				"id": "d5519e378247dfb61dfe90652d1fe3e2b3005a5b",
				"ip": "0.0.0.0",
				"port": 50656
			},
			"buckets": [
				20,
				217
			],
			"attempts": 0,
			"bucket_type": 1,
			"last_attempt": "2023-03-14T03:40:46.818554345+01:00",
			"last_success": "0001-01-01T00:00:00Z",
			"last_ban_time": "0001-01-01T00:00:00Z"
		},
		{
			"addr": {
				"id": "cb706ebe1d7a1f1d3e281bf46a78d84251f50810",
				"ip": "95.216.14.72",
				"port": 26656
			},
			"src": {
				"id": "62fa77951a7c8f323c0499fff716cd86932d8996",
				"ip": "0.0.0.0",
				"port": 24214
			},
			"buckets": [
				111
			],
			"attempts": 0,
			"bucket_type": 1,
			"last_attempt": "2023-03-14T03:40:16.920504158+01:00",
			"last_success": "0001-01-01T00:00:00Z",
			"last_ban_time": "0001-01-01T00:00:00Z"
		},
		{
			"addr": {
				"id": "1b5c5927e6e3685b3e9fc278ca4c9d7002d4cc10",
				"ip": "65.21.134.250",
				"port": 26656
			},
			"src": {
				"id": "b6b4a4c720c4b4a191f0c5583cc298b545c330df",
				"ip": "65.109.28.219",
				"port": 21656
			},
			"buckets": [
				252,
				106,
				196,
				38
			],
			"attempts": 1,
			"bucket_type": 1,
			"last_attempt": "2023-03-14T03:47:58.347770033+01:00",
			"last_success": "0001-01-01T00:00:00Z",
			"last_ban_time": "0001-01-01T00:00:00Z"
		},
		{
			"addr": {
				"id": "3c8b9cf60b33bdd8b41db6d8af1009e91e14afc8",
				"ip": "5.78.67.243",
				"port": 26656
			},
			"src": {
				"id": "239caa37cb0f131b01be8151631b649dc700cd97",
				"ip": "0.0.0.0",
				"port": 46656
			},
			"buckets": [
				82,
				221
			],
			"attempts": 0,
			"bucket_type": 1,
			"last_attempt": "2023-03-14T03:40:16.910108951+01:00",
			"last_success": "0001-01-01T00:00:00Z",
			"last_ban_time": "0001-01-01T00:00:00Z"
		},
		{
			"addr": {
				"id": "9bcec17faba1b8f6583d37103f20bd9b968ac857",
				"ip": "38.146.3.230",
				"port": 21656
			},
			"src": {
				"id": "fbeb2b37fe139399d7513219e25afd9eb8f81f4f",
				"ip": "65.21.170.3",
				"port": 38656
			},
			"buckets": [
				122,
				115,
				29,
				135
			],
			"attempts": 0,
			"bucket_type": 1,
			"last_attempt": "2023-03-07T06:59:38.806028879+01:00",
			"last_success": "0001-01-01T00:00:00Z",
			"last_ban_time": "0001-01-01T00:00:00Z"
		},
		{
			"addr": {
				"id": "06f673591d9302c2beab5130b77bbb0a6a69364d",
				"ip": "116.202.227.117",
				"port": 50656
			},
			"src": {
				"id": "9aa8a73ea9364aa3cf7806d4dd25b6aed88d8152",
				"ip": "0.0.0.0",
				"port": 11556
			},
			"buckets": [
				65,
				246,
				78,
				20
			],
			"attempts": 1,
			"bucket_type": 1,
			"last_attempt": "2023-03-14T03:47:00.350051655+01:00",
			"last_success": "0001-01-01T00:00:00Z",
			"last_ban_time": "0001-01-01T00:00:00Z"
		},
		{
			"addr": {
				"id": "d2489830a5e91ec214edfc54756512e4f89f2609",
				"ip": "65.109.92.79",
				"port": 12656
			},
			"src": {
				"id": "d2489830a5e91ec214edfc54756512e4f89f2609",
				"ip": "65.109.92.79",
				"port": 12656
			},
			"buckets": [
				75,
				211,
				249,
				64
			],
			"attempts": 0,
			"bucket_type": 1,
			"last_attempt": "2023-03-07T10:34:12.905339577+01:00",
			"last_success": "0001-01-01T00:00:00Z",
			"last_ban_time": "0001-01-01T00:00:00Z"
		},
		{
			"addr": {
				"id": "8e69c82fd42041a5eff49bcb94ae65c037aa45a9",
				"ip": "65.109.87.88",
				"port": 26156
			},
			"src": {
				"id": "d18abe07d27a732e913a782d31b691087a76078d",
				"ip": "88.99.164.158",
				"port": 37096
			},
			"buckets": [
				119,
				139
			],
			"attempts": 0,
			"bucket_type": 1,
			"last_attempt": "2023-03-14T03:40:19.34894271+01:00",
			"last_success": "0001-01-01T00:00:00Z",
			"last_ban_time": "0001-01-01T00:00:00Z"
		},
		{
			"addr": {
				"id": "8671c2dbbfd918374292e2c760704414d853f5b7",
				"ip": "35.215.121.109",
				"port": 26656
			},
			"src": {
				"id": "9aa8a73ea9364aa3cf7806d4dd25b6aed88d8152",
				"ip": "0.0.0.0",
				"port": 11556
			},
			"buckets": [
				180,
				47,
				152,
				245
			],
			"attempts": 0,
			"bucket_type": 1,
			"last_attempt": "2023-03-07T06:59:08.817464318+01:00",
			"last_success": "0001-01-01T00:00:00Z",
			"last_ban_time": "0001-01-01T00:00:00Z"
		},
		{
			"addr": {
				"id": "ea0ad608f0fa47e20047569c7c0c1ff76dd3d724",
				"ip": "45.151.123.72",
				"port": 28656
			},
			"src": {
				"id": "d5519e378247dfb61dfe90652d1fe3e2b3005a5b",
				"ip": "0.0.0.0",
				"port": 50656
			},
			"buckets": [
				6,
				72
			],
			"attempts": 0,
			"bucket_type": 1,
			"last_attempt": "2023-03-14T03:40:46.818533004+01:00",
			"last_success": "0001-01-01T00:00:00Z",
			"last_ban_time": "0001-01-01T00:00:00Z"
		},
		{
			"addr": {
				"id": "3cd8b55fbb2c4e87ee5e39554155051d0d98edc4",
				"ip": "188.34.187.252",
				"port": 50656
			},
			"src": {
				"id": "d18abe07d27a732e913a782d31b691087a76078d",
				"ip": "88.99.164.158",
				"port": 37096
			},
			"buckets": [
				73,
				196
			],
			"attempts": 0,
			"bucket_type": 1,
			"last_attempt": "2023-03-14T03:40:19.349000691+01:00",
			"last_success": "0001-01-01T00:00:00Z",
			"last_ban_time": "0001-01-01T00:00:00Z"
		},
		{
			"addr": {
				"id": "d1c5c6bf4641d1800e931af6858275f08c20706d",
				"ip": "23.88.5.169",
				"port": 18656
			},
			"src": {
				"id": "4e309b79b9147a0243f6e0cbc824f86e10bd09de",
				"ip": "0.0.0.0",
				"port": 50656
			},
			"buckets": [
				82,
				244
			],
			"attempts": 0,
			"bucket_type": 1,
			"last_attempt": "2023-03-14T03:40:46.909397888+01:00",
			"last_success": "0001-01-01T00:00:00Z",
			"last_ban_time": "0001-01-01T00:00:00Z"
		},
		{
			"addr": {
				"id": "4b54b62848bc09a68fc2cacb354fc6fcd10c8472",
				"ip": "49.12.123.97",
				"port": 56656
			},
			"src": {
				"id": "9aa8a73ea9364aa3cf7806d4dd25b6aed88d8152",
				"ip": "0.0.0.0",
				"port": 11556
			},
			"buckets": [
				135,
				199,
				178,
				120
			],
			"attempts": 0,
			"bucket_type": 1,
			"last_attempt": "2023-03-07T06:59:08.817414556+01:00",
			"last_success": "0001-01-01T00:00:00Z",
			"last_ban_time": "0001-01-01T00:00:00Z"
		},
		{
			"addr": {
				"id": "1879aa588b4d6431bf40543f3a44129dcf60a043",
				"ip": "144.91.77.68",
				"port": 50656
			},
			"src": {
				"id": "b6b4a4c720c4b4a191f0c5583cc298b545c330df",
				"ip": "65.109.28.219",
				"port": 21656
			},
			"buckets": [
				106,
				132
			],
			"attempts": 0,
			"bucket_type": 1,
			"last_attempt": "2023-03-14T03:40:16.909858962+01:00",
			"last_success": "0001-01-01T00:00:00Z",
			"last_ban_time": "0001-01-01T00:00:00Z"
		},
		{
			"addr": {
				"id": "e7689e281278e2e52c95962cab219e681b641c1a",
				"ip": "46.0.203.78",
				"port": 21656
			},
			"src": {
				"id": "d18abe07d27a732e913a782d31b691087a76078d",
				"ip": "88.99.164.158",
				"port": 37096
			},
			"buckets": [
				9,
				97,
				55
			],
			"attempts": 0,
			"bucket_type": 1,
			"last_attempt": "2023-03-14T03:40:19.348911741+01:00",
			"last_success": "0001-01-01T00:00:00Z",
			"last_ban_time": "0001-01-01T00:00:00Z"
		},
		{
			"addr": {
				"id": "c2f1a2474219cdd314e271429b415732261ebaa3",
				"ip": "148.251.19.197",
				"port": 26666
			},
			"src": {
				"id": "239caa37cb0f131b01be8151631b649dc700cd97",
				"ip": "0.0.0.0",
				"port": 46656
			},
			"buckets": [
				90,
				217,
				6
			],
			"attempts": 0,
			"bucket_type": 1,
			"last_attempt": "2023-03-14T03:40:16.910074845+01:00",
			"last_success": "0001-01-01T00:00:00Z",
			"last_ban_time": "0001-01-01T00:00:00Z"
		},
		{
			"addr": {
				"id": "2223f5bf494729b9e9fdf6693d116d34e9d29755",
				"ip": "141.94.193.28",
				"port": 55756
			},
			"src": {
				"id": "9aa8a73ea9364aa3cf7806d4dd25b6aed88d8152",
				"ip": "0.0.0.0",
				"port": 11556
			},
			"buckets": [
				203,
				41,
				243,
				100
			],
			"attempts": 0,
			"bucket_type": 1,
			"last_attempt": "2023-03-07T06:59:08.817453578+01:00",
			"last_success": "0001-01-01T00:00:00Z",
			"last_ban_time": "0001-01-01T00:00:00Z"
		},
		{
			"addr": {
				"id": "3a9c8c2c04e6ef9fbc4e5a276724cedba252516c",
				"ip": "185.246.86.50",
				"port": 26656
			},
			"src": {
				"id": "239caa37cb0f131b01be8151631b649dc700cd97",
				"ip": "0.0.0.0",
				"port": 46656
			},
			"buckets": [
				111,
				229
			],
			"attempts": 0,
			"bucket_type": 1,
			"last_attempt": "2023-03-14T03:40:16.910161822+01:00",
			"last_success": "0001-01-01T00:00:00Z",
			"last_ban_time": "0001-01-01T00:00:00Z"
		},
		{
			"addr": {
				"id": "21f35146e8905d6786b69486b1d27b680fb3c548",
				"ip": "65.109.89.5",
				"port": 40656
			},
			"src": {
				"id": "408ee86160af26ee7204d220498e80638f7874f4",
				"ip": "161.97.109.47",
				"port": 38656
			},
			"buckets": [
				74,
				247,
				226,
				67
			],
			"attempts": 0,
			"bucket_type": 1,
			"last_attempt": "2023-03-07T10:57:01.861431968+01:00",
			"last_success": "0001-01-01T00:00:00Z",
			"last_ban_time": "0001-01-01T00:00:00Z"
		},
		{
			"addr": {
				"id": "cabd6a59d90f477a4dd04e87543d01f97b9b619e",
				"ip": "185.9.144.138",
				"port": 46656
			},
			"src": {
				"id": "2c40b0aedc41b7c1b20c7c243dd5edd698428c41",
				"ip": "0.0.0.0",
				"port": 26696
			},
			"buckets": [
				186,
				196,
				141
			],
			"attempts": 0,
			"bucket_type": 1,
			"last_attempt": "2023-03-14T03:40:46.801185287+01:00",
			"last_success": "0001-01-01T00:00:00Z",
			"last_ban_time": "0001-01-01T00:00:00Z"
		},
		{
			"addr": {
				"id": "3832f6d02addadfe4acfbd1a87ccc009642a348e",
				"ip": "195.46.165.3",
				"port": 26656
			},
			"src": {
				"id": "d5519e378247dfb61dfe90652d1fe3e2b3005a5b",
				"ip": "0.0.0.0",
				"port": 50656
			},
			"buckets": [
				186,
				6,
				3
			],
			"attempts": 1,
			"bucket_type": 1,
			"last_attempt": "2023-03-14T03:46:27.481516279+01:00",
			"last_success": "0001-01-01T00:00:00Z",
			"last_ban_time": "0001-01-01T00:00:00Z"
		},
		{
			"addr": {
				"id": "d33d825c394e622776d519c4add5186f85548664",
				"ip": "178.128.84.49",
				"port": 50656
			},
			"src": {
				"id": "fbeb2b37fe139399d7513219e25afd9eb8f81f4f",
				"ip": "65.21.170.3",
				"port": 38656
			},
			"buckets": [
				122,
				14,
				142,
				25
			],
			"attempts": 1,
			"bucket_type": 1,
			"last_attempt": "2023-03-14T03:48:27.760573752+01:00",
			"last_success": "0001-01-01T00:00:00Z",
			"last_ban_time": "0001-01-01T00:00:00Z"
		},
		{
			"addr": {
				"id": "ee88e9e3d028ccbb3c16849af96e5b7288f5e694",
				"ip": "35.215.116.65",
				"port": 26656
			},
			"src": {
				"id": "9aa8a73ea9364aa3cf7806d4dd25b6aed88d8152",
				"ip": "0.0.0.0",
				"port": 11556
			},
			"buckets": [
				180,
				47,
				152,
				78
			],
			"attempts": 1,
			"bucket_type": 1,
			"last_attempt": "2023-03-14T03:46:58.347413788+01:00",
			"last_success": "0001-01-01T00:00:00Z",
			"last_ban_time": "0001-01-01T00:00:00Z"
		},
		{
			"addr": {
				"id": "622e5b7bc26be4edc4a9112ed0c5c8b00aa72721",
				"ip": "185.246.84.196",
				"port": 26656
			},
			"src": {
				"id": "2c40b0aedc41b7c1b20c7c243dd5edd698428c41",
				"ip": "0.0.0.0",
				"port": 26696
			},
			"buckets": [
				111,
				88
			],
			"attempts": 0,
			"bucket_type": 1,
			"last_attempt": "2023-03-14T03:40:46.801243719+01:00",
			"last_success": "0001-01-01T00:00:00Z",
			"last_ban_time": "0001-01-01T00:00:00Z"
		},
		{
			"addr": {
				"id": "9dc1f555bd37d6840237f32a2cd4d79ba1c80cb5",
				"ip": "65.108.227.112",
				"port": 31656
			},
			"src": {
				"id": "fbeb2b37fe139399d7513219e25afd9eb8f81f4f",
				"ip": "65.21.170.3",
				"port": 38656
			},
			"buckets": [
				162,
				160,
				39,
				156
			],
			"attempts": 1,
			"bucket_type": 1,
			"last_attempt": "2023-03-14T03:40:19.617367269+01:00",
			"last_success": "0001-01-01T00:00:00Z",
			"last_ban_time": "0001-01-01T00:00:00Z"
		},
		{
			"addr": {
				"id": "ac5089a8789736e2bc3eee0bf79ca04e22202bef",
				"ip": "162.55.80.116",
				"port": 29656
			},
			"src": {
				"id": "9aa8a73ea9364aa3cf7806d4dd25b6aed88d8152",
				"ip": "0.0.0.0",
				"port": 11556
			},
			"buckets": [
				188,
				34,
				235,
				81
			],
			"attempts": 1,
			"bucket_type": 1,
			"last_attempt": "2023-03-14T03:47:30.350574152+01:00",
			"last_success": "0001-01-01T00:00:00Z",
			"last_ban_time": "0001-01-01T00:00:00Z"
		},
		{
			"addr": {
				"id": "251a2d31f7dd72146e44bf1d83d6021345c2515e",
				"ip": "195.46.165.3",
				"port": 26656
			},
			"src": {
				"id": "62fa77951a7c8f323c0499fff716cd86932d8996",
				"ip": "0.0.0.0",
				"port": 24214
			},
			"buckets": [
				186,
				6
			],
			"attempts": 0,
			"bucket_type": 1,
			"last_attempt": "2023-03-14T03:40:16.920434074+01:00",
			"last_success": "0001-01-01T00:00:00Z",
			"last_ban_time": "0001-01-01T00:00:00Z"
		},
		{
			"addr": {
				"id": "f2d8eecc56cf58f406b2942824cccf390de762ba",
				"ip": "91.142.78.203",
				"port": 26656
			},
			"src": {
				"id": "62fa77951a7c8f323c0499fff716cd86932d8996",
				"ip": "0.0.0.0",
				"port": 24214
			},
			"buckets": [
				197,
				83,
				133
			],
			"attempts": 1,
			"bucket_type": 1,
			"last_attempt": "2023-03-14T03:42:16.678942257+01:00",
			"last_success": "0001-01-01T00:00:00Z",
			"last_ban_time": "0001-01-01T00:00:00Z"
		},
		{
			"addr": {
				"id": "311b3a8649a24e4a816284b92f2f3af30ac292d7",
				"ip": "51.195.89.114",
				"port": 21156
			},
			"src": {
				"id": "9aa8a73ea9364aa3cf7806d4dd25b6aed88d8152",
				"ip": "0.0.0.0",
				"port": 11556
			},
			"buckets": [
				103,
				34,
				73,
				28
			],
			"attempts": 2,
			"bucket_type": 1,
			"last_attempt": "2023-03-07T07:12:02.623749493+01:00",
			"last_success": "0001-01-01T00:00:00Z",
			"last_ban_time": "0001-01-01T00:00:00Z"
		},
		{
			"addr": {
				"id": "315350f9d96426d4a025dbdecae84ceca64d1638",
				"ip": "95.217.40.230",
				"port": 56656
			},
			"src": {
				"id": "b6b4a4c720c4b4a191f0c5583cc298b545c330df",
				"ip": "65.109.28.219",
				"port": 21656
			},
			"buckets": [
				186,
				32,
				131,
				128
			],
			"attempts": 1,
			"bucket_type": 1,
			"last_attempt": "2023-03-14T03:42:49.618039388+01:00",
			"last_success": "0001-01-01T00:00:00Z",
			"last_ban_time": "0001-01-01T00:00:00Z"
		},
		{
			"addr": {
				"id": "108037355c949c6fb4d7618f5ae04cbdc66c3362",
				"ip": "65.108.206.96",
				"port": 27656
			},
			"src": {
				"id": "239caa37cb0f131b01be8151631b649dc700cd97",
				"ip": "0.0.0.0",
				"port": 46656
			},
			"buckets": [
				49,
				140
			],
			"attempts": 0,
			"bucket_type": 1,
			"last_attempt": "2023-03-14T03:40:16.910153196+01:00",
			"last_success": "0001-01-01T00:00:00Z",
			"last_ban_time": "0001-01-01T00:00:00Z"
		},
		{
			"addr": {
				"id": "855fc154f9054ce4055719e09ce6f7f1d0ecd9fb",
				"ip": "85.10.198.171",
				"port": 36656
			},
			"src": {
				"id": "50ad0e558d9da6fce98ae4527cd49ee3e8d19940",
				"ip": "0.0.0.0",
				"port": 26656
			},
			"buckets": [
				140,
				86,
				131
			],
			"attempts": 0,
			"bucket_type": 1,
			"last_attempt": "2023-03-14T03:40:46.818644037+01:00",
			"last_success": "0001-01-01T00:00:00Z",
			"last_ban_time": "0001-01-01T00:00:00Z"
		},
		{
			"addr": {
				"id": "9ebe723eef929e9eff748f4046d6130ee349a398",
				"ip": "65.108.203.149",
				"port": 24017
			},
			"src": {
				"id": "2c40b0aedc41b7c1b20c7c243dd5edd698428c41",
				"ip": "0.0.0.0",
				"port": 26696
			},
			"buckets": [
				49
			],
			"attempts": 0,
			"bucket_type": 1,
			"last_attempt": "2023-03-14T03:40:46.801171942+01:00",
			"last_success": "0001-01-01T00:00:00Z",
			"last_ban_time": "0001-01-01T00:00:00Z"
		},
		{
			"addr": {
				"id": "5a36595613f189a3c1096729897fb02be0a8c15e",
				"ip": "89.117.50.187",
				"port": 28656
			},
			"src": {
				"id": "239caa37cb0f131b01be8151631b649dc700cd97",
				"ip": "0.0.0.0",
				"port": 46656
			},
			"buckets": [
				64,
				96
			],
			"attempts": 0,
			"bucket_type": 1,
			"last_attempt": "2023-03-14T03:40:16.910137996+01:00",
			"last_success": "0001-01-01T00:00:00Z",
			"last_ban_time": "0001-01-01T00:00:00Z"
		},
		{
			"addr": {
				"id": "7bf4e4a18bf2006f79f50c79903f77d4e2a5a303",
				"ip": "65.21.77.175",
				"port": 33307
			},
			"src": {
				"id": "2c40b0aedc41b7c1b20c7c243dd5edd698428c41",
				"ip": "0.0.0.0",
				"port": 26696
			},
			"buckets": [
				106,
				196,
				57
			],
			"attempts": 0,
			"bucket_type": 1,
			"last_attempt": "2023-03-14T03:40:46.801248108+01:00",
			"last_success": "0001-01-01T00:00:00Z",
			"last_ban_time": "0001-01-01T00:00:00Z"
		},
		{
			"addr": {
				"id": "97ff540b57b89dd0b6737eddb92977523dd5a7b3",
				"ip": "195.3.221.58",
				"port": 12656
			},
			"src": {
				"id": "9aa8a73ea9364aa3cf7806d4dd25b6aed88d8152",
				"ip": "0.0.0.0",
				"port": 11556
			},
			"buckets": [
				135,
				55,
				227
			],
			"attempts": 0,
			"bucket_type": 1,
			"last_attempt": "2023-03-07T06:59:08.817424394+01:00",
			"last_success": "0001-01-01T00:00:00Z",
			"last_ban_time": "0001-01-01T00:00:00Z"
		},
		{
			"addr": {
				"id": "fb10560d2e3aea7948a375dc87140c156a07acc4",
				"ip": "195.201.83.242",
				"port": 17656
			},
			"src": {
				"id": "9aa8a73ea9364aa3cf7806d4dd25b6aed88d8152",
				"ip": "0.0.0.0",
				"port": 11556
			},
			"buckets": [
				161,
				95,
				144,
				106
			],
			"attempts": 0,
			"bucket_type": 1,
			"last_attempt": "2023-03-07T06:59:08.817437999+01:00",
			"last_success": "0001-01-01T00:00:00Z",
			"last_ban_time": "0001-01-01T00:00:00Z"
		},
		{
			"addr": {
				"id": "4c66c9cd1bd73a2e8ff7fde84292850f9002efdc",
				"ip": "65.109.92.148",
				"port": 26656
			},
			"src": {
				"id": "b6b4a4c720c4b4a191f0c5583cc298b545c330df",
				"ip": "65.109.28.219",
				"port": 21656
			},
			"buckets": [
				96,
				139
			],
			"attempts": 0,
			"bucket_type": 1,
			"last_attempt": "2023-03-14T03:40:16.909850204+01:00",
			"last_success": "0001-01-01T00:00:00Z",
			"last_ban_time": "0001-01-01T00:00:00Z"
		},
		{
			"addr": {
				"id": "f702b19a4dae5ad813dabe3f529bf31c160a74e0",
				"ip": "5.189.176.202",
				"port": 26656
			},
			"src": {
				"id": "b6b4a4c720c4b4a191f0c5583cc298b545c330df",
				"ip": "65.109.28.219",
				"port": 21656
			},
			"buckets": [
				140,
				0
			],
			"attempts": 0,
			"bucket_type": 1,
			"last_attempt": "2023-03-14T03:40:16.909821389+01:00",
			"last_success": "0001-01-01T00:00:00Z",
			"last_ban_time": "0001-01-01T00:00:00Z"
		},
		{
			"addr": {
				"id": "9aeb9250f279c9e288b7db702380e2970a36e248",
				"ip": "5.188.118.105",
				"port": 46656
			},
			"src": {
				"id": "2c40b0aedc41b7c1b20c7c243dd5edd698428c41",
				"ip": "0.0.0.0",
				"port": 26696
			},
			"buckets": [
				230,
				148
			],
			"attempts": 0,
			"bucket_type": 1,
			"last_attempt": "2023-03-14T03:40:46.801136644+01:00",
			"last_success": "0001-01-01T00:00:00Z",
			"last_ban_time": "0001-01-01T00:00:00Z"
		},
		{
			"addr": {
				"id": "f70138a8bbca35814ed947184821f8a561651793",
				"ip": "185.234.69.143",
				"port": 30656
			},
			"src": {
				"id": "d5519e378247dfb61dfe90652d1fe3e2b3005a5b",
				"ip": "0.0.0.0",
				"port": 50656
			},
			"buckets": [
				42,
				11
			],
			"attempts": 0,
			"bucket_type": 1,
			"last_attempt": "2023-03-14T03:40:16.92660829+01:00",
			"last_success": "0001-01-01T00:00:00Z",
			"last_ban_time": "0001-01-01T00:00:00Z"
		},
		{
			"addr": {
				"id": "cd4d7ffdad8bd258cd90c22ec7197c0fdf9f3648",
				"ip": "38.242.134.73",
				"port": 27656
			},
			"src": {
				"id": "239caa37cb0f131b01be8151631b649dc700cd97",
				"ip": "0.0.0.0",
				"port": 46656
			},
			"buckets": [
				90,
				117
			],
			"attempts": 0,
			"bucket_type": 1,
			"last_attempt": "2023-03-14T03:40:16.910047262+01:00",
			"last_success": "0001-01-01T00:00:00Z",
			"last_ban_time": "0001-01-01T00:00:00Z"
		},
		{
			"addr": {
				"id": "d7dbc0d436536945b7bd6254c1bedfebbf3e586b",
				"ip": "176.37.119.156",
				"port": 0
			},
			"src": {
				"id": "d5519e378247dfb61dfe90652d1fe3e2b3005a5b",
				"ip": "0.0.0.0",
				"port": 50656
			},
			"buckets": [
				20,
				170,
				135,
				181
			],
			"attempts": 1,
			"bucket_type": 1,
			"last_attempt": "2023-03-14T03:40:47.587792686+01:00",
			"last_success": "0001-01-01T00:00:00Z",
			"last_ban_time": "0001-01-01T00:00:00Z"
		},
		{
			"addr": {
				"id": "ffe2d5ecb614762d5a1723f5f8b00d3feb6eb091",
				"ip": "5.9.13.234",
				"port": 26686
			},
			"src": {
				"id": "fbeb2b37fe139399d7513219e25afd9eb8f81f4f",
				"ip": "65.21.170.3",
				"port": 38656
			},
			"buckets": [
				52
			],
			"attempts": 2,
			"bucket_type": 2,
			"last_attempt": "2023-03-14T03:46:30.349847758+01:00",
			"last_success": "2023-03-07T15:46:45.817852121+01:00",
			"last_ban_time": "0001-01-01T00:00:00Z"
		},
		{
			"addr": {
				"id": "7ee8ece35c778418302ac085817d835b67043871",
				"ip": "116.203.245.212",
				"port": 26656
			},
			"src": {
				"id": "62fa77951a7c8f323c0499fff716cd86932d8996",
				"ip": "0.0.0.0",
				"port": 24214
			},
			"buckets": [
				90,
				237,
				143,
				75
			],
			"attempts": 0,
			"bucket_type": 1,
			"last_attempt": "2023-03-07T06:59:38.894865416+01:00",
			"last_success": "0001-01-01T00:00:00Z",
			"last_ban_time": "0001-01-01T00:00:00Z"
		},
		{
			"addr": {
				"id": "2c40b0aedc41b7c1b20c7c243dd5edd698428c41",
				"ip": "138.201.85.176",
				"port": 26696
			},
			"src": {
				"id": "9aa8a73ea9364aa3cf7806d4dd25b6aed88d8152",
				"ip": "0.0.0.0",
				"port": 11556
			},
			"buckets": [
				15
			],
			"attempts": 0,
			"bucket_type": 2,
			"last_attempt": "2023-03-07T14:53:01.877567897+01:00",
			"last_success": "2023-03-07T14:53:01.877567897+01:00",
			"last_ban_time": "0001-01-01T00:00:00Z"
		},
		{
			"addr": {
				"id": "b0968b57bcb5e527230ef3cfa3f65d5f1e4647dd",
				"ip": "35.212.224.95",
				"port": 26656
			},
			"src": {
				"id": "fbeb2b37fe139399d7513219e25afd9eb8f81f4f",
				"ip": "65.21.170.3",
				"port": 38656
			},
			"buckets": [
				57,
				242,
				172,
				25
			],
			"attempts": 0,
			"bucket_type": 1,
			"last_attempt": "2023-03-07T06:59:38.805983926+01:00",
			"last_success": "0001-01-01T00:00:00Z",
			"last_ban_time": "0001-01-01T00:00:00Z"
		},
		{
			"addr": {
				"id": "affee2f485ca15c68c302ad98e8de41fcd0e71ba",
				"ip": "162.19.238.49",
				"port": 26656
			},
			"src": {
				"id": "9aa8a73ea9364aa3cf7806d4dd25b6aed88d8152",
				"ip": "0.0.0.0",
				"port": 11556
			},
			"buckets": [
				203,
				141,
				53,
				231
			],
			"attempts": 0,
			"bucket_type": 1,
			"last_attempt": "2023-03-07T06:59:08.817485026+01:00",
			"last_success": "0001-01-01T00:00:00Z",
			"last_ban_time": "0001-01-01T00:00:00Z"
		},
		{
			"addr": {
				"id": "3d11a6c7a5d4b3c5752be0c252c557ed4acc2c30",
				"ip": "167.235.57.142",
				"port": 36656
			},
			"src": {
				"id": "fbeb2b37fe139399d7513219e25afd9eb8f81f4f",
				"ip": "65.21.170.3",
				"port": 38656
			},
			"buckets": [
				210,
				253,
				79,
				65
			],
			"attempts": 3,
			"bucket_type": 1,
			"last_attempt": "2023-03-14T03:47:30.349400881+01:00",
			"last_success": "0001-01-01T00:00:00Z",
			"last_ban_time": "0001-01-01T00:00:00Z"
		},
		{
			"addr": {
				"id": "d5519e378247dfb61dfe90652d1fe3e2b3005a5b",
				"ip": "65.109.68.190",
				"port": 50656
			},
			"src": {
				"id": "239caa37cb0f131b01be8151631b649dc700cd97",
				"ip": "0.0.0.0",
				"port": 46656
			},
			"buckets": [
				29
			],
			"attempts": 0,
			"bucket_type": 2,
			"last_attempt": "2023-03-07T15:29:14.895568652+01:00",
			"last_success": "2023-03-07T15:29:14.895568652+01:00",
			"last_ban_time": "0001-01-01T00:00:00Z"
		},
		{
			"addr": {
				"id": "0d4dc8d9e80df99fdf7fbb0e44fbe55e0f8dde28",
				"ip": "65.108.205.47",
				"port": 14756
			},
			"src": {
				"id": "d5519e378247dfb61dfe90652d1fe3e2b3005a5b",
				"ip": "0.0.0.0",
				"port": 50656
			},
			"buckets": [
				49,
				140
			],
			"attempts": 0,
			"bucket_type": 1,
			"last_attempt": "2023-03-14T03:40:46.818590454+01:00",
			"last_success": "0001-01-01T00:00:00Z",
			"last_ban_time": "0001-01-01T00:00:00Z"
		},
		{
			"addr": {
				"id": "bab2e24e088af1efc88684a83024fa31baad34e5",
				"ip": "185.137.122.106",
				"port": 26656
			},
			"src": {
				"id": "b6b4a4c720c4b4a191f0c5583cc298b545c330df",
				"ip": "65.109.28.219",
				"port": 21656
			},
			"buckets": [
				199,
				145
			],
			"attempts": 0,
			"bucket_type": 1,
			"last_attempt": "2023-03-14T03:40:16.909834805+01:00",
			"last_success": "0001-01-01T00:00:00Z",
			"last_ban_time": "0001-01-01T00:00:00Z"
		},
		{
			"addr": {
				"id": "978cf9aca38f819fd8189272379fc3c2ae2682a8",
				"ip": "213.239.218.210",
				"port": 56656
			},
			"src": {
				"id": "d5519e378247dfb61dfe90652d1fe3e2b3005a5b",
				"ip": "0.0.0.0",
				"port": 50656
			},
			"buckets": [
				20,
				35
			],
			"attempts": 0,
			"bucket_type": 1,
			"last_attempt": "2023-03-14T03:40:46.818566739+01:00",
			"last_success": "0001-01-01T00:00:00Z",
			"last_ban_time": "0001-01-01T00:00:00Z"
		},
		{
			"addr": {
				"id": "42f9946a8ba6d49832a3ba5324cddffe494723c6",
				"ip": "116.202.85.52",
				"port": 2626
			},
			"src": {
				"id": "f6f9a074987ec9ed45f3a53cbd54e0f358a8648f",
				"ip": "0.0.0.0",
				"port": 60656
			},
			"buckets": [
				20,
				142
			],
			"attempts": 0,
			"bucket_type": 1,
			"last_attempt": "2023-03-14T03:41:16.838237699+01:00",
			"last_success": "0001-01-01T00:00:00Z",
			"last_ban_time": "0001-01-01T00:00:00Z"
		},
		{
			"addr": {
				"id": "c2ed1269cd275202e4d69fdb64e194e59b20f573",
				"ip": "185.245.182.152",
				"port": 40656
			},
			"src": {
				"id": "c2ed1269cd275202e4d69fdb64e194e59b20f573",
				"ip": "185.245.182.152",
				"port": 40656
			},
			"buckets": [
				196,
				91
			],
			"attempts": 0,
			"bucket_type": 1,
			"last_attempt": "2023-03-07T12:19:01.887864437+01:00",
			"last_success": "0001-01-01T00:00:00Z",
			"last_ban_time": "0001-01-01T00:00:00Z"
		},
		{
			"addr": {
				"id": "4ac5ce5b95da9799efcdd4a4e735d0976345876f",
				"ip": "65.109.92.79",
				"port": 12656
			},
			"src": {
				"id": "4ac5ce5b95da9799efcdd4a4e735d0976345876f",
				"ip": "65.109.92.79",
				"port": 12656
			},
			"buckets": [
				75,
				211,
				249,
				64
			],
			"attempts": 1,
			"bucket_type": 1,
			"last_attempt": "2023-03-14T03:48:27.64094749+01:00",
			"last_success": "0001-01-01T00:00:00Z",
			"last_ban_time": "0001-01-01T00:00:00Z"
		},
		{
			"addr": {
				"id": "7bd6a294fb877cbbf777983b49ab1b23387b2971",
				"ip": "65.108.124.121",
				"port": 36656
			},
			"src": {
				"id": "b6b4a4c720c4b4a191f0c5583cc298b545c330df",
				"ip": "65.109.28.219",
				"port": 21656
			},
			"buckets": [
				44,
				172
			],
			"attempts": 0,
			"bucket_type": 1,
			"last_attempt": "2023-03-14T03:40:16.909954014+01:00",
			"last_success": "0001-01-01T00:00:00Z",
			"last_ban_time": "0001-01-01T00:00:00Z"
		},
		{
			"addr": {
				"id": "dc19e5d986ea79e70180cfbee7789de9cd79e14e",
				"ip": "95.217.57.232",
				"port": 56656
			},
			"src": {
				"id": "239caa37cb0f131b01be8151631b649dc700cd97",
				"ip": "0.0.0.0",
				"port": 46656
			},
			"buckets": [
				161,
				141,
				101,
				7
			],
			"attempts": 1,
			"bucket_type": 1,
			"last_attempt": "2023-03-14T03:40:49.619589053+01:00",
			"last_success": "0001-01-01T00:00:00Z",
			"last_ban_time": "0001-01-01T00:00:00Z"
		},
		{
			"addr": {
				"id": "447fe8c3d5687322ea8f4c06b50c9367a5529f69",
				"ip": "65.108.226.226",
				"port": 26656
			},
			"src": {
				"id": "239caa37cb0f131b01be8151631b649dc700cd97",
				"ip": "0.0.0.0",
				"port": 46656
			},
			"buckets": [
				49,
				137,
				172
			],
			"attempts": 0,
			"bucket_type": 1,
			"last_attempt": "2023-03-14T03:40:16.910081628+01:00",
			"last_success": "0001-01-01T00:00:00Z",
			"last_ban_time": "0001-01-01T00:00:00Z"
		},
		{
			"addr": {
				"id": "9ea0473b3684dbf1f2cf194f69f746566dab6760",
				"ip": "78.46.99.50",
				"port": 22656
			},
			"src": {
				"id": "f6f9a074987ec9ed45f3a53cbd54e0f358a8648f",
				"ip": "0.0.0.0",
				"port": 60656
			},
			"buckets": [
				196,
				23,
				131
			],
			"attempts": 0,
			"bucket_type": 1,
			"last_attempt": "2023-03-14T03:41:16.838277074+01:00",
			"last_success": "0001-01-01T00:00:00Z",
			"last_ban_time": "0001-01-01T00:00:00Z"
		},
		{
			"addr": {
				"id": "62fa77951a7c8f323c0499fff716cd86932d8996",
				"ip": "65.108.199.36",
				"port": 24214
			},
			"src": {
				"id": "9aa8a73ea9364aa3cf7806d4dd25b6aed88d8152",
				"ip": "0.0.0.0",
				"port": 11556
			},
			"buckets": [
				6
			],
			"attempts": 0,
			"bucket_type": 2,
			"last_attempt": "2023-03-07T15:29:04.207974728+01:00",
			"last_success": "2023-03-07T15:29:04.207974728+01:00",
			"last_ban_time": "0001-01-01T00:00:00Z"
		},
		{
			"addr": {
				"id": "f474a520009496972515f843cdb835fc7d663779",
				"ip": "65.109.23.114",
				"port": 21656
			},
			"src": {
				"id": "fbeb2b37fe139399d7513219e25afd9eb8f81f4f",
				"ip": "65.21.170.3",
				"port": 38656
			},
			"buckets": [
				11
			],
			"attempts": 2,
			"bucket_type": 2,
			"last_attempt": "2023-03-14T03:46:30.37697983+01:00",
			"last_success": "2023-03-07T15:38:54.968425874+01:00",
			"last_ban_time": "0001-01-01T00:00:00Z"
		},
		{
			"addr": {
				"id": "b133dde2713a216a017399920419fcb1e084cdb2",
				"ip": "136.243.88.91",
				"port": 7330
			},
			"src": {
				"id": "b6b4a4c720c4b4a191f0c5583cc298b545c330df",
				"ip": "65.109.28.219",
				"port": 21656
			},
			"buckets": [
				133,
				135,
				90,
				134
			],
			"attempts": 0,
			"bucket_type": 1,
			"last_attempt": "2023-03-14T03:40:16.909784919+01:00",
			"last_success": "0001-01-01T00:00:00Z",
			"last_ban_time": "0001-01-01T00:00:00Z"
		},
		{
			"addr": {
				"id": "1145755896d6a3e9df2f130cc2cbd223cdb206f0",
				"ip": "209.145.53.163",
				"port": 29656
			},
			"src": {
				"id": "9aa8a73ea9364aa3cf7806d4dd25b6aed88d8152",
				"ip": "0.0.0.0",
				"port": 11556
			},
			"buckets": [
				203,
				47,
				254,
				144
			],
			"attempts": 0,
			"bucket_type": 1,
			"last_attempt": "2023-03-07T06:59:08.817450442+01:00",
			"last_success": "0001-01-01T00:00:00Z",
			"last_ban_time": "0001-01-01T00:00:00Z"
		},
		{
			"addr": {
				"id": "0ac9841750afe017b882768b0e29e72b8296d6b0",
				"ip": "104.194.8.68",
				"port": 46656
			},
			"src": {
				"id": "d5519e378247dfb61dfe90652d1fe3e2b3005a5b",
				"ip": "0.0.0.0",
				"port": 50656
			},
			"buckets": [
				42,
				48
			],
			"attempts": 0,
			"bucket_type": 1,
			"last_attempt": "2023-03-14T03:40:16.926559116+01:00",
			"last_success": "0001-01-01T00:00:00Z",
			"last_ban_time": "0001-01-01T00:00:00Z"
		},
		{
			"addr": {
				"id": "2691bb6b296b951400d871c8d0bd94a3a1cdbd52",
				"ip": "65.109.93.152",
				"port": 33656
			},
			"src": {
				"id": "9aa8a73ea9364aa3cf7806d4dd25b6aed88d8152",
				"ip": "0.0.0.0",
				"port": 11556
			},
			"buckets": [
				169,
				90,
				187,
				109
			],
			"attempts": 0,
			"bucket_type": 1,
			"last_attempt": "2023-03-07T06:59:08.817435074+01:00",
			"last_success": "0001-01-01T00:00:00Z",
			"last_ban_time": "0001-01-01T00:00:00Z"
		},
		{
			"addr": {
				"id": "d6b0791afd2d41c47bce8c152174b40c230988ba",
				"ip": "138.201.225.104",
				"port": 47756
			},
			"src": {
				"id": "239caa37cb0f131b01be8151631b649dc700cd97",
				"ip": "0.0.0.0",
				"port": 46656
			},
			"buckets": [
				42
			],
			"attempts": 0,
			"bucket_type": 1,
			"last_attempt": "2023-03-14T03:41:16.708839818+01:00",
			"last_success": "0001-01-01T00:00:00Z",
			"last_ban_time": "0001-01-01T00:00:00Z"
		},
		{
			"addr": {
				"id": "f1aa163106f4857829fe5a180e2f17bfe1367bbd",
				"ip": "31.220.85.212",
				"port": 46656
			},
			"src": {
				"id": "239caa37cb0f131b01be8151631b649dc700cd97",
				"ip": "0.0.0.0",
				"port": 46656
			},
			"buckets": [
				128,
				196
			],
			"attempts": 0,
			"bucket_type": 1,
			"last_attempt": "2023-03-14T03:40:16.91003547+01:00",
			"last_success": "0001-01-01T00:00:00Z",
			"last_ban_time": "0001-01-01T00:00:00Z"
		},
		{
			"addr": {
				"id": "eda9eb97425808e8261c8c05fb31892ac26dd458",
				"ip": "136.243.56.252",
				"port": 46656
			},
			"src": {
				"id": "d18abe07d27a732e913a782d31b691087a76078d",
				"ip": "88.99.164.158",
				"port": 37096
			},
			"buckets": [
				135,
				167
			],
			"attempts": 0,
			"bucket_type": 1,
			"last_attempt": "2023-03-14T03:40:19.348995612+01:00",
			"last_success": "0001-01-01T00:00:00Z",
			"last_ban_time": "0001-01-01T00:00:00Z"
		},
		{
			"addr": {
				"id": "2cd65afacab69b6ebfa4f9a8435f5f7df5fbb735",
				"ip": "135.181.160.61",
				"port": 32656
			},
			"src": {
				"id": "fbeb2b37fe139399d7513219e25afd9eb8f81f4f",
				"ip": "65.21.170.3",
				"port": 38656
			},
			"buckets": [
				43,
				236,
				141
			],
			"attempts": 2,
			"bucket_type": 1,
			"last_attempt": "2023-03-14T03:47:58.347845057+01:00",
			"last_success": "0001-01-01T00:00:00Z",
			"last_ban_time": "0001-01-01T00:00:00Z"
		},
		{
			"addr": {
				"id": "b6b4a4c720c4b4a191f0c5583cc298b545c330df",
				"ip": "65.109.28.219",
				"port": 21656
			},
			"src": {
				"id": "239caa37cb0f131b01be8151631b649dc700cd97",
				"ip": "0.0.0.0",
				"port": 46656
			},
			"buckets": [
				4
			],
			"attempts": 0,
			"bucket_type": 2,
			"last_attempt": "2023-03-07T14:58:06.61560195+01:00",
			"last_success": "2023-03-07T14:58:06.61560195+01:00",
			"last_ban_time": "0001-01-01T00:00:00Z"
		},
		{
			"addr": {
				"id": "f4538b599f92e695b26409c0bd7da7e3b32eec4d",
				"ip": "95.216.114.212",
				"port": 30656
			},
			"src": {
				"id": "9aa8a73ea9364aa3cf7806d4dd25b6aed88d8152",
				"ip": "0.0.0.0",
				"port": 11556
			},
			"buckets": [
				236,
				57,
				160,
				142
			],
			"attempts": 0,
			"bucket_type": 1,
			"last_attempt": "2023-03-07T06:59:08.81748213+01:00",
			"last_success": "0001-01-01T00:00:00Z",
			"last_ban_time": "0001-01-01T00:00:00Z"
		},
		{
			"addr": {
				"id": "4609153f2b095b6c7f98b9cd3d079fe8fcd992db",
				"ip": "95.216.14.58",
				"port": 61356
			},
			"src": {
				"id": "d5519e378247dfb61dfe90652d1fe3e2b3005a5b",
				"ip": "0.0.0.0",
				"port": 50656
			},
			"buckets": [
				111,
				135
			],
			"attempts": 0,
			"bucket_type": 1,
			"last_attempt": "2023-03-14T03:40:16.926624391+01:00",
			"last_success": "0001-01-01T00:00:00Z",
			"last_ban_time": "0001-01-01T00:00:00Z"
		},
		{
			"addr": {
				"id": "c37e444f67af17545393ad16930cd68dc7e3fd08",
				"ip": "95.216.7.169",
				"port": 61156
			},
			"src": {
				"id": "9aa8a73ea9364aa3cf7806d4dd25b6aed88d8152",
				"ip": "0.0.0.0",
				"port": 11556
			},
			"buckets": [
				236,
				172,
				213,
				90
			],
			"attempts": 0,
			"bucket_type": 1,
			"last_attempt": "2023-03-07T06:59:08.817404828+01:00",
			"last_success": "0001-01-01T00:00:00Z",
			"last_ban_time": "0001-01-01T00:00:00Z"
		},
		{
			"addr": {
				"id": "8b6c75d20ac3ceeb7f0f1d4b5fc89a69e567c47b",
				"ip": "65.108.231.238",
				"port": 36656
			},
			"src": {
				"id": "d5519e378247dfb61dfe90652d1fe3e2b3005a5b",
				"ip": "0.0.0.0",
				"port": 50656
			},
			"buckets": [
				49,
				117
			],
			"attempts": 0,
			"bucket_type": 1,
			"last_attempt": "2023-03-14T03:40:16.926584515+01:00",
			"last_success": "0001-01-01T00:00:00Z",
			"last_ban_time": "0001-01-01T00:00:00Z"
		},
		{
			"addr": {
				"id": "11bb322f6396a1ca67717cf162385ed250503e28",
				"ip": "154.12.253.123",
				"port": 36656
			},
			"src": {
				"id": "b6b4a4c720c4b4a191f0c5583cc298b545c330df",
				"ip": "65.109.28.219",
				"port": 21656
			},
			"buckets": [
				203,
				145,
				217
			],
			"attempts": 0,
			"bucket_type": 1,
			"last_attempt": "2023-03-14T03:40:16.909796762+01:00",
			"last_success": "0001-01-01T00:00:00Z",
			"last_ban_time": "0001-01-01T00:00:00Z"
		},
		{
			"addr": {
				"id": "5ba3969b3288feb1bad50e372c7d6140397f97cb",
				"ip": "65.108.226.226",
				"port": 26656
			},
			"src": {
				"id": "d5519e378247dfb61dfe90652d1fe3e2b3005a5b",
				"ip": "0.0.0.0",
				"port": 50656
			},
			"buckets": [
				49,
				140
			],
			"attempts": 0,
			"bucket_type": 1,
			"last_attempt": "2023-03-14T03:40:16.926564346+01:00",
			"last_success": "0001-01-01T00:00:00Z",
			"last_ban_time": "0001-01-01T00:00:00Z"
		},
		{
			"addr": {
				"id": "bd35cfd5bfbea4c2a63e893860d4f9a7d880957c",
				"ip": "213.239.217.52",
				"port": 45656
			},
			"src": {
				"id": "9aa8a73ea9364aa3cf7806d4dd25b6aed88d8152",
				"ip": "0.0.0.0",
				"port": 11556
			},
			"buckets": [
				162,
				53,
				95,
				251
			],
			"attempts": 2,
			"bucket_type": 1,
			"last_attempt": "2023-03-07T08:32:01.653100024+01:00",
			"last_success": "0001-01-01T00:00:00Z",
			"last_ban_time": "0001-01-01T00:00:00Z"
		},
		{
			"addr": {
				"id": "6f304029cb1b7fbcbe1359d57cbb69ae8dbcccfc",
				"ip": "207.180.243.64",
				"port": 36656
			},
			"src": {
				"id": "ac5089a8789736e2bc3eee0bf79ca04e22202bef",
				"ip": "0.0.0.0",
				"port": 29656
			},
			"buckets": [
				8,
				145,
				35
			],
			"attempts": 0,
			"bucket_type": 1,
			"last_attempt": "2023-03-07T10:57:31.917733948+01:00",
			"last_success": "0001-01-01T00:00:00Z",
			"last_ban_time": "0001-01-01T00:00:00Z"
		},
		{
			"addr": {
				"id": "7186f24ace7f4f2606f56f750c2684d387dc39ac",
				"ip": "65.108.231.124",
				"port": 12656
			},
			"src": {
				"id": "7186f24ace7f4f2606f56f750c2684d387dc39ac",
				"ip": "65.108.231.124",
				"port": 12656
			},
			"buckets": [
				6
			],
			"attempts": 0,
			"bucket_type": 2,
			"last_attempt": "2023-03-07T13:19:49.511131102+01:00",
			"last_success": "2023-03-07T13:19:49.511131102+01:00",
			"last_ban_time": "0001-01-01T00:00:00Z"
		},
		{
			"addr": {
				"id": "c0ee71c74858b339787320596b805ed631c48ebb",
				"ip": "213.133.100.172",
				"port": 27433
			},
			"src": {
				"id": "9aa8a73ea9364aa3cf7806d4dd25b6aed88d8152",
				"ip": "0.0.0.0",
				"port": 11556
			},
			"buckets": [
				124,
				213,
				8,
				32
			],
			"attempts": 1,
			"bucket_type": 1,
			"last_attempt": "2023-03-14T03:47:30.349398927+01:00",
			"last_success": "0001-01-01T00:00:00Z",
			"last_ban_time": "0001-01-01T00:00:00Z"
		},
		{
			"addr": {
				"id": "3c6384ae2a167912a5ace2f5f8e38afc559715f0",
				"ip": "75.119.156.88",
				"port": 26656
			},
			"src": {
				"id": "239caa37cb0f131b01be8151631b649dc700cd97",
				"ip": "0.0.0.0",
				"port": 46656
			},
			"buckets": [
				223,
				148,
				151
			],
			"attempts": 0,
			"bucket_type": 1,
			"last_attempt": "2023-03-14T03:40:16.910141784+01:00",
			"last_success": "0001-01-01T00:00:00Z",
			"last_ban_time": "0001-01-01T00:00:00Z"
		},
		{
			"addr": {
				"id": "323d4309091003ea96ec3076b8bf4dc319c71345",
				"ip": "109.205.182.137",
				"port": 26656
			},
			"src": {
				"id": "b6b4a4c720c4b4a191f0c5583cc298b545c330df",
				"ip": "65.109.28.219",
				"port": 21656
			},
			"buckets": [
				183,
				226,
				232,
				143
			],
			"attempts": 0,
			"bucket_type": 1,
			"last_attempt": "2023-03-14T03:40:16.909942742+01:00",
			"last_success": "0001-01-01T00:00:00Z",
			"last_ban_time": "0001-01-01T00:00:00Z"
		},
		{
			"addr": {
				"id": "16738162b57072507fb436fd99d906909c126b2f",
				"ip": "65.108.232.238",
				"port": 17656
			},
			"src": {
				"id": "b6b4a4c720c4b4a191f0c5583cc298b545c330df",
				"ip": "65.109.28.219",
				"port": 21656
			},
			"buckets": [
				44,
				49
			],
			"attempts": 0,
			"bucket_type": 1,
			"last_attempt": "2023-03-14T03:40:16.909881264+01:00",
			"last_success": "0001-01-01T00:00:00Z",
			"last_ban_time": "0001-01-01T00:00:00Z"
		},
		{
			"addr": {
				"id": "fbeb2b37fe139399d7513219e25afd9eb8f81f4f",
				"ip": "65.21.170.3",
				"port": 38656
			},
			"src": {
				"id": "9aa8a73ea9364aa3cf7806d4dd25b6aed88d8152",
				"ip": "0.0.0.0",
				"port": 11556
			},
			"buckets": [
				3,
				53,
				152,
				2
			],
			"attempts": 0,
			"bucket_type": 1,
			"last_attempt": "2023-03-07T06:59:08.817445032+01:00",
			"last_success": "0001-01-01T00:00:00Z",
			"last_ban_time": "0001-01-01T00:00:00Z"
		},
		{
			"addr": {
				"id": "ae27ee1ea9987e756bf78a34865b3944972b84fc",
				"ip": "195.3.222.189",
				"port": 36656
			},
			"src": {
				"id": "d5519e378247dfb61dfe90652d1fe3e2b3005a5b",
				"ip": "0.0.0.0",
				"port": 50656
			},
			"buckets": [
				202
			],
			"attempts": 0,
			"bucket_type": 1,
			"last_attempt": "2023-03-14T03:40:16.926543206+01:00",
			"last_success": "0001-01-01T00:00:00Z",
			"last_ban_time": "0001-01-01T00:00:00Z"
		},
		{
			"addr": {
				"id": "67a1f07c7743d9bec92e11faad5bffe9bc08a178",
				"ip": "130.185.119.243",
				"port": 50656
			},
			"src": {
				"id": "62fa77951a7c8f323c0499fff716cd86932d8996",
				"ip": "0.0.0.0",
				"port": 24214
			},
			"buckets": [
				49,
				196
			],
			"attempts": 0,
			"bucket_type": 1,
			"last_attempt": "2023-03-14T03:40:16.920493518+01:00",
			"last_success": "0001-01-01T00:00:00Z",
			"last_ban_time": "0001-01-01T00:00:00Z"
		},
		{
			"addr": {
				"id": "5af793eef9fcf435520cfb8674b3339f5f03c340",
				"ip": "104.248.45.68",
				"port": 24656
			},
			"src": {
				"id": "d5519e378247dfb61dfe90652d1fe3e2b3005a5b",
				"ip": "0.0.0.0",
				"port": 50656
			},
			"buckets": [
				6
			],
			"attempts": 0,
			"bucket_type": 1,
			"last_attempt": "2023-03-14T03:40:16.926620684+01:00",
			"last_success": "0001-01-01T00:00:00Z",
			"last_ban_time": "0001-01-01T00:00:00Z"
		},
		{
			"addr": {
				"id": "04affb7eeeee75af6ebefb8c8432d04544c816bd",
				"ip": "92.255.253.6",
				"port": 26656
			},
			"src": {
				"id": "d5519e378247dfb61dfe90652d1fe3e2b3005a5b",
				"ip": "0.0.0.0",
				"port": 50656
			},
			"buckets": [
				90,
				83,
				200
			],
			"attempts": 0,
			"bucket_type": 1,
			"last_attempt": "2023-03-14T03:40:16.926522666+01:00",
			"last_success": "0001-01-01T00:00:00Z",
			"last_ban_time": "0001-01-01T00:00:00Z"
		},
		{
			"addr": {
				"id": "aa56cd6e4aaeb0d2188a63cb62d2219371a44e5f",
				"ip": "173.249.49.223",
				"port": 50656
			},
			"src": {
				"id": "d5519e378247dfb61dfe90652d1fe3e2b3005a5b",
				"ip": "0.0.0.0",
				"port": 50656
			},
			"buckets": [
				42,
				219
			],
			"attempts": 0,
			"bucket_type": 1,
			"last_attempt": "2023-03-14T03:40:16.92663405+01:00",
			"last_success": "0001-01-01T00:00:00Z",
			"last_ban_time": "0001-01-01T00:00:00Z"
		},
		{
			"addr": {
				"id": "72e177e03b393588de43f9ed326608f01630fc5a",
				"ip": "116.203.245.212",
				"port": 26656
			},
			"src": {
				"id": "9aa8a73ea9364aa3cf7806d4dd25b6aed88d8152",
				"ip": "0.0.0.0",
				"port": 11556
			},
			"buckets": [
				90,
				154,
				155,
				143
			],
			"attempts": 3,
			"bucket_type": 1,
			"last_attempt": "2023-03-14T03:48:58.347539647+01:00",
			"last_success": "0001-01-01T00:00:00Z",
			"last_ban_time": "0001-01-01T00:00:00Z"
		},
		{
			"addr": {
				"id": "15101a8cead0eadffc1b822f902bed71051e1638",
				"ip": "93.81.246.145",
				"port": 26656
			},
			"src": {
				"id": "239caa37cb0f131b01be8151631b649dc700cd97",
				"ip": "0.0.0.0",
				"port": 46656
			},
			"buckets": [
				128,
				96,
				72
			],
			"attempts": 0,
			"bucket_type": 1,
			"last_attempt": "2023-03-14T03:41:16.708826131+01:00",
			"last_success": "0001-01-01T00:00:00Z",
			"last_ban_time": "0001-01-01T00:00:00Z"
		},
		{
			"addr": {
				"id": "bef511f2c5244e6603bd74295e2dffb126d04f41",
				"ip": "158.101.208.86",
				"port": 26656
			},
			"src": {
				"id": "b6b4a4c720c4b4a191f0c5583cc298b545c330df",
				"ip": "65.109.28.219",
				"port": 21656
			},
			"buckets": [
				106,
				186
			],
			"attempts": 0,
			"bucket_type": 1,
			"last_attempt": "2023-03-14T03:40:16.909876855+01:00",
			"last_success": "0001-01-01T00:00:00Z",
			"last_ban_time": "0001-01-01T00:00:00Z"
		},
		{
			"addr": {
				"id": "7afbf90f6ea9639c783ed38a2628a402bf3d912b",
				"ip": "109.205.180.81",
				"port": 56656
			},
			"src": {
				"id": "2c40b0aedc41b7c1b20c7c243dd5edd698428c41",
				"ip": "0.0.0.0",
				"port": 26696
			},
			"buckets": [
				40,
				232,
				115
			],
			"attempts": 0,
			"bucket_type": 1,
			"last_attempt": "2023-03-07T13:41:35.723587301+01:00",
			"last_success": "0001-01-01T00:00:00Z",
			"last_ban_time": "0001-01-01T00:00:00Z"
		},
		{
			"addr": {
				"id": "e6630a82c1c5cc42e904e74dd2e0de6dd5113efe",
				"ip": "148.251.90.138",
				"port": 18656
			},
			"src": {
				"id": "d18abe07d27a732e913a782d31b691087a76078d",
				"ip": "88.99.164.158",
				"port": 37096
			},
			"buckets": [
				164,
				90,
				224
			],
			"attempts": 0,
			"bucket_type": 1,
			"last_attempt": "2023-03-14T03:40:19.348963791+01:00",
			"last_success": "0001-01-01T00:00:00Z",
			"last_ban_time": "0001-01-01T00:00:00Z"
		},
		{
			"addr": {
				"id": "50ad0e558d9da6fce98ae4527cd49ee3e8d19940",
				"ip": "94.250.202.215",
				"port": 26656
			},
			"src": {
				"id": "d18abe07d27a732e913a782d31b691087a76078d",
				"ip": "88.99.164.158",
				"port": 37096
			},
			"buckets": [
				125,
				230,
				72
			],
			"attempts": 0,
			"bucket_type": 1,
			"last_attempt": "2023-03-14T03:40:19.34894813+01:00",
			"last_success": "0001-01-01T00:00:00Z",
			"last_ban_time": "0001-01-01T00:00:00Z"
		},
		{
			"addr": {
				"id": "1c32f05bf301d5e3bb67fa809ff33639958e894a",
				"ip": "5.189.176.202",
				"port": 26656
			},
			"src": {
				"id": "239caa37cb0f131b01be8151631b649dc700cd97",
				"ip": "0.0.0.0",
				"port": 46656
			},
			"buckets": [
				0,
				252
			],
			"attempts": 0,
			"bucket_type": 1,
			"last_attempt": "2023-03-14T03:40:16.910087479+01:00",
			"last_success": "0001-01-01T00:00:00Z",
			"last_ban_time": "0001-01-01T00:00:00Z"
		},
		{
			"addr": {
				"id": "a23cc4cbb09108bc9af380083108262454539aeb",
				"ip": "35.215.116.65",
				"port": 26656
			},
			"src": {
				"id": "9aa8a73ea9364aa3cf7806d4dd25b6aed88d8152",
				"ip": "0.0.0.0",
				"port": 11556
			},
			"buckets": [
				180,
				152,
				141,
				172
			],
			"attempts": 0,
			"bucket_type": 1,
			"last_attempt": "2023-03-07T06:59:08.817492239+01:00",
			"last_success": "0001-01-01T00:00:00Z",
			"last_ban_time": "0001-01-01T00:00:00Z"
		},
		{
			"addr": {
				"id": "f6f9a074987ec9ed45f3a53cbd54e0f358a8648f",
				"ip": "75.119.159.226",
				"port": 60656
			},
			"src": {
				"id": "239caa37cb0f131b01be8151631b649dc700cd97",
				"ip": "0.0.0.0",
				"port": 46656
			},
			"buckets": [
				223,
				151,
				148
			],
			"attempts": 0,
			"bucket_type": 1,
			"last_attempt": "2023-03-14T03:40:16.910043616+01:00",
			"last_success": "0001-01-01T00:00:00Z",
			"last_ban_time": "0001-01-01T00:00:00Z"
		},
		{
			"addr": {
				"id": "725988cccb088855f4fd5a1548aaa08b7bafec96",
				"ip": "65.108.43.58",
				"port": 27675
			},
			"src": {
				"id": "f6f9a074987ec9ed45f3a53cbd54e0f358a8648f",
				"ip": "0.0.0.0",
				"port": 60656
			},
			"buckets": [
				49,
				117
			],
			"attempts": 0,
			"bucket_type": 1,
			"last_attempt": "2023-03-14T03:42:16.633891963+01:00",
			"last_success": "0001-01-01T00:00:00Z",
			"last_ban_time": "0001-01-01T00:00:00Z"
		},
		{
			"addr": {
				"id": "edfbe6f29c7fbaec27d68d0d9fa83ca0ee0eaa71",
				"ip": "143.198.181.190",
				"port": 26656
			},
			"src": {
				"id": "2c40b0aedc41b7c1b20c7c243dd5edd698428c41",
				"ip": "0.0.0.0",
				"port": 26696
			},
			"buckets": [
				204,
				226,
				2
			],
			"attempts": 0,
			"bucket_type": 1,
			"last_attempt": "2023-03-14T03:40:46.801224983+01:00",
			"last_success": "0001-01-01T00:00:00Z",
			"last_ban_time": "0001-01-01T00:00:00Z"
		},
		{
			"addr": {
				"id": "4c735cd1a6eda031866beb6ac5440c4a645dee57",
				"ip": "45.94.58.246",
				"port": 34656
			},
			"src": {
				"id": "50ad0e558d9da6fce98ae4527cd49ee3e8d19940",
				"ip": "0.0.0.0",
				"port": 26656
			},
			"buckets": [
				145,
				143
			],
			"attempts": 0,
			"bucket_type": 1,
			"last_attempt": "2023-03-14T03:40:46.818693553+01:00",
			"last_success": "0001-01-01T00:00:00Z",
			"last_ban_time": "0001-01-01T00:00:00Z"
		},
		{
			"addr": {
				"id": "d18abe07d27a732e913a782d31b691087a76078d",
				"ip": "88.99.164.158",
				"port": 37096
			},
			"src": {
				"id": "9cee5df4997cc445ee6a9f96fc17e2d4b1f2ed99",
				"ip": "0.0.0.0",
				"port": 12656
			},
			"buckets": [
				204,
				143,
				148
			],
			"attempts": 0,
			"bucket_type": 1,
			"last_attempt": "2023-03-14T03:40:16.587009751+01:00",
			"last_success": "0001-01-01T00:00:00Z",
			"last_ban_time": "0001-01-01T00:00:00Z"
		},
		{
			"addr": {
				"id": "1c69ce0386cf66825a906a6b91bc55fcd5924f8b",
				"ip": "194.233.89.251",
				"port": 50656
			},
			"src": {
				"id": "d5519e378247dfb61dfe90652d1fe3e2b3005a5b",
				"ip": "0.0.0.0",
				"port": 50656
			},
			"buckets": [
				186,
				255
			],
			"attempts": 0,
			"bucket_type": 1,
			"last_attempt": "2023-03-14T03:40:16.926570518+01:00",
			"last_success": "0001-01-01T00:00:00Z",
			"last_ban_time": "0001-01-01T00:00:00Z"
		},
		{
			"addr": {
				"id": "bdd24cab3246503ae261aea82f077ffb66d56ce3",
				"ip": "95.216.39.183",
				"port": 28656
			},
			"src": {
				"id": "2c40b0aedc41b7c1b20c7c243dd5edd698428c41",
				"ip": "0.0.0.0",
				"port": 26696
			},
			"buckets": [
				111
			],
			"attempts": 0,
			"bucket_type": 1,
			"last_attempt": "2023-03-14T03:40:46.80119225+01:00",
			"last_success": "0001-01-01T00:00:00Z",
			"last_ban_time": "0001-01-01T00:00:00Z"
		},
		{
			"addr": {
				"id": "7d6706d7ee674e2b2c38d3eb47d85ec6e376c377",
				"ip": "49.12.123.87",
				"port": 56656
			},
			"src": {
				"id": "b6b4a4c720c4b4a191f0c5583cc298b545c330df",
				"ip": "65.109.28.219",
				"port": 21656
			},
			"buckets": [
				120,
				111,
				151
			],
			"attempts": 0,
			"bucket_type": 1,
			"last_attempt": "2023-03-07T13:41:05.698489965+01:00",
			"last_success": "0001-01-01T00:00:00Z",
			"last_ban_time": "0001-01-01T00:00:00Z"
		},
		{
			"addr": {
				"id": "2f1e363674e44342e15ac4730f51c9c628bdaef0",
				"ip": "109.123.247.230",
				"port": 46656
			},
			"src": {
				"id": "2c40b0aedc41b7c1b20c7c243dd5edd698428c41",
				"ip": "0.0.0.0",
				"port": 26696
			},
			"buckets": [
				112,
				9
			],
			"attempts": 0,
			"bucket_type": 1,
			"last_attempt": "2023-03-14T03:40:46.80120241+01:00",
			"last_success": "0001-01-01T00:00:00Z",
			"last_ban_time": "0001-01-01T00:00:00Z"
		},
		{
			"addr": {
				"id": "ed12aee3273baaaf01e357574c1692f12776446d",
				"ip": "65.109.117.165",
				"port": 50656
			},
			"src": {
				"id": "239caa37cb0f131b01be8151631b649dc700cd97",
				"ip": "0.0.0.0",
				"port": 46656
			},
			"buckets": [
				64
			],
			"attempts": 0,
			"bucket_type": 1,
			"last_attempt": "2023-03-14T03:40:16.910167543+01:00",
			"last_success": "0001-01-01T00:00:00Z",
			"last_ban_time": "0001-01-01T00:00:00Z"
		},
		{
			"addr": {
				"id": "8ee9b08d75823b13ca5517c3469f6aaf541aa684",
				"ip": "65.108.43.58",
				"port": 27675
			},
			"src": {
				"id": "239caa37cb0f131b01be8151631b649dc700cd97",
				"ip": "0.0.0.0",
				"port": 46656
			},
			"buckets": [
				49,
				117
			],
			"attempts": 0,
			"bucket_type": 1,
			"last_attempt": "2023-03-14T03:40:16.910078352+01:00",
			"last_success": "0001-01-01T00:00:00Z",
			"last_ban_time": "0001-01-01T00:00:00Z"
		},
		{
			"addr": {
				"id": "4e309b79b9147a0243f6e0cbc824f86e10bd09de",
				"ip": "65.109.234.254",
				"port": 50656
			},
			"src": {
				"id": "9aa8a73ea9364aa3cf7806d4dd25b6aed88d8152",
				"ip": "0.0.0.0",
				"port": 11556
			},
			"buckets": [
				169,
				109,
				211,
				242
			],
			"attempts": 0,
			"bucket_type": 1,
			"last_attempt": "2023-03-07T06:59:08.817417461+01:00",
			"last_success": "0001-01-01T00:00:00Z",
			"last_ban_time": "0001-01-01T00:00:00Z"
		},
		{
			"addr": {
				"id": "67e95aeec46d7c5840f9685ca2b4cd725841b814",
				"ip": "16.163.74.176",
				"port": 26636
			},
			"src": {
				"id": "b6b4a4c720c4b4a191f0c5583cc298b545c330df",
				"ip": "65.109.28.219",
				"port": 21656
			},
			"buckets": [
				106,
				97,
				15,
				29
			],
			"attempts": 0,
			"bucket_type": 1,
			"last_attempt": "2023-03-14T03:40:16.909929717+01:00",
			"last_success": "0001-01-01T00:00:00Z",
			"last_ban_time": "0001-01-01T00:00:00Z"
		},
		{
			"addr": {
				"id": "a98484ac9cb8235bd6a65cdf7648107e3d14dab4",
				"ip": "116.202.231.58",
				"port": 50656
			},
			"src": {
				"id": "9aa8a73ea9364aa3cf7806d4dd25b6aed88d8152",
				"ip": "0.0.0.0",
				"port": 11556
			},
			"buckets": [
				65,
				160,
				152
			],
			"attempts": 0,
			"bucket_type": 1,
			"last_attempt": "2023-03-07T06:59:08.817501436+01:00",
			"last_success": "0001-01-01T00:00:00Z",
			"last_ban_time": "0001-01-01T00:00:00Z"
		},
		{
			"addr": {
				"id": "ade4d8bc8cbe014af6ebdf3cb7b1e9ad36f412c0",
				"ip": "176.9.82.221",
				"port": 21656
			},
			"src": {
				"id": "fbeb2b37fe139399d7513219e25afd9eb8f81f4f",
				"ip": "65.21.170.3",
				"port": 38656
			},
			"buckets": [
				104,
				29,
				72,
				103
			],
			"attempts": 0,
			"bucket_type": 1,
			"last_attempt": "2023-03-07T06:59:38.806035732+01:00",
			"last_success": "0001-01-01T00:00:00Z",
			"last_ban_time": "0001-01-01T00:00:00Z"
		},
		{
			"addr": {
				"id": "e54b02d103f1fcf5189a86abe542670979d2029d",
				"ip": "65.109.85.170",
				"port": 58656
			},
			"src": {
				"id": "fbeb2b37fe139399d7513219e25afd9eb8f81f4f",
				"ip": "65.21.170.3",
				"port": 38656
			},
			"buckets": [
				40
			],
			"attempts": 4,
			"bucket_type": 2,
			"last_attempt": "2023-03-14T03:47:30.378984316+01:00",
			"last_success": "2023-03-07T12:28:34.983417231+01:00",
			"last_ban_time": "0001-01-01T00:00:00Z"
		},
		{
			"addr": {
				"id": "124439d1c16b1ee7ca1a39961f02fadf8539cb81",
				"ip": "38.102.85.10",
				"port": 26656
			},
			"src": {
				"id": "fbeb2b37fe139399d7513219e25afd9eb8f81f4f",
				"ip": "65.21.170.3",
				"port": 38656
			},
			"buckets": [
				43,
				58,
				194,
				100
			],
			"attempts": 2,
			"bucket_type": 1,
			"last_attempt": "2023-03-14T03:46:30.449871506+01:00",
			"last_success": "0001-01-01T00:00:00Z",
			"last_ban_time": "0001-01-01T00:00:00Z"
		},
		{
			"addr": {
				"id": "a654bbc2b27134da4eb1fcc08f07a2c9ea0deec7",
				"ip": "51.79.77.103",
				"port": 12656
			},
			"src": {
				"id": "a654bbc2b27134da4eb1fcc08f07a2c9ea0deec7",
				"ip": "51.79.77.103",
				"port": 12656
			},
			"buckets": [
				82,
				77,
				99
			],
			"attempts": 0,
			"bucket_type": 1,
			"last_attempt": "2023-03-07T11:08:45.713716129+01:00",
			"last_success": "0001-01-01T00:00:00Z",
			"last_ban_time": "0001-01-01T00:00:00Z"
		},
		{
			"addr": {
				"id": "5acc5ccc09dc10f5bc12c4ba4468a03c3df9d1ea",
				"ip": "65.108.8.28",
				"port": 61356
			},
			"src": {
				"id": "d5519e378247dfb61dfe90652d1fe3e2b3005a5b",
				"ip": "0.0.0.0",
				"port": 50656
			},
			"buckets": [
				49,
				117
			],
			"attempts": 0,
			"bucket_type": 1,
			"last_attempt": "2023-03-14T03:40:46.8185416+01:00",
			"last_success": "0001-01-01T00:00:00Z",
			"last_ban_time": "0001-01-01T00:00:00Z"
		},
		{
			"addr": {
				"id": "f9570e47f63c8fda4a0a2475586caa6a735e705b",
				"ip": "144.91.66.143",
				"port": 28656
			},
			"src": {
				"id": "2c40b0aedc41b7c1b20c7c243dd5edd698428c41",
				"ip": "0.0.0.0",
				"port": 26696
			},
			"buckets": [
				132,
				71
			],
			"attempts": 1,
			"bucket_type": 1,
			"last_attempt": "2023-03-14T03:49:27.354095319+01:00",
			"last_success": "0001-01-01T00:00:00Z",
			"last_ban_time": "0001-01-01T00:00:00Z"
		},
		{
			"addr": {
				"id": "13b4b70206dc95be5e3ec3c511c0441c4354fc96",
				"ip": "91.148.132.72",
				"port": 26656
			},
			"src": {
				"id": "239caa37cb0f131b01be8151631b649dc700cd97",
				"ip": "0.0.0.0",
				"port": 46656
			},
			"buckets": [
				183,
				79,
				23,
				187
			],
			"attempts": 0,
			"bucket_type": 1,
			"last_attempt": "2023-03-07T06:59:38.892287077+01:00",
			"last_success": "0001-01-01T00:00:00Z",
			"last_ban_time": "0001-01-01T00:00:00Z"
		},
		{
			"addr": {
				"id": "567b2c55ec74f07ed24a3f286922b199d62f3d8c",
				"ip": "81.0.219.36",
				"port": 36656
			},
			"src": {
				"id": "d18abe07d27a732e913a782d31b691087a76078d",
				"ip": "88.99.164.158",
				"port": 37096
			},
			"buckets": [
				201,
				64
			],
			"attempts": 0,
			"bucket_type": 1,
			"last_attempt": "2023-03-14T03:40:19.348927722+01:00",
			"last_success": "0001-01-01T00:00:00Z",
			"last_ban_time": "0001-01-01T00:00:00Z"
		},
		{
			"addr": {
				"id": "1e2a49792b0e0686827ec0fbc101a9ad709e0f28",
				"ip": "88.210.9.78",
				"port": 26656
			},
			"src": {
				"id": "50ad0e558d9da6fce98ae4527cd49ee3e8d19940",
				"ip": "0.0.0.0",
				"port": 26656
			},
			"buckets": [
				90,
				244
			],
			"attempts": 0,
			"bucket_type": 1,
			"last_attempt": "2023-03-14T03:40:46.818666681+01:00",
			"last_success": "0001-01-01T00:00:00Z",
			"last_ban_time": "0001-01-01T00:00:00Z"
		},
		{
			"addr": {
				"id": "a9bcb95ee047c4a909c675dc36c556eafe1248e1",
				"ip": "195.201.174.109",
				"port": 46656
			},
			"src": {
				"id": "d18abe07d27a732e913a782d31b691087a76078d",
				"ip": "88.99.164.158",
				"port": 37096
			},
			"buckets": [
				197,
				106,
				113
			],
			"attempts": 0,
			"bucket_type": 1,
			"last_attempt": "2023-03-14T03:40:19.348906611+01:00",
			"last_success": "0001-01-01T00:00:00Z",
			"last_ban_time": "0001-01-01T00:00:00Z"
		},
		{
			"addr": {
				"id": "340f0623e9338a5c93baf2d8a8825718a86d3e8b",
				"ip": "195.3.223.196",
				"port": 26656
			},
			"src": {
				"id": "62fa77951a7c8f323c0499fff716cd86932d8996",
				"ip": "0.0.0.0",
				"port": 24214
			},
			"buckets": [
				202,
				8,
				134
			],
			"attempts": 0,
			"bucket_type": 1,
			"last_attempt": "2023-03-14T03:40:16.92048963+01:00",
			"last_success": "0001-01-01T00:00:00Z",
			"last_ban_time": "0001-01-01T00:00:00Z"
		},
		{
			"addr": {
				"id": "a152e79211b74f1de2fbf32da2e5e6f062b2ae56",
				"ip": "23.121.249.57",
				"port": 26656
			},
			"src": {
				"id": "b6b4a4c720c4b4a191f0c5583cc298b545c330df",
				"ip": "65.109.28.219",
				"port": 21656
			},
			"buckets": [
				108,
				196
			],
			"attempts": 0,
			"bucket_type": 1,
			"last_attempt": "2023-03-14T03:40:16.909805148+01:00",
			"last_success": "0001-01-01T00:00:00Z",
			"last_ban_time": "0001-01-01T00:00:00Z"
		},
		{
			"addr": {
				"id": "52c0f3b75686533f43d9addf36fe7408a7fca5e9",
				"ip": "65.108.43.58",
				"port": 27675
			},
			"src": {
				"id": "4e309b79b9147a0243f6e0cbc824f86e10bd09de",
				"ip": "0.0.0.0",
				"port": 50656
			},
			"buckets": [
				49,
				126
			],
			"attempts": 0,
			"bucket_type": 1,
			"last_attempt": "2023-03-14T03:40:46.909499964+01:00",
			"last_success": "0001-01-01T00:00:00Z",
			"last_ban_time": "0001-01-01T00:00:00Z"
		},
		{
			"addr": {
				"id": "3a2c9a7631c26006a5d1943c004ab2da8c04d7b7",
				"ip": "5.161.201.79",
				"port": 26656
			},
			"src": {
				"id": "50ad0e558d9da6fce98ae4527cd49ee3e8d19940",
				"ip": "0.0.0.0",
				"port": 26656
			},
			"buckets": [
				112,
				8,
				113
			],
			"attempts": 0,
			"bucket_type": 1,
			"last_attempt": "2023-03-14T03:40:46.818689575+01:00",
			"last_success": "0001-01-01T00:00:00Z",
			"last_ban_time": "0001-01-01T00:00:00Z"
		},
		{
			"addr": {
				"id": "8036aed2d37890ddf245e7288b4fc724a301d728",
				"ip": "65.109.117.23",
				"port": 50656
			},
			"src": {
				"id": "8671c2dbbfd918374292e2c760704414d853f5b7",
				"ip": "35.215.121.109",
				"port": 26656
			},
			"buckets": [
				67,
				139
			],
			"attempts": 0,
			"bucket_type": 1,
			"last_attempt": "2023-03-14T03:47:28.154118032+01:00",
			"last_success": "0001-01-01T00:00:00Z",
			"last_ban_time": "0001-01-01T00:00:00Z"
		},
		{
			"addr": {
				"id": "d5b2ae8815b09a30ab253957f7eca052dde3101d",
				"ip": "65.108.9.164",
				"port": 24656
			},
			"src": {
				"id": "9aa8a73ea9364aa3cf7806d4dd25b6aed88d8152",
				"ip": "0.0.0.0",
				"port": 11556
			},
			"buckets": [
				98,
				156,
				232,
				147
			],
			"attempts": 0,
			"bucket_type": 1,
			"last_attempt": "2023-03-07T06:59:08.817456734+01:00",
			"last_success": "0001-01-01T00:00:00Z",
			"last_ban_time": "0001-01-01T00:00:00Z"
		},
		{
			"addr": {
				"id": "8a8b9a8a58c922a7693715100710697ec69b1478",
				"ip": "65.109.92.235",
				"port": 11086
			},
			"src": {
				"id": "408ee86160af26ee7204d220498e80638f7874f4",
				"ip": "161.97.109.47",
				"port": 38656
			},
			"buckets": [
				74,
				55,
				249,
				247
			],
			"attempts": 2,
			"bucket_type": 1,
			"last_attempt": "2023-03-14T03:49:57.379583098+01:00",
			"last_success": "0001-01-01T00:00:00Z",
			"last_ban_time": "0001-01-01T00:00:00Z"
		},
		{
			"addr": {
				"id": "9edc978fd53c8718ef0cafe62ed8ae23b4603102",
				"ip": "136.243.103.32",
				"port": 36656
			},
			"src": {
				"id": "62fa77951a7c8f323c0499fff716cd86932d8996",
				"ip": "0.0.0.0",
				"port": 24214
			},
			"buckets": [
				110,
				154,
				246,
				66
			],
			"attempts": 0,
			"bucket_type": 1,
			"last_attempt": "2023-03-07T06:59:38.894888879+01:00",
			"last_success": "0001-01-01T00:00:00Z",
			"last_ban_time": "0001-01-01T00:00:00Z"
		},
		{
			"addr": {
				"id": "8f414276a2cb7a97d37a3e126c186972e1968039",
				"ip": "65.108.4.233",
				"port": 56656
			},
			"src": {
				"id": "d5519e378247dfb61dfe90652d1fe3e2b3005a5b",
				"ip": "0.0.0.0",
				"port": 50656
			},
			"buckets": [
				49,
				172
			],
			"attempts": 0,
			"bucket_type": 1,
			"last_attempt": "2023-03-14T03:42:46.82518671+01:00",
			"last_success": "0001-01-01T00:00:00Z",
			"last_ban_time": "0001-01-01T00:00:00Z"
		},
		{
			"addr": {
				"id": "f4663c5df8ee2e2b6e1cc6a9d7ad09687a27e08c",
				"ip": "68.183.32.158",
				"port": 26656
			},
			"src": {
				"id": "b6b4a4c720c4b4a191f0c5583cc298b545c330df",
				"ip": "65.109.28.219",
				"port": 21656
			},
			"buckets": [
				140,
				226,
				72,
				20
			],
			"attempts": 0,
			"bucket_type": 1,
			"last_attempt": "2023-03-14T03:40:16.909887166+01:00",
			"last_success": "0001-01-01T00:00:00Z",
			"last_ban_time": "0001-01-01T00:00:00Z"
		},
		{
			"addr": {
				"id": "d2beb0153f6ee3d2a5a90f96848c71bff2b25eb0",
				"ip": "65.109.90.171",
				"port": 36656
			},
			"src": {
				"id": "239caa37cb0f131b01be8151631b649dc700cd97",
				"ip": "0.0.0.0",
				"port": 46656
			},
			"buckets": [
				64,
				67
			],
			"attempts": 0,
			"bucket_type": 1,
			"last_attempt": "2023-03-14T03:40:16.910061009+01:00",
			"last_success": "0001-01-01T00:00:00Z",
			"last_ban_time": "0001-01-01T00:00:00Z"
		},
		{
			"addr": {
				"id": "7fe1b26374753cb4b2c953b56fb7762bb355eac3",
				"ip": "65.109.122.105",
				"port": 21151
			},
			"src": {
				"id": "9aa8a73ea9364aa3cf7806d4dd25b6aed88d8152",
				"ip": "0.0.0.0",
				"port": 11556
			},
			"buckets": [
				169,
				187,
				74,
				211
			],
			"attempts": 1,
			"bucket_type": 1,
			"last_attempt": "2023-03-07T07:11:31.623546064+01:00",
			"last_success": "0001-01-01T00:00:00Z",
			"last_ban_time": "0001-01-01T00:00:00Z"
		},
		{
			"addr": {
				"id": "9aa8a73ea9364aa3cf7806d4dd25b6aed88d8152",
				"ip": "190.2.136.144",
				"port": 11556
			},
			"src": {
				"id": "a3a9014f82cb69fe0494ea3bc49990027d081a5a",
				"ip": "0.0.0.0",
				"port": 36656
			},
			"buckets": [
				134,
				20,
				35
			],
			"attempts": 0,
			"bucket_type": 1,
			"last_attempt": "2023-03-07T08:32:01.825012037+01:00",
			"last_success": "0001-01-01T00:00:00Z",
			"last_ban_time": "0001-01-01T00:00:00Z"
		},
		{
			"addr": {
				"id": "98981d7eef057a01274473363addb7f0b17e06fa",
				"ip": "84.21.171.25",
				"port": 26656
			},
			"src": {
				"id": "b6b4a4c720c4b4a191f0c5583cc298b545c330df",
				"ip": "65.109.28.219",
				"port": 21656
			},
			"buckets": [
				108,
				145,
				49
			],
			"attempts": 0,
			"bucket_type": 1,
			"last_attempt": "2023-03-14T03:40:16.909915549+01:00",
			"last_success": "0001-01-01T00:00:00Z",
			"last_ban_time": "0001-01-01T00:00:00Z"
		},
		{
			"addr": {
				"id": "ee6e6957c2e996573411a7eeadecbb204da4839e",
				"ip": "65.108.231.124",
				"port": 34656
			},
			"src": {
				"id": "f474a520009496972515f843cdb835fc7d663779",
				"ip": "65.109.23.114",
				"port": 21656
			},
			"buckets": [
				75,
				199
			],
			"attempts": 0,
			"bucket_type": 1,
			"last_attempt": "2023-03-07T11:39:01.739834328+01:00",
			"last_success": "0001-01-01T00:00:00Z",
			"last_ban_time": "0001-01-01T00:00:00Z"
		},
		{
			"addr": {
				"id": "2155de2f62e75c9a5b0c013c756420dd23f59914",
				"ip": "142.132.209.236",
				"port": 21656
			},
			"src": {
				"id": "9aa8a73ea9364aa3cf7806d4dd25b6aed88d8152",
				"ip": "0.0.0.0",
				"port": 11556
			},
			"buckets": [
				98,
				94,
				232
			],
			"attempts": 1,
			"bucket_type": 1,
			"last_attempt": "2023-03-14T03:46:28.348030386+01:00",
			"last_success": "0001-01-01T00:00:00Z",
			"last_ban_time": "0001-01-01T00:00:00Z"
		},
		{
			"addr": {
				"id": "97a388be825fc69fca40a8a3de75aa5794602abb",
				"ip": "95.217.225.212",
				"port": 36656
			},
			"src": {
				"id": "d5519e378247dfb61dfe90652d1fe3e2b3005a5b",
				"ip": "0.0.0.0",
				"port": 50656
			},
			"buckets": [
				128,
				133
			],
			"attempts": 0,
			"bucket_type": 1,
			"last_attempt": "2023-03-14T03:43:16.723253725+01:00",
			"last_success": "0001-01-01T00:00:00Z",
			"last_ban_time": "0001-01-01T00:00:00Z"
		},
		{
			"addr": {
				"id": "bd90b71f1f982ebb18857da8cb777883d6ca687e",
				"ip": "185.209.223.68",
				"port": 26656
			},
			"src": {
				"id": "239caa37cb0f131b01be8151631b649dc700cd97",
				"ip": "0.0.0.0",
				"port": 46656
			},
			"buckets": [
				25,
				133
			],
			"attempts": 0,
			"bucket_type": 1,
			"last_attempt": "2023-03-14T03:40:16.910133618+01:00",
			"last_success": "0001-01-01T00:00:00Z",
			"last_ban_time": "0001-01-01T00:00:00Z"
		},
		{
			"addr": {
				"id": "fe8c46222c3a013115797176623597aafc16e33a",
				"ip": "173.212.203.238",
				"port": 46656
			},
			"src": {
				"id": "b6b4a4c720c4b4a191f0c5583cc298b545c330df",
				"ip": "65.109.28.219",
				"port": 21656
			},
			"buckets": [
				140,
				111
			],
			"attempts": 0,
			"bucket_type": 1,
			"last_attempt": "2023-03-14T03:40:16.909934105+01:00",
			"last_success": "0001-01-01T00:00:00Z",
			"last_ban_time": "0001-01-01T00:00:00Z"
		},
		{
			"addr": {
				"id": "a3a9014f82cb69fe0494ea3bc49990027d081a5a",
				"ip": "65.108.126.35",
				"port": 36656
			},
			"src": {
				"id": "62fa77951a7c8f323c0499fff716cd86932d8996",
				"ip": "0.0.0.0",
				"port": 24214
			},
			"buckets": [
				49,
				117
			],
			"attempts": 0,
			"bucket_type": 1,
			"last_attempt": "2023-03-14T03:40:16.92047957+01:00",
			"last_success": "0001-01-01T00:00:00Z",
			"last_ban_time": "0001-01-01T00:00:00Z"
		},
		{
			"addr": {
				"id": "cbe534c7d012e9eb4e71a5573aee8acc1adf4bc6",
				"ip": "65.108.41.172",
				"port": 28056
			},
			"src": {
				"id": "fbeb2b37fe139399d7513219e25afd9eb8f81f4f",
				"ip": "65.21.170.3",
				"port": 38656
			},
			"buckets": [
				162,
				160,
				98,
				92
			],
			"attempts": 0,
			"bucket_type": 1,
			"last_attempt": "2023-03-07T06:59:38.806005095+01:00",
			"last_success": "0001-01-01T00:00:00Z",
			"last_ban_time": "0001-01-01T00:00:00Z"
		}
	]
}
