{
	"key": "9e38d4de902f1d79e2d1df90",
	"addrs": [
		{
			"addr": {
				"id": "8b0a36c241f7ca4069026637bda2cae29ab91f65",
				"ip": "34.22.241.150",
				"port": 2340
			},
			"src": {
				"id": "de2410e83b86e74a4569e0c120846b67c204f5bc",
				"ip": "65.108.226.183",
				"port": 22256
			},
			"buckets": [
				49,
				102,
				39,
				173
			],
			"attempts": 12,
			"bucket_type": 1,
			"last_attempt": "2023-05-30T06:27:32.164901671+02:00",
			"last_success": "0001-01-01T00:00:00Z",
			"last_ban_time": "0001-01-01T00:00:00Z"
		},
		{
			"addr": {
				"id": "20f2608c9bc262df91d96027e1d5054ddee9c86c",
				"ip": "142.132.209.236",
				"port": 22256
			},
			"src": {
				"id": "de2410e83b86e74a4569e0c120846b67c204f5bc",
				"ip": "65.108.226.183",
				"port": 22256
			},
			"buckets": [
				190,
				144,
				208,
				85
			],
			"attempts": 9,
			"bucket_type": 1,
			"last_attempt": "2023-05-30T07:10:31.203745305+02:00",
			"last_success": "0001-01-01T00:00:00Z",
			"last_ban_time": "0001-01-01T00:00:00Z"
		},
		{
			"addr": {
				"id": "181af018614789da4e785937f5d2bf13e368e6da",
				"ip": "65.108.232.182",
				"port": 19656
			},
			"src": {
				"id": "de2410e83b86e74a4569e0c120846b67c204f5bc",
				"ip": "65.108.226.183",
				"port": 22256
			},
			"buckets": [
				239,
				98,
				125
			],
			"attempts": 3,
			"bucket_type": 1,
			"last_attempt": "2023-05-30T07:02:02.165706279+02:00",
			"last_success": "0001-01-01T00:00:00Z",
			"last_ban_time": "0001-01-01T00:00:00Z"
		},
		{
			"addr": {
				"id": "ca63700c8a456548ebeb9859e73e7fc03cfa273b",
				"ip": "51.91.219.141",
				"port": 44003
			},
			"src": {
				"id": "de2410e83b86e74a4569e0c120846b67c204f5bc",
				"ip": "65.108.226.183",
				"port": 22256
			},
			"buckets": [
				86,
				33,
				203
			],
			"attempts": 14,
			"bucket_type": 1,
			"last_attempt": "2023-05-30T07:15:31.206230608+02:00",
			"last_success": "0001-01-01T00:00:00Z",
			"last_ban_time": "0001-01-01T00:00:00Z"
		},
		{
			"addr": {
				"id": "a98484ac9cb8235bd6a65cdf7648107e3d14dab4",
				"ip": "116.202.231.58",
				"port": 15956
			},
			"src": {
				"id": "e7fe7d8570fa647d738753cbad9935a0803c468a",
				"ip": "65.109.96.93",
				"port": 60656
			},
			"buckets": [
				18
			],
			"attempts": 0,
			"bucket_type": 2,
			"last_attempt": "2023-05-30T06:33:47.910892461+02:00",
			"last_success": "2023-05-30T06:33:47.910892461+02:00",
			"last_ban_time": "0001-01-01T00:00:00Z"
		},
		{
			"addr": {
				"id": "ffec53891af4ccfaccef244cc29165c3b359c1bb",
				"ip": "65.108.244.5",
				"port": 26656
			},
			"src": {
				"id": "de2410e83b86e74a4569e0c120846b67c204f5bc",
				"ip": "65.108.226.183",
				"port": 22256
			},
			"buckets": [
				239,
				98,
				125,
				85
			],
			"attempts": 2,
			"bucket_type": 1,
			"last_attempt": "2023-05-30T04:51:31.198875099+02:00",
			"last_success": "0001-01-01T00:00:00Z",
			"last_ban_time": "0001-01-01T00:00:00Z"
		},
		{
			"addr": {
				"id": "ade4d8bc8cbe014af6ebdf3cb7b1e9ad36f412c0",
				"ip": "176.9.82.221",
				"port": 22256
			},
			"src": {
				"id": "de2410e83b86e74a4569e0c120846b67c204f5bc",
				"ip": "65.108.226.183",
				"port": 22256
			},
			"buckets": [
				66,
				188,
				8,
				236
			],
			"attempts": 12,
			"bucket_type": 1,
			"last_attempt": "2023-05-30T07:04:31.1930372+02:00",
			"last_success": "0001-01-01T00:00:00Z",
			"last_ban_time": "0001-01-01T00:00:00Z"
		},
		{
			"addr": {
				"id": "488f98949ba03931c433aaf12d799bb1cd6f3942",
				"ip": "65.21.225.10",
				"port": 26656
			},
			"src": {
				"id": "e7fe7d8570fa647d738753cbad9935a0803c468a",
				"ip": "65.109.96.93",
				"port": 60656
			},
			"buckets": [
				81,
				227,
				16
			],
			"attempts": 5,
			"bucket_type": 1,
			"last_attempt": "2023-05-30T06:15:01.230178372+02:00",
			"last_success": "0001-01-01T00:00:00Z",
			"last_ban_time": "0001-01-01T00:00:00Z"
		},
		{
			"addr": {
				"id": "de24eace0af969355bdc050d438e031bea311459",
				"ip": "65.21.106.106",
				"port": 34656
			},
			"src": {
				"id": "e7fe7d8570fa647d738753cbad9935a0803c468a",
				"ip": "65.109.96.93",
				"port": 60656
			},
			"buckets": [
				5
			],
			"attempts": 0,
			"bucket_type": 2,
			"last_attempt": "2023-05-30T06:38:38.394926315+02:00",
			"last_success": "2023-05-30T06:38:38.394926315+02:00",
			"last_ban_time": "0001-01-01T00:00:00Z"
		},
		{
			"addr": {
				"id": "33d01ca326bb21c3e02c6f05b9cb530eea93c39d",
				"ip": "65.109.23.237",
				"port": 30536
			},
			"src": {
				"id": "de2410e83b86e74a4569e0c120846b67c204f5bc",
				"ip": "65.108.226.183",
				"port": 22256
			},
			"buckets": [
				227,
				172,
				251,
				176
			],
			"attempts": 5,
			"bucket_type": 1,
			"last_attempt": "2023-05-30T06:07:04.201875953+02:00",
			"last_success": "0001-01-01T00:00:00Z",
			"last_ban_time": "0001-01-01T00:00:00Z"
		},
		{
			"addr": {
				"id": "f9cf7b4b1df105e67c632364847a4a00f86aa5c8",
				"ip": "93.115.28.169",
				"port": 36656
			},
			"src": {
				"id": "de2410e83b86e74a4569e0c120846b67c204f5bc",
				"ip": "65.108.226.183",
				"port": 22256
			},
			"buckets": [
				179,
				228,
				19,
				112
			],
			"attempts": 12,
			"bucket_type": 1,
			"last_attempt": "2023-05-30T07:23:34.212121481+02:00",
			"last_success": "0001-01-01T00:00:00Z",
			"last_ban_time": "0001-01-01T00:00:00Z"
		},
		{
			"addr": {
				"id": "872c8a78a17a24d6f44e1126c46ef52069c7bb18",
				"ip": "65.109.80.150",
				"port": 21500
			},
			"src": {
				"id": "de2410e83b86e74a4569e0c120846b67c204f5bc",
				"ip": "65.108.226.183",
				"port": 22256
			},
			"buckets": [
				227,
				251,
				172,
				176
			],
			"attempts": 7,
			"bucket_type": 1,
			"last_attempt": "2023-05-30T07:02:01.23083972+02:00",
			"last_success": "0001-01-01T00:00:00Z",
			"last_ban_time": "0001-01-01T00:00:00Z"
		},
		{
			"addr": {
				"id": "3093f15e34a729bd697632af1d2d1e2e1d9f334c",
				"ip": "65.108.13.212",
				"port": 22356
			},
			"src": {
				"id": "de2410e83b86e74a4569e0c120846b67c204f5bc",
				"ip": "65.108.226.183",
				"port": 22256
			},
			"buckets": [
				239,
				98,
				85,
				125
			],
			"attempts": 4,
			"bucket_type": 1,
			"last_attempt": "2023-05-30T06:20:02.164501358+02:00",
			"last_success": "0001-01-01T00:00:00Z",
			"last_ban_time": "0001-01-01T00:00:00Z"
		},
		{
			"addr": {
				"id": "7a4247261bad16289428543538d8e7b0c785b42c",
				"ip": "135.181.22.94",
				"port": 26656
			},
			"src": {
				"id": "de2410e83b86e74a4569e0c120846b67c204f5bc",
				"ip": "65.108.226.183",
				"port": 22256
			},
			"buckets": [
				190,
				43,
				39,
				236
			],
			"attempts": 11,
			"bucket_type": 1,
			"last_attempt": "2023-05-30T06:28:31.197358183+02:00",
			"last_success": "0001-01-01T00:00:00Z",
			"last_ban_time": "0001-01-01T00:00:00Z"
		},
		{
			"addr": {
				"id": "8020b85930cf42ca1dc3ed71e12c1620a3a8ce2e",
				"ip": "65.108.129.94",
				"port": 26656
			},
			"src": {
				"id": "de2410e83b86e74a4569e0c120846b67c204f5bc",
				"ip": "65.108.226.183",
				"port": 22256
			},
			"buckets": [
				239,
				98,
				125,
				85
			],
			"attempts": 1,
			"bucket_type": 1,
			"last_attempt": "2023-05-30T06:15:31.238811226+02:00",
			"last_success": "0001-01-01T00:00:00Z",
			"last_ban_time": "0001-01-01T00:00:00Z"
		},
		{
			"addr": {
				"id": "c4a216e6c01859509ffd8a94deee39a27fba525a",
				"ip": "51.89.232.234",
				"port": 26656
			},
			"src": {
				"id": "de2410e83b86e74a4569e0c120846b67c204f5bc",
				"ip": "65.108.226.183",
				"port": 22256
			},
			"buckets": [
				133,
				165,
				142,
				72
			],
			"attempts": 11,
			"bucket_type": 1,
			"last_attempt": "2023-05-30T07:06:34.193279419+02:00",
			"last_success": "0001-01-01T00:00:00Z",
			"last_ban_time": "0001-01-01T00:00:00Z"
		},
		{
			"addr": {
				"id": "99004e3251209542b30c7502a7c35b1d574cd3ae",
				"ip": "195.3.221.16",
				"port": 26656
			},
			"src": {
				"id": "415ed8fdb8f4408ee4ab4c7ac57a66282184fa7d",
				"ip": "0.0.0.0",
				"port": 30656
			},
			"buckets": [
				246,
				112,
				227,
				208
			],
			"attempts": 9,
			"bucket_type": 1,
			"last_attempt": "2023-05-30T07:05:34.198962703+02:00",
			"last_success": "0001-01-01T00:00:00Z",
			"last_ban_time": "0001-01-01T00:00:00Z"
		},
		{
			"addr": {
				"id": "18f86a7b2b8233e340b85733b77c649daa2533dc",
				"ip": "138.201.59.93",
				"port": 26656
			},
			"src": {
				"id": "de2410e83b86e74a4569e0c120846b67c204f5bc",
				"ip": "65.108.226.183",
				"port": 22256
			},
			"buckets": [
				179,
				27,
				178,
				236
			],
			"attempts": 10,
			"bucket_type": 1,
			"last_attempt": "2023-05-30T07:15:04.188772025+02:00",
			"last_success": "0001-01-01T00:00:00Z",
			"last_ban_time": "0001-01-01T00:00:00Z"
		},
		{
			"addr": {
				"id": "b3c715e6d140ea5de371db8bab081cb9923f45b2",
				"ip": "65.108.78.107",
				"port": 26656
			},
			"src": {
				"id": "de2410e83b86e74a4569e0c120846b67c204f5bc",
				"ip": "65.108.226.183",
				"port": 22256
			},
			"buckets": [
				239,
				98,
				85,
				125
			],
			"attempts": 4,
			"bucket_type": 1,
			"last_attempt": "2023-05-30T05:14:04.197981247+02:00",
			"last_success": "0001-01-01T00:00:00Z",
			"last_ban_time": "0001-01-01T00:00:00Z"
		},
		{
			"addr": {
				"id": "1d1b341ee37434cbcf23231d89fa410aeb970341",
				"ip": "65.108.206.74",
				"port": 36656
			},
			"src": {
				"id": "de2410e83b86e74a4569e0c120846b67c204f5bc",
				"ip": "65.108.226.183",
				"port": 22256
			},
			"buckets": [
				239,
				98,
				125,
				85
			],
			"attempts": 7,
			"bucket_type": 1,
			"last_attempt": "2023-05-30T06:55:31.233088686+02:00",
			"last_success": "0001-01-01T00:00:00Z",
			"last_ban_time": "0001-01-01T00:00:00Z"
		},
		{
			"addr": {
				"id": "eabe1168dd224da0d17d84c18df235a836688204",
				"ip": "94.41.17.212",
				"port": 36656
			},
			"src": {
				"id": "de2410e83b86e74a4569e0c120846b67c204f5bc",
				"ip": "65.108.226.183",
				"port": 22256
			},
			"buckets": [
				133,
				112,
				39
			],
			"attempts": 4,
			"bucket_type": 1,
			"last_attempt": "2023-05-30T06:48:01.232376276+02:00",
			"last_success": "0001-01-01T00:00:00Z",
			"last_ban_time": "0001-01-01T00:00:00Z"
		},
		{
			"addr": {
				"id": "e8ff96b052acfc2cc10458fa163dc733a8328ae1",
				"ip": "109.236.86.96",
				"port": 15956
			},
			"src": {
				"id": "de2410e83b86e74a4569e0c120846b67c204f5bc",
				"ip": "65.108.226.183",
				"port": 22256
			},
			"buckets": [
				100,
				125,
				135,
				208
			],
			"attempts": 12,
			"bucket_type": 1,
			"last_attempt": "2023-05-30T07:05:01.19915422+02:00",
			"last_success": "0001-01-01T00:00:00Z",
			"last_ban_time": "0001-01-01T00:00:00Z"
		},
		{
			"addr": {
				"id": "364b8245e72f083b0aa3e0d59b832020b66e9e9d",
				"ip": "65.109.80.150",
				"port": 21500
			},
			"src": {
				"id": "de2410e83b86e74a4569e0c120846b67c204f5bc",
				"ip": "65.108.226.183",
				"port": 22256
			},
			"buckets": [
				227,
				172,
				251
			],
			"attempts": 0,
			"bucket_type": 1,
			"last_attempt": "2023-05-30T04:38:01.487737366+02:00",
			"last_success": "0001-01-01T00:00:00Z",
			"last_ban_time": "0001-01-01T00:00:00Z"
		},
		{
			"addr": {
				"id": "a03d37eb137b4825da89183c3a1cc85b30541040",
				"ip": "195.3.220.169",
				"port": 26656
			},
			"src": {
				"id": "de2410e83b86e74a4569e0c120846b67c204f5bc",
				"ip": "65.108.226.183",
				"port": 22256
			},
			"buckets": [
				227,
				112,
				219,
				208
			],
			"attempts": 2,
			"bucket_type": 1,
			"last_attempt": "2023-05-30T06:08:31.233371102+02:00",
			"last_success": "0001-01-01T00:00:00Z",
			"last_ban_time": "0001-01-01T00:00:00Z"
		},
		{
			"addr": {
				"id": "5da0b9f8da1906a9282e62cd8056bded37332365",
				"ip": "152.228.214.87",
				"port": 26656
			},
			"src": {
				"id": "e7fe7d8570fa647d738753cbad9935a0803c468a",
				"ip": "65.109.96.93",
				"port": 60656
			},
			"buckets": [
				228,
				83,
				8,
				46
			],
			"attempts": 12,
			"bucket_type": 1,
			"last_attempt": "2023-05-30T06:59:01.189727225+02:00",
			"last_success": "0001-01-01T00:00:00Z",
			"last_ban_time": "0001-01-01T00:00:00Z"
		},
		{
			"addr": {
				"id": "9fc2b9e402fa30ed140a0dbd7391af5d4b4b424d",
				"ip": "65.109.90.171",
				"port": 26656
			},
			"src": {
				"id": "de2410e83b86e74a4569e0c120846b67c204f5bc",
				"ip": "65.108.226.183",
				"port": 22256
			},
			"buckets": [
				227,
				172,
				251,
				176
			],
			"attempts": 3,
			"bucket_type": 1,
			"last_attempt": "2023-05-30T06:23:31.201587862+02:00",
			"last_success": "0001-01-01T00:00:00Z",
			"last_ban_time": "0001-01-01T00:00:00Z"
		},
		{
			"addr": {
				"id": "085e6b4cf1f1d6f7e2c0b9d06d476d070cbd7929",
				"ip": "65.109.30.110",
				"port": 11813
			},
			"src": {
				"id": "e7fe7d8570fa647d738753cbad9935a0803c468a",
				"ip": "65.109.96.93",
				"port": 60656
			},
			"buckets": [
				172,
				227,
				251,
				176
			],
			"attempts": 3,
			"bucket_type": 1,
			"last_attempt": "2023-05-30T05:31:02.165711153+02:00",
			"last_success": "0001-01-01T00:00:00Z",
			"last_ban_time": "0001-01-01T00:00:00Z"
		},
		{
			"addr": {
				"id": "5070c358e90f8005b2049ff2e6d8e95adeb9bdd3",
				"ip": "144.76.182.73",
				"port": 40656
			},
			"src": {
				"id": "de2410e83b86e74a4569e0c120846b67c204f5bc",
				"ip": "65.108.226.183",
				"port": 22256
			},
			"buckets": [
				30,
				172,
				221
			],
			"attempts": 10,
			"bucket_type": 1,
			"last_attempt": "2023-05-30T05:51:31.210712264+02:00",
			"last_success": "0001-01-01T00:00:00Z",
			"last_ban_time": "0001-01-01T00:00:00Z"
		},
		{
			"addr": {
				"id": "211bebc24e286a973d3038f2fbbf5f673badc190",
				"ip": "51.250.4.215",
				"port": 27656
			},
			"src": {
				"id": "de2410e83b86e74a4569e0c120846b67c204f5bc",
				"ip": "65.108.226.183",
				"port": 22256
			},
			"buckets": [
				7,
				134,
				74,
				85
			],
			"attempts": 10,
			"bucket_type": 1,
			"last_attempt": "2023-05-30T06:35:34.215998163+02:00",
			"last_success": "0001-01-01T00:00:00Z",
			"last_ban_time": "0001-01-01T00:00:00Z"
		},
		{
			"addr": {
				"id": "829fe9bab86000a420d00292c5e83fc1c3961d94",
				"ip": "65.108.206.118",
				"port": 60756
			},
			"src": {
				"id": "de2410e83b86e74a4569e0c120846b67c204f5bc",
				"ip": "65.108.226.183",
				"port": 22256
			},
			"buckets": [
				239,
				98,
				125,
				85
			],
			"attempts": 3,
			"bucket_type": 1,
			"last_attempt": "2023-05-30T07:09:02.165290219+02:00",
			"last_success": "0001-01-01T00:00:00Z",
			"last_ban_time": "0001-01-01T00:00:00Z"
		},
		{
			"addr": {
				"id": "418188eefa00d69ea2e9d23f21841d27afce2d6f",
				"ip": "143.198.206.192",
				"port": 36656
			},
			"src": {
				"id": "de2410e83b86e74a4569e0c120846b67c204f5bc",
				"ip": "65.108.226.183",
				"port": 22256
			},
			"buckets": [
				32,
				112,
				79,
				159
			],
			"attempts": 11,
			"bucket_type": 1,
			"last_attempt": "2023-05-30T06:53:01.750938442+02:00",
			"last_success": "0001-01-01T00:00:00Z",
			"last_ban_time": "0001-01-01T00:00:00Z"
		},
		{
			"addr": {
				"id": "3c6ce8c53321162bcaf12d19b0dacd3bc0637e31",
				"ip": "87.117.38.192",
				"port": 15956
			},
			"src": {
				"id": "de2410e83b86e74a4569e0c120846b67c204f5bc",
				"ip": "65.108.226.183",
				"port": 22256
			},
			"buckets": [
				179,
				104,
				173,
				236
			],
			"attempts": 11,
			"bucket_type": 1,
			"last_attempt": "2023-05-30T06:12:31.387873908+02:00",
			"last_success": "0001-01-01T00:00:00Z",
			"last_ban_time": "0001-01-01T00:00:00Z"
		},
		{
			"addr": {
				"id": "7ab89f884656a66ca90fd9d44489da3c6ca1fea4",
				"ip": "95.217.144.107",
				"port": 22256
			},
			"src": {
				"id": "de2410e83b86e74a4569e0c120846b67c204f5bc",
				"ip": "65.108.226.183",
				"port": 22256
			},
			"buckets": [
				221,
				112,
				74,
				219
			],
			"attempts": 7,
			"bucket_type": 1,
			"last_attempt": "2023-05-30T05:56:01.238967457+02:00",
			"last_success": "0001-01-01T00:00:00Z",
			"last_ban_time": "0001-01-01T00:00:00Z"
		},
		{
			"addr": {
				"id": "783e682b38c0565082fe5d897b24feebf687c52b",
				"ip": "65.108.13.154",
				"port": 37656
			},
			"src": {
				"id": "de2410e83b86e74a4569e0c120846b67c204f5bc",
				"ip": "65.108.226.183",
				"port": 22256
			},
			"buckets": [
				239,
				98,
				125,
				85
			],
			"attempts": 0,
			"bucket_type": 1,
			"last_attempt": "2023-05-30T04:38:31.315828318+02:00",
			"last_success": "0001-01-01T00:00:00Z",
			"last_ban_time": "0001-01-01T00:00:00Z"
		},
		{
			"addr": {
				"id": "b45a1cd6a374bc3ad4f8c2160ffb88460a67ce36",
				"ip": "185.202.239.161",
				"port": 26656
			},
			"src": {
				"id": "de2410e83b86e74a4569e0c120846b67c204f5bc",
				"ip": "65.108.226.183",
				"port": 22256
			},
			"buckets": [
				251,
				185,
				57,
				96
			],
			"attempts": 11,
			"bucket_type": 1,
			"last_attempt": "2023-05-30T06:55:31.182440141+02:00",
			"last_success": "0001-01-01T00:00:00Z",
			"last_ban_time": "0001-01-01T00:00:00Z"
		},
		{
			"addr": {
				"id": "02ea9a908729d6c7a846a535a63fd47131c59b88",
				"ip": "65.109.60.19",
				"port": 36656
			},
			"src": {
				"id": "de2410e83b86e74a4569e0c120846b67c204f5bc",
				"ip": "65.108.226.183",
				"port": 22256
			},
			"buckets": [
				227,
				172,
				176,
				251
			],
			"attempts": 0,
			"bucket_type": 1,
			"last_attempt": "2023-05-30T04:39:01.28612526+02:00",
			"last_success": "0001-01-01T00:00:00Z",
			"last_ban_time": "0001-01-01T00:00:00Z"
		},
		{
			"addr": {
				"id": "0cc331c2ae0b907fef8911ec9f76e28b363af15e",
				"ip": "176.9.2.2",
				"port": 40656
			},
			"src": {
				"id": "e7fe7d8570fa647d738753cbad9935a0803c468a",
				"ip": "65.109.96.93",
				"port": 60656
			},
			"buckets": [
				188,
				66,
				8
			],
			"attempts": 12,
			"bucket_type": 1,
			"last_attempt": "2023-05-30T07:07:01.212109521+02:00",
			"last_success": "0001-01-01T00:00:00Z",
			"last_ban_time": "0001-01-01T00:00:00Z"
		},
		{
			"addr": {
				"id": "a8da45683cc35c4743e27eac5e2d33498b7a700d",
				"ip": "65.108.225.126",
				"port": 56656
			},
			"src": {
				"id": "de2410e83b86e74a4569e0c120846b67c204f5bc",
				"ip": "65.108.226.183",
				"port": 22256
			},
			"buckets": [
				239,
				98,
				85,
				125
			],
			"attempts": 7,
			"bucket_type": 1,
			"last_attempt": "2023-05-30T06:09:31.27509097+02:00",
			"last_success": "0001-01-01T00:00:00Z",
			"last_ban_time": "0001-01-01T00:00:00Z"
		},
		{
			"addr": {
				"id": "d9b5a5910c1cf6b52f79aae4cf97dd83086dfc25",
				"ip": "65.108.229.93",
				"port": 27656
			},
			"src": {
				"id": "e7fe7d8570fa647d738753cbad9935a0803c468a",
				"ip": "65.109.96.93",
				"port": 60656
			},
			"buckets": [
				98,
				239,
				125
			],
			"attempts": 2,
			"bucket_type": 1,
			"last_attempt": "2023-05-30T05:39:04.195351121+02:00",
			"last_success": "0001-01-01T00:00:00Z",
			"last_ban_time": "0001-01-01T00:00:00Z"
		},
		{
			"addr": {
				"id": "b2a5b6c11e7d71c2a43d88a73b9dcff3352f4302",
				"ip": "57.128.86.7",
				"port": 26656
			},
			"src": {
				"id": "415ed8fdb8f4408ee4ab4c7ac57a66282184fa7d",
				"ip": "0.0.0.0",
				"port": 30656
			},
			"buckets": [
				166,
				133,
				43,
				118
			],
			"attempts": 12,
			"bucket_type": 1,
			"last_attempt": "2023-05-30T06:32:04.185153253+02:00",
			"last_success": "0001-01-01T00:00:00Z",
			"last_ban_time": "0001-01-01T00:00:00Z"
		},
		{
			"addr": {
				"id": "7896ea8e66643e26f57756f10150283a29f8bf5d",
				"ip": "148.251.91.185",
				"port": 26656
			},
			"src": {
				"id": "de2410e83b86e74a4569e0c120846b67c204f5bc",
				"ip": "65.108.226.183",
				"port": 22256
			},
			"buckets": [
				107,
				228,
				125
			],
			"attempts": 13,
			"bucket_type": 1,
			"last_attempt": "2023-05-30T07:19:04.178056008+02:00",
			"last_success": "0001-01-01T00:00:00Z",
			"last_ban_time": "0001-01-01T00:00:00Z"
		},
		{
			"addr": {
				"id": "1c0a6d67873396b1322a84916907fc6bbb50010b",
				"ip": "65.109.70.45",
				"port": 26656
			},
			"src": {
				"id": "de2410e83b86e74a4569e0c120846b67c204f5bc",
				"ip": "65.108.226.183",
				"port": 22256
			},
			"buckets": [
				227,
				172,
				251,
				176
			],
			"attempts": 1,
			"bucket_type": 1,
			"last_attempt": "2023-05-30T04:39:01.201709936+02:00",
			"last_success": "0001-01-01T00:00:00Z",
			"last_ban_time": "0001-01-01T00:00:00Z"
		},
		{
			"addr": {
				"id": "f42036053761675bc7ad48c4b1510e67254d9e24",
				"ip": "65.109.28.226",
				"port": 20656
			},
			"src": {
				"id": "de2410e83b86e74a4569e0c120846b67c204f5bc",
				"ip": "65.108.226.183",
				"port": 22256
			},
			"buckets": [
				227,
				172,
				251,
				176
			],
			"attempts": 1,
			"bucket_type": 1,
			"last_attempt": "2023-05-30T06:33:31.19395107+02:00",
			"last_success": "0001-01-01T00:00:00Z",
			"last_ban_time": "0001-01-01T00:00:00Z"
		},
		{
			"addr": {
				"id": "2ca32b1aba0208008738ddefe44d5239bef2e894",
				"ip": "95.217.144.107",
				"port": 22256
			},
			"src": {
				"id": "e7fe7d8570fa647d738753cbad9935a0803c468a",
				"ip": "65.109.96.93",
				"port": 60656
			},
			"buckets": [
				112,
				221,
				74,
				219
			],
			"attempts": 5,
			"bucket_type": 1,
			"last_attempt": "2023-05-30T06:43:01.275271749+02:00",
			"last_success": "0001-01-01T00:00:00Z",
			"last_ban_time": "0001-01-01T00:00:00Z"
		},
		{
			"addr": {
				"id": "7eabe041d60e63a88591a5c30ca890a9de36119c",
				"ip": "3.133.131.224",
				"port": 26656
			},
			"src": {
				"id": "de2410e83b86e74a4569e0c120846b67c204f5bc",
				"ip": "65.108.226.183",
				"port": 22256
			},
			"buckets": [
				100,
				134,
				178
			],
			"attempts": 11,
			"bucket_type": 1,
			"last_attempt": "2023-05-30T06:02:31.504800956+02:00",
			"last_success": "0001-01-01T00:00:00Z",
			"last_ban_time": "0001-01-01T00:00:00Z"
		},
		{
			"addr": {
				"id": "470868233de50603903700c3399d013af981c010",
				"ip": "65.108.2.41",
				"port": 26656
			},
			"src": {
				"id": "de2410e83b86e74a4569e0c120846b67c204f5bc",
				"ip": "65.108.226.183",
				"port": 22256
			},
			"buckets": [
				239,
				98,
				125,
				85
			],
			"attempts": 0,
			"bucket_type": 1,
			"last_attempt": "2023-05-30T04:38:31.315631539+02:00",
			"last_success": "0001-01-01T00:00:00Z",
			"last_ban_time": "0001-01-01T00:00:00Z"
		},
		{
			"addr": {
				"id": "e7fe7d8570fa647d738753cbad9935a0803c468a",
				"ip": "65.109.96.93",
				"port": 60656
			},
			"src": {
				"id": "de2410e83b86e74a4569e0c120846b67c204f5bc",
				"ip": "65.108.226.183",
				"port": 22256
			},
			"buckets": [
				9
			],
			"attempts": 0,
			"bucket_type": 2,
			"last_attempt": "2023-05-30T06:53:16.09230785+02:00",
			"last_success": "2023-05-30T06:53:16.09230785+02:00",
			"last_ban_time": "0001-01-01T00:00:00Z"
		},
		{
			"addr": {
				"id": "fa24e834e8355f47db59fd803f36a1cc06005100",
				"ip": "65.109.156.208",
				"port": 26656
			},
			"src": {
				"id": "de2410e83b86e74a4569e0c120846b67c204f5bc",
				"ip": "65.108.226.183",
				"port": 22256
			},
			"buckets": [
				227,
				172,
				251
			],
			"attempts": 1,
			"bucket_type": 1,
			"last_attempt": "2023-05-30T07:04:31.197881606+02:00",
			"last_success": "0001-01-01T00:00:00Z",
			"last_ban_time": "0001-01-01T00:00:00Z"
		},
		{
			"addr": {
				"id": "fe82bb3e15e4cee715f47a9ccb925134b9131669",
				"ip": "46.4.213.193",
				"port": 26656
			},
			"src": {
				"id": "e7fe7d8570fa647d738753cbad9935a0803c468a",
				"ip": "65.109.96.93",
				"port": 60656
			},
			"buckets": [
				98,
				82,
				72,
				250
			],
			"attempts": 11,
			"bucket_type": 1,
			"last_attempt": "2023-05-30T06:08:01.201313945+02:00",
			"last_success": "0001-01-01T00:00:00Z",
			"last_ban_time": "0001-01-01T00:00:00Z"
		},
		{
			"addr": {
				"id": "42c6370c3608fcfc49b95d411efd4db34a7ad838",
				"ip": "65.108.75.107",
				"port": 26656
			},
			"src": {
				"id": "e7fe7d8570fa647d738753cbad9935a0803c468a",
				"ip": "65.109.96.93",
				"port": 60656
			},
			"buckets": [
				98,
				239,
				125
			],
			"attempts": 2,
			"bucket_type": 1,
			"last_attempt": "2023-05-30T05:30:34.199358631+02:00",
			"last_success": "0001-01-01T00:00:00Z",
			"last_ban_time": "0001-01-01T00:00:00Z"
		},
		{
			"addr": {
				"id": "df49f4fee2fe62bc0ca8c27ee0dbae3f0abec98f",
				"ip": "46.38.232.86",
				"port": 24656
			},
			"src": {
				"id": "415ed8fdb8f4408ee4ab4c7ac57a66282184fa7d",
				"ip": "0.0.0.0",
				"port": 30656
			},
			"buckets": [
				12,
				208,
				32,
				157
			],
			"attempts": 12,
			"bucket_type": 1,
			"last_attempt": "2023-05-30T06:54:34.171794554+02:00",
			"last_success": "0001-01-01T00:00:00Z",
			"last_ban_time": "0001-01-01T00:00:00Z"
		},
		{
			"addr": {
				"id": "de2410e83b86e74a4569e0c120846b67c204f5bc",
				"ip": "65.108.226.183",
				"port": 22256
			},
			"src": {
				"id": "415ed8fdb8f4408ee4ab4c7ac57a66282184fa7d",
				"ip": "0.0.0.0",
				"port": 30656
			},
			"buckets": [
				30
			],
			"attempts": 0,
			"bucket_type": 2,
			"last_attempt": "2023-05-30T07:06:12.746492802+02:00",
			"last_success": "2023-05-30T07:06:12.746492802+02:00",
			"last_ban_time": "0001-01-01T00:00:00Z"
		},
		{
			"addr": {
				"id": "633b1cd37848e020a3a4cd23c9bf61bf569e5940",
				"ip": "65.108.73.88",
				"port": 26656
			},
			"src": {
				"id": "de2410e83b86e74a4569e0c120846b67c204f5bc",
				"ip": "65.108.226.183",
				"port": 22256
			},
			"buckets": [
				239,
				98,
				125,
				85
			],
			"attempts": 1,
			"bucket_type": 1,
			"last_attempt": "2023-05-30T06:09:01.201316748+02:00",
			"last_success": "0001-01-01T00:00:00Z",
			"last_ban_time": "0001-01-01T00:00:00Z"
		},
		{
			"addr": {
				"id": "b3df58870bc6ff98a88cae66f6eb616198c3b118",
				"ip": "144.76.45.59",
				"port": 26656
			},
			"src": {
				"id": "de2410e83b86e74a4569e0c120846b67c204f5bc",
				"ip": "65.108.226.183",
				"port": 22256
			},
			"buckets": [
				30,
				172,
				221,
				46
			],
			"attempts": 11,
			"bucket_type": 1,
			"last_attempt": "2023-05-30T06:53:01.195987681+02:00",
			"last_success": "0001-01-01T00:00:00Z",
			"last_ban_time": "0001-01-01T00:00:00Z"
		},
		{
			"addr": {
				"id": "f5fe55ea62334c68d08e6565794fe5c472936bf8",
				"ip": "95.217.57.232",
				"port": 56656
			},
			"src": {
				"id": "de2410e83b86e74a4569e0c120846b67c204f5bc",
				"ip": "65.108.226.183",
				"port": 22256
			},
			"buckets": [
				221,
				112,
				219,
				74
			],
			"attempts": 9,
			"bucket_type": 1,
			"last_attempt": "2023-05-30T06:22:31.262065667+02:00",
			"last_success": "0001-01-01T00:00:00Z",
			"last_ban_time": "0001-01-01T00:00:00Z"
		},
		{
			"addr": {
				"id": "d5519e378247dfb61dfe90652d1fe3e2b3005a5b",
				"ip": "65.109.68.190",
				"port": 15956
			},
			"src": {
				"id": "de2410e83b86e74a4569e0c120846b67c204f5bc",
				"ip": "65.108.226.183",
				"port": 22256
			},
			"buckets": [
				20
			],
			"attempts": 1,
			"bucket_type": 2,
			"last_attempt": "2023-05-30T06:44:34.197626669+02:00",
			"last_success": "2023-05-30T06:34:09.75548336+02:00",
			"last_ban_time": "0001-01-01T00:00:00Z"
		},
		{
			"addr": {
				"id": "8859e665f2eca25da78aaf4d2e541407885b08d8",
				"ip": "5.78.72.11",
				"port": 26656
			},
			"src": {
				"id": "de2410e83b86e74a4569e0c120846b67c204f5bc",
				"ip": "65.108.226.183",
				"port": 22256
			},
			"buckets": [
				133,
				104,
				226
			],
			"attempts": 11,
			"bucket_type": 1,
			"last_attempt": "2023-05-30T07:12:01.710369124+02:00",
			"last_success": "0001-01-01T00:00:00Z",
			"last_ban_time": "0001-01-01T00:00:00Z"
		},
		{
			"addr": {
				"id": "7521d65a4102259fa26816383fea2f8f21a3b1ea",
				"ip": "65.109.116.21",
				"port": 11154
			},
			"src": {
				"id": "de2410e83b86e74a4569e0c120846b67c204f5bc",
				"ip": "65.108.226.183",
				"port": 22256
			},
			"buckets": [
				227,
				172,
				251
			],
			"attempts": 3,
			"bucket_type": 1,
			"last_attempt": "2023-05-30T05:29:31.198259801+02:00",
			"last_success": "0001-01-01T00:00:00Z",
			"last_ban_time": "0001-01-01T00:00:00Z"
		},
		{
			"addr": {
				"id": "04f69bb654cf25f4352724b1293cb9cf1a3e2fd3",
				"ip": "65.109.82.112",
				"port": 2246
			},
			"src": {
				"id": "de2410e83b86e74a4569e0c120846b67c204f5bc",
				"ip": "65.108.226.183",
				"port": 22256
			},
			"buckets": [
				227,
				172,
				251,
				176
			],
			"attempts": 3,
			"bucket_type": 1,
			"last_attempt": "2023-05-30T05:51:01.194418941+02:00",
			"last_success": "0001-01-01T00:00:00Z",
			"last_ban_time": "0001-01-01T00:00:00Z"
		},
		{
			"addr": {
				"id": "5c2a752c9b1952dbed075c56c600c3a79b58c395",
				"ip": "185.16.39.172",
				"port": 26976
			},
			"src": {
				"id": "e7fe7d8570fa647d738753cbad9935a0803c468a",
				"ip": "65.109.96.93",
				"port": 60656
			},
			"buckets": [
				81,
				49,
				221,
				120
			],
			"attempts": 12,
			"bucket_type": 1,
			"last_attempt": "2023-05-30T06:59:31.266345228+02:00",
			"last_success": "0001-01-01T00:00:00Z",
			"last_ban_time": "0001-01-01T00:00:00Z"
		},
		{
			"addr": {
				"id": "fe2707bf4f4feecdbc837edf4ab743fccb3b3edc",
				"ip": "51.68.166.235",
				"port": 26656
			},
			"src": {
				"id": "e7fe7d8570fa647d738753cbad9935a0803c468a",
				"ip": "65.109.96.93",
				"port": 60656
			},
			"buckets": [
				134,
				237,
				107,
				80
			],
			"attempts": 7,
			"bucket_type": 1,
			"last_attempt": "2023-05-30T06:20:31.214330465+02:00",
			"last_success": "0001-01-01T00:00:00Z",
			"last_ban_time": "0001-01-01T00:00:00Z"
		},
		{
			"addr": {
				"id": "4a2d85ef407eea286bf4b810b17c83d2d68e4887",
				"ip": "95.214.55.138",
				"port": 11656
			},
			"src": {
				"id": "de2410e83b86e74a4569e0c120846b67c204f5bc",
				"ip": "65.108.226.183",
				"port": 22256
			},
			"buckets": [
				226,
				234,
				27,
				82
			],
			"attempts": 12,
			"bucket_type": 1,
			"last_attempt": "2023-05-30T07:01:02.168058235+02:00",
			"last_success": "0001-01-01T00:00:00Z",
			"last_ban_time": "0001-01-01T00:00:00Z"
		},
		{
			"addr": {
				"id": "7b8f4a6d2aedf1d300edd447b5020ea174376f03",
				"ip": "65.108.231.238",
				"port": 26677
			},
			"src": {
				"id": "de2410e83b86e74a4569e0c120846b67c204f5bc",
				"ip": "65.108.226.183",
				"port": 22256
			},
			"buckets": [
				239,
				98,
				125,
				85
			],
			"attempts": 1,
			"bucket_type": 1,
			"last_attempt": "2023-05-30T04:43:01.198137927+02:00",
			"last_success": "0001-01-01T00:00:00Z",
			"last_ban_time": "0001-01-01T00:00:00Z"
		},
		{
			"addr": {
				"id": "441b85cb7861c44b08b26689b0388888bfc36e52",
				"ip": "65.108.124.121",
				"port": 26656
			},
			"src": {
				"id": "de2410e83b86e74a4569e0c120846b67c204f5bc",
				"ip": "65.108.226.183",
				"port": 22256
			},
			"buckets": [
				239,
				98,
				85,
				125
			],
			"attempts": 2,
			"bucket_type": 1,
			"last_attempt": "2023-05-30T05:36:32.16564953+02:00",
			"last_success": "0001-01-01T00:00:00Z",
			"last_ban_time": "0001-01-01T00:00:00Z"
		},
		{
			"addr": {
				"id": "561b5acc7d6ae8994442855aac6b9a2ea94970d1",
				"ip": "5.161.97.184",
				"port": 26656
			},
			"src": {
				"id": "e7fe7d8570fa647d738753cbad9935a0803c468a",
				"ip": "65.109.96.93",
				"port": 60656
			},
			"buckets": [
				116,
				7,
				74,
				69
			],
			"attempts": 9,
			"bucket_type": 1,
			"last_attempt": "2023-05-30T07:16:34.265932718+02:00",
			"last_success": "0001-01-01T00:00:00Z",
			"last_ban_time": "0001-01-01T00:00:00Z"
		},
		{
			"addr": {
				"id": "3c091edbe051f9b0e1bcf46200db163e667a114a",
				"ip": "65.108.129.94",
				"port": 26656
			},
			"src": {
				"id": "de2410e83b86e74a4569e0c120846b67c204f5bc",
				"ip": "65.108.226.183",
				"port": 22256
			},
			"buckets": [
				239,
				98,
				125
			],
			"attempts": 2,
			"bucket_type": 1,
			"last_attempt": "2023-05-30T05:29:01.239124425+02:00",
			"last_success": "0001-01-01T00:00:00Z",
			"last_ban_time": "0001-01-01T00:00:00Z"
		},
		{
			"addr": {
				"id": "7db3b7cf36369cc48db0e7b4f49f1bf4ea59d3ac",
				"ip": "65.21.131.215",
				"port": 26616
			},
			"src": {
				"id": "de2410e83b86e74a4569e0c120846b67c204f5bc",
				"ip": "65.108.226.183",
				"port": 22256
			},
			"buckets": [
				227,
				81,
				16,
				208
			],
			"attempts": 4,
			"bucket_type": 1,
			"last_attempt": "2023-05-30T05:38:31.274668481+02:00",
			"last_success": "0001-01-01T00:00:00Z",
			"last_ban_time": "0001-01-01T00:00:00Z"
		},
		{
			"addr": {
				"id": "3f0727b11da4dc792fe2dfb34214cf45fadd4a15",
				"ip": "95.216.67.178",
				"port": 26656
			},
			"src": {
				"id": "e7fe7d8570fa647d738753cbad9935a0803c468a",
				"ip": "65.109.96.93",
				"port": 60656
			},
			"buckets": [
				43,
				239,
				57,
				80
			],
			"attempts": 7,
			"bucket_type": 1,
			"last_attempt": "2023-05-30T07:21:01.201843776+02:00",
			"last_success": "0001-01-01T00:00:00Z",
			"last_ban_time": "0001-01-01T00:00:00Z"
		},
		{
			"addr": {
				"id": "60103909868ef756ebd9f573e091c93b43be6ee5",
				"ip": "193.36.132.185",
				"port": 26656
			},
			"src": {
				"id": "e7fe7d8570fa647d738753cbad9935a0803c468a",
				"ip": "65.109.96.93",
				"port": 60656
			},
			"buckets": [
				102,
				43,
				153
			],
			"attempts": 11,
			"bucket_type": 1,
			"last_attempt": "2023-05-30T06:22:31.218900161+02:00",
			"last_success": "0001-01-01T00:00:00Z",
			"last_ban_time": "0001-01-01T00:00:00Z"
		},
		{
			"addr": {
				"id": "eba3bc4613f3dac61201374ce09bee1fad00dc54",
				"ip": "51.91.219.141",
				"port": 44003
			},
			"src": {
				"id": "e7fe7d8570fa647d738753cbad9935a0803c468a",
				"ip": "65.109.96.93",
				"port": 60656
			},
			"buckets": [
				33,
				86,
				203,
				173
			],
			"attempts": 1,
			"bucket_type": 1,
			"last_attempt": "2023-05-30T05:28:01.188154889+02:00",
			"last_success": "0001-01-01T00:00:00Z",
			"last_ban_time": "0001-01-01T00:00:00Z"
		},
		{
			"addr": {
				"id": "c4c51318e4d9a863c019fb277e5ed6748590e5c6",
				"ip": "66.45.233.110",
				"port": 26656
			},
			"src": {
				"id": "de2410e83b86e74a4569e0c120846b67c204f5bc",
				"ip": "65.108.226.183",
				"port": 22256
			},
			"buckets": [
				86,
				27,
				29,
				159
			],
			"attempts": 12,
			"bucket_type": 1,
			"last_attempt": "2023-05-30T07:17:01.438406664+02:00",
			"last_success": "0001-01-01T00:00:00Z",
			"last_ban_time": "0001-01-01T00:00:00Z"
		},
		{
			"addr": {
				"id": "2b3ebaebbaaa6f43b0986a1e4a104a517ce64e6c",
				"ip": "94.41.17.212",
				"port": 26656
			},
			"src": {
				"id": "de2410e83b86e74a4569e0c120846b67c204f5bc",
				"ip": "65.108.226.183",
				"port": 22256
			},
			"buckets": [
				133,
				112,
				39
			],
			"attempts": 8,
			"bucket_type": 1,
			"last_attempt": "2023-05-30T07:01:31.37500036+02:00",
			"last_success": "0001-01-01T00:00:00Z",
			"last_ban_time": "0001-01-01T00:00:00Z"
		},
		{
			"addr": {
				"id": "a23813e00918920e8b183c02c7505a0f6b8fc524",
				"ip": "185.197.250.151",
				"port": 26656
			},
			"src": {
				"id": "de2410e83b86e74a4569e0c120846b67c204f5bc",
				"ip": "65.108.226.183",
				"port": 22256
			},
			"buckets": [
				208,
				84,
				125,
				132
			],
			"attempts": 12,
			"bucket_type": 1,
			"last_attempt": "2023-05-30T06:24:01.187025543+02:00",
			"last_success": "0001-01-01T00:00:00Z",
			"last_ban_time": "0001-01-01T00:00:00Z"
		},
		{
			"addr": {
				"id": "20e6ecaaadd8cad474b8312d935042811513f6ff",
				"ip": "207.244.253.244",
				"port": 26656
			},
			"src": {
				"id": "de2410e83b86e74a4569e0c120846b67c204f5bc",
				"ip": "65.108.226.183",
				"port": 22256
			},
			"buckets": [
				82,
				112,
				25,
				250
			],
			"attempts": 11,
			"bucket_type": 1,
			"last_attempt": "2023-05-30T06:45:34.285815779+02:00",
			"last_success": "0001-01-01T00:00:00Z",
			"last_ban_time": "0001-01-01T00:00:00Z"
		},
		{
			"addr": {
				"id": "73190b1ec85654eeb7ccdc42538a2bb4a98b2802",
				"ip": "194.163.165.176",
				"port": 46656
			},
			"src": {
				"id": "de2410e83b86e74a4569e0c120846b67c204f5bc",
				"ip": "65.108.226.183",
				"port": 22256
			},
			"buckets": [
				251,
				101,
				153
			],
			"attempts": 12,
			"bucket_type": 1,
			"last_attempt": "2023-05-30T06:32:34.188460629+02:00",
			"last_success": "0001-01-01T00:00:00Z",
			"last_ban_time": "0001-01-01T00:00:00Z"
		},
		{
			"addr": {
				"id": "d850d1525f38622c2e8ea97a2ff91c63f8c8669c",
				"ip": "193.26.159.34",
				"port": 12656
			},
			"src": {
				"id": "e7fe7d8570fa647d738753cbad9935a0803c468a",
				"ip": "65.109.96.93",
				"port": 60656
			},
			"buckets": [
				26,
				43,
				133,
				213
			],
			"attempts": 12,
			"bucket_type": 1,
			"last_attempt": "2023-05-30T06:48:32.164875391+02:00",
			"last_success": "0001-01-01T00:00:00Z",
			"last_ban_time": "0001-01-01T00:00:00Z"
		},
		{
			"addr": {
				"id": "9b66a321e0de707588b1e704b13458a51bc723bd",
				"ip": "65.109.80.176",
				"port": 26656
			},
			"src": {
				"id": "de2410e83b86e74a4569e0c120846b67c204f5bc",
				"ip": "65.108.226.183",
				"port": 22256
			},
			"buckets": [
				227,
				172,
				251
			],
			"attempts": 4,
			"bucket_type": 1,
			"last_attempt": "2023-05-30T06:38:01.228132264+02:00",
			"last_success": "0001-01-01T00:00:00Z",
			"last_ban_time": "0001-01-01T00:00:00Z"
		},
		{
			"addr": {
				"id": "74c7dd0de85fa1f84e5721eaa10db88b64fa0749",
				"ip": "65.108.226.183",
				"port": 26656
			},
			"src": {
				"id": "de2410e83b86e74a4569e0c120846b67c204f5bc",
				"ip": "65.108.226.183",
				"port": 22256
			},
			"buckets": [
				239,
				98,
				125,
				85
			],
			"attempts": 0,
			"bucket_type": 1,
			"last_attempt": "2023-05-30T04:38:31.315619801+02:00",
			"last_success": "0001-01-01T00:00:00Z",
			"last_ban_time": "0001-01-01T00:00:00Z"
		},
		{
			"addr": {
				"id": "c97dd69796a3f55fb00d92358ec34a8185e28212",
				"ip": "5.9.79.121",
				"port": 49656
			},
			"src": {
				"id": "de2410e83b86e74a4569e0c120846b67c204f5bc",
				"ip": "65.108.226.183",
				"port": 22256
			},
			"buckets": [
				86,
				104,
				33
			],
			"attempts": 11,
			"bucket_type": 1,
			"last_attempt": "2023-05-30T06:01:31.211260687+02:00",
			"last_success": "0001-01-01T00:00:00Z",
			"last_ban_time": "0001-01-01T00:00:00Z"
		},
		{
			"addr": {
				"id": "32dfb88dbfae25475202c20adcdcca720f7268c9",
				"ip": "65.21.200.161",
				"port": 15956
			},
			"src": {
				"id": "de2410e83b86e74a4569e0c120846b67c204f5bc",
				"ip": "65.108.226.183",
				"port": 22256
			},
			"buckets": [
				227,
				81,
				16,
				208
			],
			"attempts": 2,
			"bucket_type": 1,
			"last_attempt": "2023-05-30T07:19:01.232866179+02:00",
			"last_success": "0001-01-01T00:00:00Z",
			"last_ban_time": "0001-01-01T00:00:00Z"
		},
		{
			"addr": {
				"id": "8dc332a8cfff6c349374244303ae0c856681bb83",
				"ip": "65.109.70.45",
				"port": 20656
			},
			"src": {
				"id": "e7fe7d8570fa647d738753cbad9935a0803c468a",
				"ip": "65.109.96.93",
				"port": 60656
			},
			"buckets": [
				172,
				227,
				176,
				251
			],
			"attempts": 3,
			"bucket_type": 1,
			"last_attempt": "2023-05-30T07:25:34.202013691+02:00",
			"last_success": "0001-01-01T00:00:00Z",
			"last_ban_time": "0001-01-01T00:00:00Z"
		},
		{
			"addr": {
				"id": "9bbbcb11861c2fe3c6459529af76f78cca32079e",
				"ip": "93.115.28.169",
				"port": 26656
			},
			"src": {
				"id": "de2410e83b86e74a4569e0c120846b67c204f5bc",
				"ip": "65.108.226.183",
				"port": 22256
			},
			"buckets": [
				179,
				19,
				228,
				112
			],
			"attempts": 12,
			"bucket_type": 1,
			"last_attempt": "2023-05-30T07:11:01.260515228+02:00",
			"last_success": "0001-01-01T00:00:00Z",
			"last_ban_time": "0001-01-01T00:00:00Z"
		},
		{
			"addr": {
				"id": "5a331fc6afa9ae7cbd6c9ebf39358161052c962b",
				"ip": "65.109.65.248",
				"port": 37656
			},
			"src": {
				"id": "e7fe7d8570fa647d738753cbad9935a0803c468a",
				"ip": "65.109.96.93",
				"port": 60656
			},
			"buckets": [
				172,
				227,
				251
			],
			"attempts": 0,
			"bucket_type": 1,
			"last_attempt": "2023-05-30T04:42:31.311162573+02:00",
			"last_success": "0001-01-01T00:00:00Z",
			"last_ban_time": "0001-01-01T00:00:00Z"
		},
		{
			"addr": {
				"id": "a2041248892180f37fd8e8fe21d7d6b1972efa41",
				"ip": "65.21.139.155",
				"port": 32656
			},
			"src": {
				"id": "de2410e83b86e74a4569e0c120846b67c204f5bc",
				"ip": "65.108.226.183",
				"port": 22256
			},
			"buckets": [
				227,
				81,
				16
			],
			"attempts": 4,
			"bucket_type": 1,
			"last_attempt": "2023-05-30T06:58:32.16768827+02:00",
			"last_success": "0001-01-01T00:00:00Z",
			"last_ban_time": "0001-01-01T00:00:00Z"
		},
		{
			"addr": {
				"id": "c0fad6f415a8913ff63981586c4518ebcd615d69",
				"ip": "128.140.57.144",
				"port": 26656
			},
			"src": {
				"id": "de2410e83b86e74a4569e0c120846b67c204f5bc",
				"ip": "65.108.226.183",
				"port": 22256
			},
			"buckets": [
				75,
				137,
				157,
				108
			],
			"attempts": 12,
			"bucket_type": 1,
			"last_attempt": "2023-05-30T06:07:31.194516058+02:00",
			"last_success": "0001-01-01T00:00:00Z",
			"last_ban_time": "0001-01-01T00:00:00Z"
		},
		{
			"addr": {
				"id": "56956a7f57985ed26172b917c45c5c82143583a4",
				"ip": "142.132.135.125",
				"port": 26656
			},
			"src": {
				"id": "de2410e83b86e74a4569e0c120846b67c204f5bc",
				"ip": "65.108.226.183",
				"port": 22256
			},
			"buckets": [
				190,
				144,
				208
			],
			"attempts": 12,
			"bucket_type": 1,
			"last_attempt": "2023-05-30T07:03:31.190501952+02:00",
			"last_success": "0001-01-01T00:00:00Z",
			"last_ban_time": "0001-01-01T00:00:00Z"
		},
		{
			"addr": {
				"id": "760ae7ab2249b807e18b6d97a80976ac8839ec95",
				"ip": "65.21.88.12",
				"port": 26656
			},
			"src": {
				"id": "de2410e83b86e74a4569e0c120846b67c204f5bc",
				"ip": "65.108.226.183",
				"port": 22256
			},
			"buckets": [
				227,
				81,
				16,
				208
			],
			"attempts": 2,
			"bucket_type": 1,
			"last_attempt": "2023-05-30T05:45:01.194713527+02:00",
			"last_success": "0001-01-01T00:00:00Z",
			"last_ban_time": "0001-01-01T00:00:00Z"
		},
		{
			"addr": {
				"id": "4ea491a39a329b2ef2d919b9e8cfdb3494bc5efe",
				"ip": "65.109.23.237",
				"port": 27656
			},
			"src": {
				"id": "de2410e83b86e74a4569e0c120846b67c204f5bc",
				"ip": "65.108.226.183",
				"port": 22256
			},
			"buckets": [
				227,
				172,
				251
			],
			"attempts": 1,
			"bucket_type": 1,
			"last_attempt": "2023-05-30T06:46:31.20175023+02:00",
			"last_success": "0001-01-01T00:00:00Z",
			"last_ban_time": "0001-01-01T00:00:00Z"
		},
		{
			"addr": {
				"id": "7bff2e43489a7acd09a38ab47c1f25ec24e24947",
				"ip": "51.68.166.235",
				"port": 26656
			},
			"src": {
				"id": "de2410e83b86e74a4569e0c120846b67c204f5bc",
				"ip": "65.108.226.183",
				"port": 22256
			},
			"buckets": [
				237,
				134,
				107,
				80
			],
			"attempts": 6,
			"bucket_type": 1,
			"last_attempt": "2023-05-30T05:08:01.248041562+02:00",
			"last_success": "0001-01-01T00:00:00Z",
			"last_ban_time": "0001-01-01T00:00:00Z"
		},
		{
			"addr": {
				"id": "156d57dfe94634eaba1c30f9ec2ce5ccee8410e1",
				"ip": "65.21.88.12",
				"port": 2000
			},
			"src": {
				"id": "de2410e83b86e74a4569e0c120846b67c204f5bc",
				"ip": "65.108.226.183",
				"port": 22256
			},
			"buckets": [
				227,
				81,
				16,
				208
			],
			"attempts": 4,
			"bucket_type": 1,
			"last_attempt": "2023-05-30T07:24:31.255599922+02:00",
			"last_success": "0001-01-01T00:00:00Z",
			"last_ban_time": "0001-01-01T00:00:00Z"
		},
		{
			"addr": {
				"id": "154ca7686d9e503736292778901b0ebcadfcaea6",
				"ip": "88.99.3.158",
				"port": 26656
			},
			"src": {
				"id": "de2410e83b86e74a4569e0c120846b67c204f5bc",
				"ip": "65.108.226.183",
				"port": 22256
			},
			"buckets": [
				246,
				165,
				176,
				125
			],
			"attempts": 11,
			"bucket_type": 1,
			"last_attempt": "2023-05-30T05:58:01.174621916+02:00",
			"last_success": "0001-01-01T00:00:00Z",
			"last_ban_time": "0001-01-01T00:00:00Z"
		},
		{
			"addr": {
				"id": "480a8ef61b16a67f104967d993b982b4f6c3e94f",
				"ip": "65.109.92.83",
				"port": 26656
			},
			"src": {
				"id": "de2410e83b86e74a4569e0c120846b67c204f5bc",
				"ip": "65.108.226.183",
				"port": 22256
			},
			"buckets": [
				227,
				172,
				251,
				176
			],
			"attempts": 1,
			"bucket_type": 1,
			"last_attempt": "2023-05-30T05:04:34.19837585+02:00",
			"last_success": "0001-01-01T00:00:00Z",
			"last_ban_time": "0001-01-01T00:00:00Z"
		},
		{
			"addr": {
				"id": "4eb69e8243bf304e5c15a8ba05a0f16c68875d02",
				"ip": "65.109.65.210",
				"port": 26656
			},
			"src": {
				"id": "de2410e83b86e74a4569e0c120846b67c204f5bc",
				"ip": "65.108.226.183",
				"port": 22256
			},
			"buckets": [
				227,
				172,
				251,
				176
			],
			"attempts": 0,
			"bucket_type": 1,
			"last_attempt": "2023-05-30T04:44:31.357187493+02:00",
			"last_success": "0001-01-01T00:00:00Z",
			"last_ban_time": "0001-01-01T00:00:00Z"
		},
		{
			"addr": {
				"id": "0851c005dd9aed50db962998989718987099f834",
				"ip": "94.130.94.180",
				"port": 26656
			},
			"src": {
				"id": "415ed8fdb8f4408ee4ab4c7ac57a66282184fa7d",
				"ip": "0.0.0.0",
				"port": 30656
			},
			"buckets": [
				12,
				79,
				0,
				83
			],
			"attempts": 13,
			"bucket_type": 1,
			"last_attempt": "2023-05-30T07:15:32.165479627+02:00",
			"last_success": "0001-01-01T00:00:00Z",
			"last_ban_time": "0001-01-01T00:00:00Z"
		},
		{
			"addr": {
				"id": "764fed363ddaa588c5bfaa43d5ef3177738bbc23",
				"ip": "167.114.172.204",
				"port": 26656
			},
			"src": {
				"id": "415ed8fdb8f4408ee4ab4c7ac57a66282184fa7d",
				"ip": "0.0.0.0",
				"port": 30656
			},
			"buckets": [
				246,
				237,
				27,
				25
			],
			"attempts": 12,
			"bucket_type": 1,
			"last_attempt": "2023-05-30T06:52:34.267335913+02:00",
			"last_success": "0001-01-01T00:00:00Z",
			"last_ban_time": "0001-01-01T00:00:00Z"
		},
		{
			"addr": {
				"id": "96f7134bb4d8f2dce88d5509e5295fdc7d433c66",
				"ip": "95.216.7.169",
				"port": 56656
			},
			"src": {
				"id": "de2410e83b86e74a4569e0c120846b67c204f5bc",
				"ip": "65.108.226.183",
				"port": 22256
			},
			"buckets": [
				239,
				43,
				80
			],
			"attempts": 8,
			"bucket_type": 1,
			"last_attempt": "2023-05-30T06:12:31.264621952+02:00",
			"last_success": "0001-01-01T00:00:00Z",
			"last_ban_time": "0001-01-01T00:00:00Z"
		},
		{
			"addr": {
				"id": "b13a2ff87cf8ea23773f2f3d8ad5b96ae7eb0b0b",
				"ip": "65.108.206.74",
				"port": 36656
			},
			"src": {
				"id": "de2410e83b86e74a4569e0c120846b67c204f5bc",
				"ip": "65.108.226.183",
				"port": 22256
			},
			"buckets": [
				239,
				98,
				125,
				85
			],
			"attempts": 3,
			"bucket_type": 1,
			"last_attempt": "2023-05-30T05:28:01.264797475+02:00",
			"last_success": "0001-01-01T00:00:00Z",
			"last_ban_time": "0001-01-01T00:00:00Z"
		},
		{
			"addr": {
				"id": "4646414777f70d2635e794465c406ecf107b2beb",
				"ip": "65.109.92.235",
				"port": 11106
			},
			"src": {
				"id": "e7fe7d8570fa647d738753cbad9935a0803c468a",
				"ip": "65.109.96.93",
				"port": 60656
			},
			"buckets": [
				172,
				227,
				251
			],
			"attempts": 1,
			"bucket_type": 1,
			"last_attempt": "2023-05-30T04:40:01.274733961+02:00",
			"last_success": "0001-01-01T00:00:00Z",
			"last_ban_time": "0001-01-01T00:00:00Z"
		},
		{
			"addr": {
				"id": "c16bc22759633af69b6f698840cf2ba4d80ad7f9",
				"ip": "157.245.154.125",
				"port": 15956
			},
			"src": {
				"id": "e7fe7d8570fa647d738753cbad9935a0803c468a",
				"ip": "65.109.96.93",
				"port": 60656
			},
			"buckets": [
				90,
				227,
				219,
				134
			],
			"attempts": 12,
			"bucket_type": 1,
			"last_attempt": "2023-05-30T06:59:31.664523466+02:00",
			"last_success": "0001-01-01T00:00:00Z",
			"last_ban_time": "0001-01-01T00:00:00Z"
		},
		{
			"addr": {
				"id": "55809d43e11bd97904a24c380968b414243fa247",
				"ip": "65.109.154.182",
				"port": 47656
			},
			"src": {
				"id": "de2410e83b86e74a4569e0c120846b67c204f5bc",
				"ip": "65.108.226.183",
				"port": 22256
			},
			"buckets": [
				227,
				172,
				251,
				176
			],
			"attempts": 1,
			"bucket_type": 1,
			"last_attempt": "2023-05-30T07:14:32.165250091+02:00",
			"last_success": "0001-01-01T00:00:00Z",
			"last_ban_time": "0001-01-01T00:00:00Z"
		},
		{
			"addr": {
				"id": "4d3873e7d858f2cb710fea20c88445ef97d3ae60",
				"ip": "37.27.17.146",
				"port": 19656
			},
			"src": {
				"id": "415ed8fdb8f4408ee4ab4c7ac57a66282184fa7d",
				"ip": "0.0.0.0",
				"port": 30656
			},
			"buckets": [
				198,
				116,
				22,
				221
			],
			"attempts": 13,
			"bucket_type": 1,
			"last_attempt": "2023-05-30T07:24:34.196797095+02:00",
			"last_success": "0001-01-01T00:00:00Z",
			"last_ban_time": "0001-01-01T00:00:00Z"
		},
		{
			"addr": {
				"id": "8ef48cb0abd32aba27e0b7dea59d625afae99028",
				"ip": "65.21.5.205",
				"port": 26656
			},
			"src": {
				"id": "de2410e83b86e74a4569e0c120846b67c204f5bc",
				"ip": "65.108.226.183",
				"port": 22256
			},
			"buckets": [
				227,
				81,
				16,
				208
			],
			"attempts": 4,
			"bucket_type": 1,
			"last_attempt": "2023-05-30T07:25:04.199318733+02:00",
			"last_success": "0001-01-01T00:00:00Z",
			"last_ban_time": "0001-01-01T00:00:00Z"
		},
		{
			"addr": {
				"id": "eb2c0adfa1a987dd64c9849e02d6e51e7a692d91",
				"ip": "52.170.27.105",
				"port": 15956
			},
			"src": {
				"id": "e7fe7d8570fa647d738753cbad9935a0803c468a",
				"ip": "65.109.96.93",
				"port": 60656
			},
			"buckets": [
				134,
				82,
				16,
				108
			],
			"attempts": 12,
			"bucket_type": 1,
			"last_attempt": "2023-05-30T07:11:02.164576648+02:00",
			"last_success": "0001-01-01T00:00:00Z",
			"last_ban_time": "0001-01-01T00:00:00Z"
		},
		{
			"addr": {
				"id": "39a804ce5e40a5a68105a7eab566bda9febda23c",
				"ip": "167.71.205.137",
				"port": 50656
			},
			"src": {
				"id": "de2410e83b86e74a4569e0c120846b67c204f5bc",
				"ip": "65.108.226.183",
				"port": 22256
			},
			"buckets": [
				7,
				144,
				46,
				239
			],
			"attempts": 12,
			"bucket_type": 1,
			"last_attempt": "2023-05-30T06:49:31.634335203+02:00",
			"last_success": "0001-01-01T00:00:00Z",
			"last_ban_time": "0001-01-01T00:00:00Z"
		},
		{
			"addr": {
				"id": "47109c8d18210f39182de691186730a6b9be9159",
				"ip": "65.108.75.107",
				"port": 26656
			},
			"src": {
				"id": "de2410e83b86e74a4569e0c120846b67c204f5bc",
				"ip": "65.108.226.183",
				"port": 22256
			},
			"buckets": [
				239,
				98,
				125
			],
			"attempts": 6,
			"bucket_type": 1,
			"last_attempt": "2023-05-30T06:23:31.23271569+02:00",
			"last_success": "0001-01-01T00:00:00Z",
			"last_ban_time": "0001-01-01T00:00:00Z"
		},
		{
			"addr": {
				"id": "7fc16efbb3e56d81245a0828198d580b3f246f58",
				"ip": "51.91.30.173",
				"port": 3000
			},
			"src": {
				"id": "de2410e83b86e74a4569e0c120846b67c204f5bc",
				"ip": "65.108.226.183",
				"port": 22256
			},
			"buckets": [
				86,
				33,
				203
			],
			"attempts": 9,
			"bucket_type": 1,
			"last_attempt": "2023-05-30T06:39:01.256618222+02:00",
			"last_success": "0001-01-01T00:00:00Z",
			"last_ban_time": "0001-01-01T00:00:00Z"
		},
		{
			"addr": {
				"id": "e6a21ccb5175df638723eec2bc4f6ed95717acd3",
				"ip": "135.181.216.54",
				"port": 26656
			},
			"src": {
				"id": "e7fe7d8570fa647d738753cbad9935a0803c468a",
				"ip": "65.109.96.93",
				"port": 60656
			},
			"buckets": [
				43,
				190,
				39,
				236
			],
			"attempts": 11,
			"bucket_type": 1,
			"last_attempt": "2023-05-30T06:29:02.165078021+02:00",
			"last_success": "0001-01-01T00:00:00Z",
			"last_ban_time": "0001-01-01T00:00:00Z"
		},
		{
			"addr": {
				"id": "d0f54e60e10ca4d657b48c9cfc5549fb2a8c7a96",
				"ip": "65.109.31.55",
				"port": 26656
			},
			"src": {
				"id": "de2410e83b86e74a4569e0c120846b67c204f5bc",
				"ip": "65.108.226.183",
				"port": 22256
			},
			"buckets": [
				227,
				172,
				176,
				251
			],
			"attempts": 2,
			"bucket_type": 1,
			"last_attempt": "2023-05-30T06:44:02.165632915+02:00",
			"last_success": "0001-01-01T00:00:00Z",
			"last_ban_time": "0001-01-01T00:00:00Z"
		},
		{
			"addr": {
				"id": "07260401d34f24f19a1e644272fc5605ac513594",
				"ip": "95.214.53.218",
				"port": 10656
			},
			"src": {
				"id": "de2410e83b86e74a4569e0c120846b67c204f5bc",
				"ip": "65.108.226.183",
				"port": 22256
			},
			"buckets": [
				226,
				27,
				234
			],
			"attempts": 12,
			"bucket_type": 1,
			"last_attempt": "2023-05-30T06:38:31.235894469+02:00",
			"last_success": "0001-01-01T00:00:00Z",
			"last_ban_time": "0001-01-01T00:00:00Z"
		},
		{
			"addr": {
				"id": "0a68e21ab47c15f634a97019c2a0b8d3bea09622",
				"ip": "185.190.142.177",
				"port": 26656
			},
			"src": {
				"id": "e7fe7d8570fa647d738753cbad9935a0803c468a",
				"ip": "65.109.96.93",
				"port": 60656
			},
			"buckets": [
				33,
				227,
				133,
				60
			],
			"attempts": 11,
			"bucket_type": 1,
			"last_attempt": "2023-05-30T07:01:01.168422937+02:00",
			"last_success": "0001-01-01T00:00:00Z",
			"last_ban_time": "0001-01-01T00:00:00Z"
		},
		{
			"addr": {
				"id": "63a0e6bcd7045a2e3d21762bec9d70f399e886ab",
				"ip": "198.244.175.102",
				"port": 26656
			},
			"src": {
				"id": "e7fe7d8570fa647d738753cbad9935a0803c468a",
				"ip": "65.109.96.93",
				"port": 60656
			},
			"buckets": [
				90,
				75,
				219,
				46
			],
			"attempts": 12,
			"bucket_type": 1,
			"last_attempt": "2023-05-30T06:16:31.190429146+02:00",
			"last_success": "0001-01-01T00:00:00Z",
			"last_ban_time": "0001-01-01T00:00:00Z"
		},
		{
			"addr": {
				"id": "9aad1f849322ffbeea358f38b3010fa710bf23a3",
				"ip": "65.109.60.19",
				"port": 26656
			},
			"src": {
				"id": "de2410e83b86e74a4569e0c120846b67c204f5bc",
				"ip": "65.108.226.183",
				"port": 22256
			},
			"buckets": [
				227,
				172,
				176,
				251
			],
			"attempts": 3,
			"bucket_type": 1,
			"last_attempt": "2023-05-30T07:03:31.233415226+02:00",
			"last_success": "0001-01-01T00:00:00Z",
			"last_ban_time": "0001-01-01T00:00:00Z"
		},
		{
			"addr": {
				"id": "aa679f4f160f5ad84faf4b9baae11b6149379363",
				"ip": "161.97.108.208",
				"port": 26656
			},
			"src": {
				"id": "e7fe7d8570fa647d738753cbad9935a0803c468a",
				"ip": "65.109.96.93",
				"port": 60656
			},
			"buckets": [
				111,
				109,
				214,
				46
			],
			"attempts": 12,
			"bucket_type": 1,
			"last_attempt": "2023-05-30T06:17:31.168882512+02:00",
			"last_success": "0001-01-01T00:00:00Z",
			"last_ban_time": "0001-01-01T00:00:00Z"
		},
		{
			"addr": {
				"id": "6b792ff5118ef1e141085af62ace3ad846d757b4",
				"ip": "193.34.212.165",
				"port": 26656
			},
			"src": {
				"id": "de2410e83b86e74a4569e0c120846b67c204f5bc",
				"ip": "65.108.226.183",
				"port": 22256
			},
			"buckets": [
				159,
				185,
				29,
				45
			],
			"attempts": 12,
			"bucket_type": 1,
			"last_attempt": "2023-05-30T06:22:04.200726019+02:00",
			"last_success": "0001-01-01T00:00:00Z",
			"last_ban_time": "0001-01-01T00:00:00Z"
		},
		{
			"addr": {
				"id": "a32b343e194f25afc1533b5bb46821e9bb0cfe06",
				"ip": "65.108.129.94",
				"port": 26656
			},
			"src": {
				"id": "de2410e83b86e74a4569e0c120846b67c204f5bc",
				"ip": "65.108.226.183",
				"port": 22256
			},
			"buckets": [
				239,
				98,
				125
			],
			"attempts": 0,
			"bucket_type": 1,
			"last_attempt": "2023-05-30T04:39:31.396760675+02:00",
			"last_success": "0001-01-01T00:00:00Z",
			"last_ban_time": "0001-01-01T00:00:00Z"
		},
		{
			"addr": {
				"id": "8390e4faca502620c177edcb8ee6ef7e57b5fcab",
				"ip": "65.109.33.48",
				"port": 21656
			},
			"src": {
				"id": "de2410e83b86e74a4569e0c120846b67c204f5bc",
				"ip": "65.108.226.183",
				"port": 22256
			},
			"buckets": [
				9
			],
			"attempts": 0,
			"bucket_type": 2,
			"last_attempt": "2023-05-30T07:04:35.282381053+02:00",
			"last_success": "2023-05-30T07:04:35.282381053+02:00",
			"last_ban_time": "0001-01-01T00:00:00Z"
		},
		{
			"addr": {
				"id": "b66243af1e8df4250f2cc50ba272d7e43c935a22",
				"ip": "162.19.95.239",
				"port": 26656
			},
			"src": {
				"id": "de2410e83b86e74a4569e0c120846b67c204f5bc",
				"ip": "65.108.226.183",
				"port": 22256
			},
			"buckets": [
				133,
				208,
				39,
				46
			],
			"attempts": 8,
			"bucket_type": 1,
			"last_attempt": "2023-05-30T06:03:32.164966894+02:00",
			"last_success": "0001-01-01T00:00:00Z",
			"last_ban_time": "0001-01-01T00:00:00Z"
		},
		{
			"addr": {
				"id": "17ef33af803d45dff5eb164c655ea3aa4b4fa147",
				"ip": "75.119.135.34",
				"port": 15656
			},
			"src": {
				"id": "e7fe7d8570fa647d738753cbad9935a0803c468a",
				"ip": "65.109.96.93",
				"port": 60656
			},
			"buckets": [
				111,
				83,
				208,
				142
			],
			"attempts": 12,
			"bucket_type": 1,
			"last_attempt": "2023-05-30T07:10:04.189378364+02:00",
			"last_success": "0001-01-01T00:00:00Z",
			"last_ban_time": "0001-01-01T00:00:00Z"
		},
		{
			"addr": {
				"id": "a7fdc284303bc4a8e62782e2e8f81008ea45a2b2",
				"ip": "5.161.104.182",
				"port": 26656
			},
			"src": {
				"id": "de2410e83b86e74a4569e0c120846b67c204f5bc",
				"ip": "65.108.226.183",
				"port": 22256
			},
			"buckets": [
				7,
				116,
				74,
				69
			],
			"attempts": 12,
			"bucket_type": 1,
			"last_attempt": "2023-05-30T06:50:01.264872291+02:00",
			"last_success": "0001-01-01T00:00:00Z",
			"last_ban_time": "0001-01-01T00:00:00Z"
		},
		{
			"addr": {
				"id": "e8f3c2f68733638574e78e85df6e8bcfef87d839",
				"ip": "65.108.73.88",
				"port": 2340
			},
			"src": {
				"id": "de2410e83b86e74a4569e0c120846b67c204f5bc",
				"ip": "65.108.226.183",
				"port": 22256
			},
			"buckets": [
				239,
				98,
				125,
				85
			],
			"attempts": 2,
			"bucket_type": 1,
			"last_attempt": "2023-05-30T07:11:31.276538204+02:00",
			"last_success": "0001-01-01T00:00:00Z",
			"last_ban_time": "0001-01-01T00:00:00Z"
		},
		{
			"addr": {
				"id": "d14707d7abaeb27c040210d5343bf4141e29f513",
				"ip": "65.108.13.154",
				"port": 37656
			},
			"src": {
				"id": "de2410e83b86e74a4569e0c120846b67c204f5bc",
				"ip": "65.108.226.183",
				"port": 22256
			},
			"buckets": [
				239,
				98,
				125
			],
			"attempts": 1,
			"bucket_type": 1,
			"last_attempt": "2023-05-30T04:46:31.23836079+02:00",
			"last_success": "0001-01-01T00:00:00Z",
			"last_ban_time": "0001-01-01T00:00:00Z"
		},
		{
			"addr": {
				"id": "a117b8ea8b909cb9a62ac0734e0e83787939a298",
				"ip": "178.63.52.213",
				"port": 26656
			},
			"src": {
				"id": "de2410e83b86e74a4569e0c120846b67c204f5bc",
				"ip": "65.108.226.183",
				"port": 22256
			},
			"buckets": [
				83,
				25,
				170,
				250
			],
			"attempts": 12,
			"bucket_type": 1,
			"last_attempt": "2023-05-30T06:30:01.176708124+02:00",
			"last_success": "0001-01-01T00:00:00Z",
			"last_ban_time": "0001-01-01T00:00:00Z"
		},
		{
			"addr": {
				"id": "7710cb6adc23d34eb26408cba62f7c1bf3ae1e2f",
				"ip": "65.109.61.113",
				"port": 26656
			},
			"src": {
				"id": "de2410e83b86e74a4569e0c120846b67c204f5bc",
				"ip": "65.108.226.183",
				"port": 22256
			},
			"buckets": [
				227,
				172,
				251,
				176
			],
			"attempts": 2,
			"bucket_type": 1,
			"last_attempt": "2023-05-30T05:29:31.232728217+02:00",
			"last_success": "0001-01-01T00:00:00Z",
			"last_ban_time": "0001-01-01T00:00:00Z"
		},
		{
			"addr": {
				"id": "4b689b965366ea2d9aad4bd1343ca37d6f18186a",
				"ip": "65.109.92.240",
				"port": 21206
			},
			"src": {
				"id": "415ed8fdb8f4408ee4ab4c7ac57a66282184fa7d",
				"ip": "0.0.0.0",
				"port": 30656
			},
			"buckets": [
				5,
				251,
				227,
				172
			],
			"attempts": 13,
			"bucket_type": 1,
			"last_attempt": "2023-05-30T07:18:34.19767866+02:00",
			"last_success": "0001-01-01T00:00:00Z",
			"last_ban_time": "0001-01-01T00:00:00Z"
		},
		{
			"addr": {
				"id": "e6aa2a81f4b48b99d4d3f2ecd7739596af56d34d",
				"ip": "148.113.143.196",
				"port": 26656
			},
			"src": {
				"id": "de2410e83b86e74a4569e0c120846b67c204f5bc",
				"ip": "65.108.226.183",
				"port": 22256
			},
			"buckets": [
				227,
				170,
				207,
				250
			],
			"attempts": 12,
			"bucket_type": 1,
			"last_attempt": "2023-05-30T06:41:01.468797998+02:00",
			"last_success": "0001-01-01T00:00:00Z",
			"last_ban_time": "0001-01-01T00:00:00Z"
		},
		{
			"addr": {
				"id": "b1b5122ed4112a71ea4370f5adf2197bc424aa36",
				"ip": "65.109.116.204",
				"port": 26656
			},
			"src": {
				"id": "de2410e83b86e74a4569e0c120846b67c204f5bc",
				"ip": "65.108.226.183",
				"port": 22256
			},
			"buckets": [
				227,
				172,
				251
			],
			"attempts": 1,
			"bucket_type": 1,
			"last_attempt": "2023-05-30T05:23:02.1657482+02:00",
			"last_success": "0001-01-01T00:00:00Z",
			"last_ban_time": "0001-01-01T00:00:00Z"
		},
		{
			"addr": {
				"id": "ef092b0317321447ffd7974b94d857ff13d8d063",
				"ip": "134.209.108.182",
				"port": 22156
			},
			"src": {
				"id": "de2410e83b86e74a4569e0c120846b67c204f5bc",
				"ip": "65.108.226.183",
				"port": 22256
			},
			"buckets": [
				239,
				188,
				173,
				46
			],
			"attempts": 12,
			"bucket_type": 1,
			"last_attempt": "2023-05-30T06:56:32.164755682+02:00",
			"last_success": "0001-01-01T00:00:00Z",
			"last_ban_time": "0001-01-01T00:00:00Z"
		},
		{
			"addr": {
				"id": "ca034bb4163b0c612f3f96a9d086f393fcaa2fa2",
				"ip": "88.99.199.86",
				"port": 40656
			},
			"src": {
				"id": "de2410e83b86e74a4569e0c120846b67c204f5bc",
				"ip": "65.108.226.183",
				"port": 22256
			},
			"buckets": [
				246,
				165,
				125,
				176
			],
			"attempts": 11,
			"bucket_type": 1,
			"last_attempt": "2023-05-30T06:45:01.201736737+02:00",
			"last_success": "0001-01-01T00:00:00Z",
			"last_ban_time": "0001-01-01T00:00:00Z"
		},
		{
			"addr": {
				"id": "3172f3c8b62d31d4c6e69afbf6109d06f864d899",
				"ip": "43.157.65.43",
				"port": 26656
			},
			"src": {
				"id": "de2410e83b86e74a4569e0c120846b67c204f5bc",
				"ip": "65.108.226.183",
				"port": 22256
			},
			"buckets": [
				92,
				81,
				72,
				239
			],
			"attempts": 12,
			"bucket_type": 1,
			"last_attempt": "2023-05-30T06:28:04.173034364+02:00",
			"last_success": "0001-01-01T00:00:00Z",
			"last_ban_time": "0001-01-01T00:00:00Z"
		},
		{
			"addr": {
				"id": "acf0d3407ca2c1d89f73ec76bdef64b505faba4f",
				"ip": "170.64.182.178",
				"port": 15956
			},
			"src": {
				"id": "e7fe7d8570fa647d738753cbad9935a0803c468a",
				"ip": "65.109.96.93",
				"port": 60656
			},
			"buckets": [
				188,
				227,
				8,
				120
			],
			"attempts": 11,
			"bucket_type": 1,
			"last_attempt": "2023-05-30T06:56:31.469958333+02:00",
			"last_success": "0001-01-01T00:00:00Z",
			"last_ban_time": "0001-01-01T00:00:00Z"
		},
		{
			"addr": {
				"id": "a449e4845d136b0cda524a7e0354030a77da2c37",
				"ip": "135.181.138.160",
				"port": 26656
			},
			"src": {
				"id": "de2410e83b86e74a4569e0c120846b67c204f5bc",
				"ip": "65.108.226.183",
				"port": 22256
			},
			"buckets": [
				190,
				43,
				39
			],
			"attempts": 10,
			"bucket_type": 1,
			"last_attempt": "2023-05-30T07:21:01.224800868+02:00",
			"last_success": "0001-01-01T00:00:00Z",
			"last_ban_time": "0001-01-01T00:00:00Z"
		},
		{
			"addr": {
				"id": "837d9bf9a4ce4d8fd0e7b0cbe51870a2fa29526a",
				"ip": "65.109.85.170",
				"port": 58656
			},
			"src": {
				"id": "de2410e83b86e74a4569e0c120846b67c204f5bc",
				"ip": "65.108.226.183",
				"port": 22256
			},
			"buckets": [
				227,
				172,
				251
			],
			"attempts": 1,
			"bucket_type": 1,
			"last_attempt": "2023-05-30T05:46:01.238963001+02:00",
			"last_success": "0001-01-01T00:00:00Z",
			"last_ban_time": "0001-01-01T00:00:00Z"
		},
		{
			"addr": {
				"id": "81a92793f2e3266e45d304d5325905e0e587e0b7",
				"ip": "65.109.61.113",
				"port": 26656
			},
			"src": {
				"id": "de2410e83b86e74a4569e0c120846b67c204f5bc",
				"ip": "65.108.226.183",
				"port": 22256
			},
			"buckets": [
				227,
				172,
				176,
				251
			],
			"attempts": 0,
			"bucket_type": 1,
			"last_attempt": "2023-05-30T04:39:01.286044583+02:00",
			"last_success": "0001-01-01T00:00:00Z",
			"last_ban_time": "0001-01-01T00:00:00Z"
		},
		{
			"addr": {
				"id": "059424904782adaf06f667a0cd568f6c6c60442c",
				"ip": "65.109.27.75",
				"port": 16656
			},
			"src": {
				"id": "e7fe7d8570fa647d738753cbad9935a0803c468a",
				"ip": "65.109.96.93",
				"port": 60656
			},
			"buckets": [
				172,
				227,
				251,
				176
			],
			"attempts": 2,
			"bucket_type": 1,
			"last_attempt": "2023-05-30T06:44:01.2757191+02:00",
			"last_success": "0001-01-01T00:00:00Z",
			"last_ban_time": "0001-01-01T00:00:00Z"
		},
		{
			"addr": {
				"id": "06206d0f5afb5b6d9d1c4efdd9b753da2553fa4f",
				"ip": "96.234.160.22",
				"port": 30456
			},
			"src": {
				"id": "de2410e83b86e74a4569e0c120846b67c204f5bc",
				"ip": "65.108.226.183",
				"port": 22256
			},
			"buckets": [
				135,
				185,
				153,
				108
			],
			"attempts": 12,
			"bucket_type": 1,
			"last_attempt": "2023-05-30T06:36:04.266956816+02:00",
			"last_success": "0001-01-01T00:00:00Z",
			"last_ban_time": "0001-01-01T00:00:00Z"
		}
	]
}
