{
	"key": "6ea5f1ab3a6d6ab4be63d664",
	"addrs": [
		{
			"addr": {
				"id": "3ca33cec5ce324b3cb7d641813a991563d83bf20",
				"ip": "167.235.39.5",
				"port": 46656
			},
			"src": {
				"id": "50dcf516699f45351037d08c0074629a0748d446",
				"ip": "2a03:cfc0:8000:13::b910:277f",
				"port": 14256
			},
			"buckets": [
				227,
				44
			],
			"attempts": 0,
			"bucket_type": 1,
			"last_attempt": "2024-10-15T05:12:59.840997857Z",
			"last_success": "0001-01-01T00:00:00Z",
			"last_ban_time": "0001-01-01T00:00:00Z"
		},
		{
			"addr": {
				"id": "e0daf1e5649feba5ba3787288e66e1c9921b2c4c",
				"ip": "149.50.96.153",
				"port": 19756
			},
			"src": {
				"id": "b377fd0b14816eef8e12644340845c127d1e7d93",
				"ip": "0.0.0.0",
				"port": 26656
			},
			"buckets": [
				27
			],
			"attempts": 3,
			"bucket_type": 2,
			"last_attempt": "2024-10-15T05:16:53.470939242Z",
			"last_success": "2024-10-15T04:07:51.720914775Z",
			"last_ban_time": "0001-01-01T00:00:00Z"
		},
		{
			"addr": {
				"id": "e3156873994bfbb1999bbf6e4a1ad9cb2f14139e",
				"ip": "202.61.250.9",
				"port": 29656
			},
			"src": {
				"id": "ff15df83487e4aa8d2819452063f336269958d09",
				"ip": "95.216.98.122",
				"port": 25656
			},
			"buckets": [
				40,
				37,
				3
			],
			"attempts": 0,
			"bucket_type": 1,
			"last_attempt": "2024-10-15T05:12:59.835169473Z",
			"last_success": "0001-01-01T00:00:00Z",
			"last_ban_time": "0001-01-01T00:00:00Z"
		},
		{
			"addr": {
				"id": "417165a6a53a6e115fab380e5195f3b10aa8a3c0",
				"ip": "65.21.17.15",
				"port": 12956
			},
			"src": {
				"id": "71c586ca79158ad0ecea61ec1aefb0a580ae393a",
				"ip": "0.0.0.0",
				"port": 36656
			},
			"buckets": [
				143,
				121,
				167,
				90
			],
			"attempts": 1,
			"bucket_type": 1,
			"last_attempt": "2024-10-15T05:15:09.303184521Z",
			"last_success": "0001-01-01T00:00:00Z",
			"last_ban_time": "0001-01-01T00:00:00Z"
		},
		{
			"addr": {
				"id": "c328cf40262cd28650eb43dd5eedf0d90c2dc35c",
				"ip": "65.109.36.232",
				"port": 12956
			},
			"src": {
				"id": "71c586ca79158ad0ecea61ec1aefb0a580ae393a",
				"ip": "0.0.0.0",
				"port": 36656
			},
			"buckets": [
				7,
				222,
				166,
				110
			],
			"attempts": 0,
			"bucket_type": 1,
			"last_attempt": "2024-10-15T05:12:59.798521797Z",
			"last_success": "0001-01-01T00:00:00Z",
			"last_ban_time": "0001-01-01T00:00:00Z"
		},
		{
			"addr": {
				"id": "88ad3a3b9b981f0bbb52d5c996d0f7e1aa9426fa",
				"ip": "65.108.206.118",
				"port": 61256
			},
			"src": {
				"id": "b377fd0b14816eef8e12644340845c127d1e7d93",
				"ip": "0.0.0.0",
				"port": 26656
			},
			"buckets": [
				60
			],
			"attempts": 3,
			"bucket_type": 2,
			"last_attempt": "2024-10-15T05:16:53.470860076Z",
			"last_success": "2024-10-15T04:59:48.960342452Z",
			"last_ban_time": "0001-01-01T00:00:00Z"
		},
		{
			"addr": {
				"id": "df05f1f58a1a1daae5808527d457cf116890cbb6",
				"ip": "207.244.254.19",
				"port": 44656
			},
			"src": {
				"id": "7a31521c18e8d4d808a221d9d413cb3aa902ae55",
				"ip": "148.251.179.244",
				"port": 23656
			},
			"buckets": [
				173,
				218,
				80,
				54
			],
			"attempts": 0,
			"bucket_type": 1,
			"last_attempt": "2024-10-15T05:12:59.731897035Z",
			"last_success": "0001-01-01T00:00:00Z",
			"last_ban_time": "0001-01-01T00:00:00Z"
		},
		{
			"addr": {
				"id": "26caa6a253c504ed17948660896ac0c65c8e5285",
				"ip": "62.169.16.79",
				"port": 36656
			},
			"src": {
				"id": "71c586ca79158ad0ecea61ec1aefb0a580ae393a",
				"ip": "0.0.0.0",
				"port": 36656
			},
			"buckets": [
				56,
				27,
				15,
				108
			],
			"attempts": 3,
			"bucket_type": 1,
			"last_attempt": "2024-10-15T05:20:21.446306326Z",
			"last_success": "0001-01-01T00:00:00Z",
			"last_ban_time": "0001-01-01T00:00:00Z"
		},
		{
			"addr": {
				"id": "3bc6f302a4860b9a9124e1fed88fb2e4b62f50b9",
				"ip": "156.67.29.226",
				"port": 36656
			},
			"src": {
				"id": "1b5b6a532e24c91d1bc4491a6b989581f5314ea5",
				"ip": "65.108.75.179",
				"port": 25656
			},
			"buckets": [
				126,
				223,
				119,
				30
			],
			"attempts": 2,
			"bucket_type": 1,
			"last_attempt": "2024-10-15T05:18:51.469927296Z",
			"last_success": "0001-01-01T00:00:00Z",
			"last_ban_time": "0001-01-01T00:00:00Z"
		},
		{
			"addr": {
				"id": "cec2858c6bc0434d2b943b2d7a7889a7eed10dc4",
				"ip": "209.126.12.85",
				"port": 36656
			},
			"src": {
				"id": "7a31521c18e8d4d808a221d9d413cb3aa902ae55",
				"ip": "148.251.179.244",
				"port": 23656
			},
			"buckets": [
				80,
				154,
				246,
				47
			],
			"attempts": 3,
			"bucket_type": 1,
			"last_attempt": "2024-10-15T05:20:21.446336522Z",
			"last_success": "0001-01-01T00:00:00Z",
			"last_ban_time": "0001-01-01T00:00:00Z"
		},
		{
			"addr": {
				"id": "1180f3d68d56562f8646d1b72f02deeacec51a13",
				"ip": "95.216.7.84",
				"port": 41656
			},
			"src": {
				"id": "69509925a520c5c7c5f505ec4cedab95073388e5",
				"ip": "136.243.13.36",
				"port": 29856
			},
			"buckets": [
				179,
				86,
				50,
				219
			],
			"attempts": 1,
			"bucket_type": 1,
			"last_attempt": "2024-10-14T13:48:49.479285518Z",
			"last_success": "0001-01-01T00:00:00Z",
			"last_ban_time": "0001-01-01T00:00:00Z"
		},
		{
			"addr": {
				"id": "50dcf516699f45351037d08c0074629a0748d446",
				"ip": "2a03:cfc0:8000:13::b910:277f",
				"port": 14256
			},
			"src": {
				"id": "ade4d8bc8cbe014af6ebdf3cb7b1e9ad36f412c0",
				"ip": "0.0.0.0",
				"port": 29856
			},
			"buckets": [
				61
			],
			"attempts": 0,
			"bucket_type": 2,
			"last_attempt": "2024-10-15T04:06:28.242539253Z",
			"last_success": "2024-10-15T04:06:28.242539253Z",
			"last_ban_time": "0001-01-01T00:00:00Z"
		},
		{
			"addr": {
				"id": "f97f6952365f3eb0942b99284f4f41fc6756c5b4",
				"ip": "209.126.12.240",
				"port": 36656
			},
			"src": {
				"id": "7a31521c18e8d4d808a221d9d413cb3aa902ae55",
				"ip": "148.251.179.244",
				"port": 23656
			},
			"buckets": [
				80,
				251,
				231,
				122
			],
			"attempts": 0,
			"bucket_type": 1,
			"last_attempt": "2024-10-15T05:12:59.731881396Z",
			"last_success": "0001-01-01T00:00:00Z",
			"last_ban_time": "0001-01-01T00:00:00Z"
		},
		{
			"addr": {
				"id": "109cc25d991cf58e96645d8fb6f82fc308005225",
				"ip": "209.126.12.242",
				"port": 36656
			},
			"src": {
				"id": "7a31521c18e8d4d808a221d9d413cb3aa902ae55",
				"ip": "148.251.179.244",
				"port": 23656
			},
			"buckets": [
				80,
				127,
				122,
				78
			],
			"attempts": 1,
			"bucket_type": 1,
			"last_attempt": "2024-10-15T05:15:39.304399027Z",
			"last_success": "0001-01-01T00:00:00Z",
			"last_ban_time": "0001-01-01T00:00:00Z"
		},
		{
			"addr": {
				"id": "1b5b6a532e24c91d1bc4491a6b989581f5314ea5",
				"ip": "65.108.75.179",
				"port": 25656
			},
			"src": {
				"id": "b377fd0b14816eef8e12644340845c127d1e7d93",
				"ip": "0.0.0.0",
				"port": 26656
			},
			"buckets": [
				34,
				47,
				243,
				185
			],
			"attempts": 0,
			"bucket_type": 1,
			"last_attempt": "2024-10-14T13:38:49.714878139Z",
			"last_success": "0001-01-01T00:00:00Z",
			"last_ban_time": "0001-01-01T00:00:00Z"
		},
		{
			"addr": {
				"id": "844f4b8382f6abf86ad13fcd2d384214605b094e",
				"ip": "144.76.155.11",
				"port": 26656
			},
			"src": {
				"id": "1b5b6a532e24c91d1bc4491a6b989581f5314ea5",
				"ip": "65.108.75.179",
				"port": 25656
			},
			"buckets": [
				214,
				141,
				165,
				12
			],
			"attempts": 0,
			"bucket_type": 1,
			"last_attempt": "2024-10-15T05:12:59.733932826Z",
			"last_success": "0001-01-01T00:00:00Z",
			"last_ban_time": "0001-01-01T00:00:00Z"
		},
		{
			"addr": {
				"id": "19cc1404043464ee78a6427ee18e27c6f210b125",
				"ip": "156.67.82.196",
				"port": 36656
			},
			"src": {
				"id": "ade4d8bc8cbe014af6ebdf3cb7b1e9ad36f412c0",
				"ip": "0.0.0.0",
				"port": 29856
			},
			"buckets": [
				176,
				30,
				206
			],
			"attempts": 2,
			"bucket_type": 1,
			"last_attempt": "2024-10-15T05:20:51.454180775Z",
			"last_success": "0001-01-01T00:00:00Z",
			"last_ban_time": "0001-01-01T00:00:00Z"
		},
		{
			"addr": {
				"id": "2334e9eb772d5aaf9c48a2885c41d5c33e911912",
				"ip": "65.109.92.163",
				"port": 3020
			},
			"src": {
				"id": "b377fd0b14816eef8e12644340845c127d1e7d93",
				"ip": "0.0.0.0",
				"port": 26656
			},
			"buckets": [
				31
			],
			"attempts": 2,
			"bucket_type": 2,
			"last_attempt": "2024-10-15T05:16:53.47084397Z",
			"last_success": "2024-10-15T05:03:59.350982073Z",
			"last_ban_time": "0001-01-01T00:00:00Z"
		},
		{
			"addr": {
				"id": "c48e4964c644d7a8588ec7049383a1bc72f0705c",
				"ip": "123.22.212.225",
				"port": 29656
			},
			"src": {
				"id": "69509925a520c5c7c5f505ec4cedab95073388e5",
				"ip": "136.243.13.36",
				"port": 29856
			},
			"buckets": [
				213,
				123,
				38
			],
			"attempts": 1,
			"bucket_type": 1,
			"last_attempt": "2024-10-15T05:18:21.447198893Z",
			"last_success": "0001-01-01T00:00:00Z",
			"last_ban_time": "0001-01-01T00:00:00Z"
		},
		{
			"addr": {
				"id": "245e1bf6834add0bfa5083b5b56caaf43d058aab",
				"ip": "94.141.102.180",
				"port": 36656
			},
			"src": {
				"id": "7a31521c18e8d4d808a221d9d413cb3aa902ae55",
				"ip": "148.251.179.244",
				"port": 23656
			},
			"buckets": [
				214,
				242,
				215,
				151
			],
			"attempts": 0,
			"bucket_type": 1,
			"last_attempt": "2024-10-15T05:12:59.731830744Z",
			"last_success": "0001-01-01T00:00:00Z",
			"last_ban_time": "0001-01-01T00:00:00Z"
		},
		{
			"addr": {
				"id": "bc1a37c7656e6f869a01bb8dabaf9ca58fe61b0c",
				"ip": "5.9.73.170",
				"port": 29856
			},
			"src": {
				"id": "b377fd0b14816eef8e12644340845c127d1e7d93",
				"ip": "0.0.0.0",
				"port": 26656
			},
			"buckets": [
				38,
				22,
				127,
				157
			],
			"attempts": 0,
			"bucket_type": 1,
			"last_attempt": "2024-10-14T13:38:49.714868032Z",
			"last_success": "0001-01-01T00:00:00Z",
			"last_ban_time": "0001-01-01T00:00:00Z"
		},
		{
			"addr": {
				"id": "dc9a0f31f633fd2adb4a1c7836f03ac362219d11",
				"ip": "31.220.80.77",
				"port": 36656
			},
			"src": {
				"id": "7a31521c18e8d4d808a221d9d413cb3aa902ae55",
				"ip": "148.251.179.244",
				"port": 23656
			},
			"buckets": [
				173,
				59,
				118,
				166
			],
			"attempts": 0,
			"bucket_type": 1,
			"last_attempt": "2024-10-15T05:12:59.731906998Z",
			"last_success": "0001-01-01T00:00:00Z",
			"last_ban_time": "0001-01-01T00:00:00Z"
		},
		{
			"addr": {
				"id": "9e64aabd8502346fa810857e2ce1f6fb6b8c6292",
				"ip": "193.34.213.234",
				"port": 19756
			},
			"src": {
				"id": "b377fd0b14816eef8e12644340845c127d1e7d93",
				"ip": "0.0.0.0",
				"port": 26656
			},
			"buckets": [
				23,
				103,
				199,
				70
			],
			"attempts": 1,
			"bucket_type": 1,
			"last_attempt": "2024-10-15T05:14:00.528263542Z",
			"last_success": "0001-01-01T00:00:00Z",
			"last_ban_time": "0001-01-01T00:00:00Z"
		},
		{
			"addr": {
				"id": "f9758cec18d2af1cca6431a42ec5b68230ae12c8",
				"ip": "149.102.142.113",
				"port": 40656
			},
			"src": {
				"id": "71c586ca79158ad0ecea61ec1aefb0a580ae393a",
				"ip": "0.0.0.0",
				"port": 36656
			},
			"buckets": [
				143,
				59,
				100,
				2
			],
			"attempts": 0,
			"bucket_type": 1,
			"last_attempt": "2024-10-15T05:12:59.798536326Z",
			"last_success": "0001-01-01T00:00:00Z",
			"last_ban_time": "0001-01-01T00:00:00Z"
		},
		{
			"addr": {
				"id": "afc7a20c15bde738e68781238307f4481938109d",
				"ip": "94.130.35.120",
				"port": 18656
			},
			"src": {
				"id": "69509925a520c5c7c5f505ec4cedab95073388e5",
				"ip": "136.243.13.36",
				"port": 29856
			},
			"buckets": [
				158,
				7,
				170,
				132
			],
			"attempts": 3,
			"bucket_type": 1,
			"last_attempt": "2024-10-15T05:21:51.446800507Z",
			"last_success": "0001-01-01T00:00:00Z",
			"last_ban_time": "0001-01-01T00:00:00Z"
		},
		{
			"addr": {
				"id": "cbe7c4eb03f4643a98ab57fc0f6cc9fa33e3aeb9",
				"ip": "84.247.191.181",
				"port": 36656
			},
			"src": {
				"id": "7a31521c18e8d4d808a221d9d413cb3aa902ae55",
				"ip": "148.251.179.244",
				"port": 23656
			},
			"buckets": [
				80,
				82,
				67,
				25
			],
			"attempts": 2,
			"bucket_type": 1,
			"last_attempt": "2024-10-15T05:19:21.446138241Z",
			"last_success": "0001-01-01T00:00:00Z",
			"last_ban_time": "0001-01-01T00:00:00Z"
		},
		{
			"addr": {
				"id": "ade4d8bc8cbe014af6ebdf3cb7b1e9ad36f412c0",
				"ip": "176.9.82.221",
				"port": 29856
			},
			"src": {
				"id": "b377fd0b14816eef8e12644340845c127d1e7d93",
				"ip": "0.0.0.0",
				"port": 26656
			},
			"buckets": [
				68,
				35,
				132,
				2
			],
			"attempts": 0,
			"bucket_type": 1,
			"last_attempt": "2024-10-14T13:38:49.714853827Z",
			"last_success": "0001-01-01T00:00:00Z",
			"last_ban_time": "0001-01-01T00:00:00Z"
		},
		{
			"addr": {
				"id": "69509925a520c5c7c5f505ec4cedab95073388e5",
				"ip": "136.243.13.36",
				"port": 29856
			},
			"src": {
				"id": "b377fd0b14816eef8e12644340845c127d1e7d93",
				"ip": "0.0.0.0",
				"port": 26656
			},
			"buckets": [
				9
			],
			"attempts": 0,
			"bucket_type": 2,
			"last_attempt": "2024-10-15T05:25:21.18022029Z",
			"last_success": "2024-10-15T05:25:21.18022029Z",
			"last_ban_time": "0001-01-01T00:00:00Z"
		},
		{
			"addr": {
				"id": "8685507ed33c029a5787275e9f3ea2b133d45d25",
				"ip": "113.189.15.242",
				"port": 44656
			},
			"src": {
				"id": "b377fd0b14816eef8e12644340845c127d1e7d93",
				"ip": "0.0.0.0",
				"port": 26656
			},
			"buckets": [
				33,
				80,
				138,
				143
			],
			"attempts": 0,
			"bucket_type": 1,
			"last_attempt": "2024-10-14T13:38:49.714874741Z",
			"last_success": "0001-01-01T00:00:00Z",
			"last_ban_time": "0001-01-01T00:00:00Z"
		},
		{
			"addr": {
				"id": "2dd1d465c8178cce837b278aaef03e7d0ffa7be7",
				"ip": "207.244.250.124",
				"port": 35656
			},
			"src": {
				"id": "7a31521c18e8d4d808a221d9d413cb3aa902ae55",
				"ip": "148.251.179.244",
				"port": 23656
			},
			"buckets": [
				173,
				198,
				176,
				16
			],
			"attempts": 2,
			"bucket_type": 1,
			"last_attempt": "2024-10-15T05:17:21.446604701Z",
			"last_success": "0001-01-01T00:00:00Z",
			"last_ban_time": "0001-01-01T00:00:00Z"
		},
		{
			"addr": {
				"id": "fa791795826576a160e80dc2cebec1c00879bd51",
				"ip": "154.38.175.225",
				"port": 36656
			},
			"src": {
				"id": "7a31521c18e8d4d808a221d9d413cb3aa902ae55",
				"ip": "148.251.179.244",
				"port": 23656
			},
			"buckets": [
				112,
				222,
				4,
				94
			],
			"attempts": 2,
			"bucket_type": 1,
			"last_attempt": "2024-10-15T05:20:51.454181904Z",
			"last_success": "0001-01-01T00:00:00Z",
			"last_ban_time": "0001-01-01T00:00:00Z"
		},
		{
			"addr": {
				"id": "c9dc3687363ad370c1388a637f31fc955d6c8829",
				"ip": "213.199.63.152",
				"port": 36656
			},
			"src": {
				"id": "7a31521c18e8d4d808a221d9d413cb3aa902ae55",
				"ip": "148.251.179.244",
				"port": 23656
			},
			"buckets": [
				181,
				27,
				40,
				64
			],
			"attempts": 0,
			"bucket_type": 1,
			"last_attempt": "2024-10-15T05:12:59.731857655Z",
			"last_success": "0001-01-01T00:00:00Z",
			"last_ban_time": "0001-01-01T00:00:00Z"
		},
		{
			"addr": {
				"id": "e89a44eb3d9100a312f435b274921f7d7a958d7e",
				"ip": "95.216.73.182",
				"port": 26656
			},
			"src": {
				"id": "1b5b6a532e24c91d1bc4491a6b989581f5314ea5",
				"ip": "65.108.75.179",
				"port": 25656
			},
			"buckets": [
				36,
				85,
				122,
				244
			],
			"attempts": 0,
			"bucket_type": 1,
			"last_attempt": "2024-10-15T05:12:59.733906884Z",
			"last_success": "0001-01-01T00:00:00Z",
			"last_ban_time": "0001-01-01T00:00:00Z"
		},
		{
			"addr": {
				"id": "6bbbe154f5b3baa9dfe86e7a8baffd830164fe8a",
				"ip": "62.169.16.57",
				"port": 36656
			},
			"src": {
				"id": "7a31521c18e8d4d808a221d9d413cb3aa902ae55",
				"ip": "148.251.179.244",
				"port": 23656
			},
			"buckets": [
				7,
				15,
				27,
				3
			],
			"attempts": 0,
			"bucket_type": 1,
			"last_attempt": "2024-10-15T05:12:59.731915701Z",
			"last_success": "0001-01-01T00:00:00Z",
			"last_ban_time": "0001-01-01T00:00:00Z"
		},
		{
			"addr": {
				"id": "1b10a8bad47a904e7de9544c4cd732eddd03219b",
				"ip": "65.109.49.47",
				"port": 12156
			},
			"src": {
				"id": "1b5b6a532e24c91d1bc4491a6b989581f5314ea5",
				"ip": "65.108.75.179",
				"port": 25656
			},
			"buckets": [
				232,
				222,
				226,
				185
			],
			"attempts": 0,
			"bucket_type": 1,
			"last_attempt": "2024-10-15T05:12:59.73391921Z",
			"last_success": "0001-01-01T00:00:00Z",
			"last_ban_time": "0001-01-01T00:00:00Z"
		},
		{
			"addr": {
				"id": "b377fd0b14816eef8e12644340845c127d1e7d93",
				"ip": "213.45.220.36",
				"port": 26656
			},
			"src": {
				"id": "271fe43e9a393cc47e288e80aa5b1ec1452fa0e7",
				"ip": "0.0.0.0",
				"port": 29656
			},
			"buckets": [
				32
			],
			"attempts": 0,
			"bucket_type": 2,
			"last_attempt": "2024-10-15T03:55:50.300568276Z",
			"last_success": "2024-10-15T03:55:50.300568276Z",
			"last_ban_time": "0001-01-01T00:00:00Z"
		},
		{
			"addr": {
				"id": "e39153924c7755c4d3138f0fb2fdd9585b81dc07",
				"ip": "38.242.201.82",
				"port": 36656
			},
			"src": {
				"id": "ff15df83487e4aa8d2819452063f336269958d09",
				"ip": "95.216.98.122",
				"port": 25656
			},
			"buckets": [
				40,
				73,
				12,
				145
			],
			"attempts": 1,
			"bucket_type": 1,
			"last_attempt": "2024-10-15T05:18:21.447275055Z",
			"last_success": "0001-01-01T00:00:00Z",
			"last_ban_time": "0001-01-01T00:00:00Z"
		},
		{
			"addr": {
				"id": "71c586ca79158ad0ecea61ec1aefb0a580ae393a",
				"ip": "109.199.123.151",
				"port": 36656
			},
			"src": {
				"id": "b377fd0b14816eef8e12644340845c127d1e7d93",
				"ip": "0.0.0.0",
				"port": 26656
			},
			"buckets": [
				51
			],
			"attempts": 0,
			"bucket_type": 2,
			"last_attempt": "2024-10-15T04:56:52.847014163Z",
			"last_success": "2024-10-15T04:56:52.847014163Z",
			"last_ban_time": "0001-01-01T00:00:00Z"
		},
		{
			"addr": {
				"id": "5c2a752c9b1952dbed075c56c600c3a79b58c395",
				"ip": "195.3.223.139",
				"port": 27586
			},
			"src": {
				"id": "69509925a520c5c7c5f505ec4cedab95073388e5",
				"ip": "136.243.13.36",
				"port": 29856
			},
			"buckets": [
				7,
				210,
				33,
				142
			],
			"attempts": 1,
			"bucket_type": 1,
			"last_attempt": "2024-10-15T05:15:09.30319408Z",
			"last_success": "0001-01-01T00:00:00Z",
			"last_ban_time": "0001-01-01T00:00:00Z"
		},
		{
			"addr": {
				"id": "30ca4105b648892fe7e344ed6c3a571955476be0",
				"ip": "154.53.47.99",
				"port": 36656
			},
			"src": {
				"id": "7a31521c18e8d4d808a221d9d413cb3aa902ae55",
				"ip": "148.251.179.244",
				"port": 23656
			},
			"buckets": [
				86,
				123,
				182,
				167
			],
			"attempts": 1,
			"bucket_type": 1,
			"last_attempt": "2024-10-15T05:16:09.303869054Z",
			"last_success": "0001-01-01T00:00:00Z",
			"last_ban_time": "0001-01-01T00:00:00Z"
		},
		{
			"addr": {
				"id": "3e86591635b8099911348b7b7d8639768a821bca",
				"ip": "5.75.162.210",
				"port": 25656
			},
			"src": {
				"id": "7a31521c18e8d4d808a221d9d413cb3aa902ae55",
				"ip": "148.251.179.244",
				"port": 23656
			},
			"buckets": [
				144,
				36,
				162,
				97
			],
			"attempts": 0,
			"bucket_type": 1,
			"last_attempt": "2024-10-15T05:12:59.731926123Z",
			"last_success": "0001-01-01T00:00:00Z",
			"last_ban_time": "0001-01-01T00:00:00Z"
		},
		{
			"addr": {
				"id": "66ea180127711b96e35683be6e6f1cffc2b04e0a",
				"ip": "184.107.169.193",
				"port": 25656
			},
			"src": {
				"id": "b377fd0b14816eef8e12644340845c127d1e7d93",
				"ip": "0.0.0.0",
				"port": 26656
			},
			"buckets": [
				130,
				92,
				22,
				252
			],
			"attempts": 1,
			"bucket_type": 1,
			"last_attempt": "2024-10-15T05:17:23.535201501Z",
			"last_success": "0001-01-01T00:00:00Z",
			"last_ban_time": "0001-01-01T00:00:00Z"
		},
		{
			"addr": {
				"id": "c80143f844fd8da4f76a0a43de86936f72372168",
				"ip": "184.107.57.137",
				"port": 18656
			},
			"src": {
				"id": "69509925a520c5c7c5f505ec4cedab95073388e5",
				"ip": "136.243.13.36",
				"port": 29856
			},
			"buckets": [
				135,
				125,
				130,
				175
			],
			"attempts": 5,
			"bucket_type": 1,
			"last_attempt": "2024-10-15T05:18:51.469927903Z",
			"last_success": "0001-01-01T00:00:00Z",
			"last_ban_time": "0001-01-01T00:00:00Z"
		},
		{
			"addr": {
				"id": "7241ded69bc4f53728dae17e364a11d172de7070",
				"ip": "37.27.6.7",
				"port": 26656
			},
			"src": {
				"id": "1b5b6a532e24c91d1bc4491a6b989581f5314ea5",
				"ip": "65.108.75.179",
				"port": 25656
			},
			"buckets": [
				145,
				2,
				201,
				200
			],
			"attempts": 0,
			"bucket_type": 1,
			"last_attempt": "2024-10-15T05:12:59.733911135Z",
			"last_success": "0001-01-01T00:00:00Z",
			"last_ban_time": "0001-01-01T00:00:00Z"
		},
		{
			"addr": {
				"id": "a805caa5c3d672ccf28320c8a73c394274ae1bbf",
				"ip": "207.244.239.234",
				"port": 36656
			},
			"src": {
				"id": "7a31521c18e8d4d808a221d9d413cb3aa902ae55",
				"ip": "148.251.179.244",
				"port": 23656
			},
			"buckets": [
				173,
				218,
				39
			],
			"attempts": 1,
			"bucket_type": 1,
			"last_attempt": "2024-10-15T05:15:39.304344409Z",
			"last_success": "0001-01-01T00:00:00Z",
			"last_ban_time": "0001-01-01T00:00:00Z"
		},
		{
			"addr": {
				"id": "7a31521c18e8d4d808a221d9d413cb3aa902ae55",
				"ip": "148.251.179.244",
				"port": 23656
			},
			"src": {
				"id": "b377fd0b14816eef8e12644340845c127d1e7d93",
				"ip": "0.0.0.0",
				"port": 26656
			},
			"buckets": [
				22
			],
			"attempts": 0,
			"bucket_type": 2,
			"last_attempt": "2024-10-15T05:00:36.398092587Z",
			"last_success": "2024-10-15T05:00:36.398092587Z",
			"last_ban_time": "0001-01-01T00:00:00Z"
		},
		{
			"addr": {
				"id": "01306d268a332b0032bf01939443e8d3c80473b6",
				"ip": "152.53.66.0",
				"port": 25656
			},
			"src": {
				"id": "844f4b8382f6abf86ad13fcd2d384214605b094e",
				"ip": "144.76.155.11",
				"port": 26656
			},
			"buckets": [
				2,
				240,
				38,
				163
			],
			"attempts": 0,
			"bucket_type": 1,
			"last_attempt": "2024-10-15T05:13:29.630445756Z",
			"last_success": "0001-01-01T00:00:00Z",
			"last_ban_time": "0001-01-01T00:00:00Z"
		},
		{
			"addr": {
				"id": "170bf5fa23b18d19148ca9a52dbdde485ad59f7b",
				"ip": "65.109.79.185",
				"port": 15656
			},
			"src": {
				"id": "7a31521c18e8d4d808a221d9d413cb3aa902ae55",
				"ip": "148.251.179.244",
				"port": 23656
			},
			"buckets": [
				157,
				7,
				222,
				243
			],
			"attempts": 0,
			"bucket_type": 1,
			"last_attempt": "2024-10-15T05:12:59.731876773Z",
			"last_success": "0001-01-01T00:00:00Z",
			"last_ban_time": "0001-01-01T00:00:00Z"
		},
		{
			"addr": {
				"id": "54798ff320972b7a5fa4aeaaf10d56b5ffe3aaa8",
				"ip": "65.109.112.148",
				"port": 13256
			},
			"src": {
				"id": "ff15df83487e4aa8d2819452063f336269958d09",
				"ip": "95.216.98.122",
				"port": 25656
			},
			"buckets": [
				110,
				2,
				40,
				48
			],
			"attempts": 1,
			"bucket_type": 1,
			"last_attempt": "2024-10-15T05:21:21.445901095Z",
			"last_success": "0001-01-01T00:00:00Z",
			"last_ban_time": "0001-01-01T00:00:00Z"
		},
		{
			"addr": {
				"id": "9a2e8ce711c69e4aaf9a99cc48e18a2c7f6aaa58",
				"ip": "85.190.246.126",
				"port": 26656
			},
			"src": {
				"id": "b377fd0b14816eef8e12644340845c127d1e7d93",
				"ip": "0.0.0.0",
				"port": 26656
			},
			"buckets": [
				9
			],
			"attempts": 2,
			"bucket_type": 2,
			"last_attempt": "2024-10-15T05:16:53.47123908Z",
			"last_success": "2024-10-15T05:01:51.12363662Z",
			"last_ban_time": "0001-01-01T00:00:00Z"
		},
		{
			"addr": {
				"id": "cd5bd15605cc807da9586595641c4f5e6a98ba32",
				"ip": "209.145.49.160",
				"port": 36656
			},
			"src": {
				"id": "7a31521c18e8d4d808a221d9d413cb3aa902ae55",
				"ip": "148.251.179.244",
				"port": 23656
			},
			"buckets": [
				252,
				199,
				106,
				30
			],
			"attempts": 0,
			"bucket_type": 1,
			"last_attempt": "2024-10-15T05:12:59.731930197Z",
			"last_success": "0001-01-01T00:00:00Z",
			"last_ban_time": "0001-01-01T00:00:00Z"
		},
		{
			"addr": {
				"id": "469d21c069f8c17b1523025dfec64a261566f707",
				"ip": "65.108.78.101",
				"port": 12956
			},
			"src": {
				"id": "1b5b6a532e24c91d1bc4491a6b989581f5314ea5",
				"ip": "65.108.75.179",
				"port": 25656
			},
			"buckets": [
				138,
				168,
				96
			],
			"attempts": 0,
			"bucket_type": 1,
			"last_attempt": "2024-10-15T05:12:59.733923568Z",
			"last_success": "0001-01-01T00:00:00Z",
			"last_ban_time": "0001-01-01T00:00:00Z"
		},
		{
			"addr": {
				"id": "ff15df83487e4aa8d2819452063f336269958d09",
				"ip": "95.216.98.122",
				"port": 25656
			},
			"src": {
				"id": "b377fd0b14816eef8e12644340845c127d1e7d93",
				"ip": "0.0.0.0",
				"port": 26656
			},
			"buckets": [
				23
			],
			"attempts": 0,
			"bucket_type": 2,
			"last_attempt": "2024-10-15T04:20:11.952059603Z",
			"last_success": "2024-10-15T04:20:11.952059603Z",
			"last_ban_time": "0001-01-01T00:00:00Z"
		},
		{
			"addr": {
				"id": "b027782afbcc11b1e6c5bda3db93cde7026d6f52",
				"ip": "194.163.148.96",
				"port": 36656
			},
			"src": {
				"id": "7a31521c18e8d4d808a221d9d413cb3aa902ae55",
				"ip": "148.251.179.244",
				"port": 23656
			},
			"buckets": [
				144,
				222,
				248,
				13
			],
			"attempts": 0,
			"bucket_type": 1,
			"last_attempt": "2024-10-15T05:12:59.731839111Z",
			"last_success": "0001-01-01T00:00:00Z",
			"last_ban_time": "0001-01-01T00:00:00Z"
		},
		{
			"addr": {
				"id": "df2ca03803f969b6f14bb88bd4af4dcfb0e61701",
				"ip": "65.109.111.234",
				"port": 25656
			},
			"src": {
				"id": "b377fd0b14816eef8e12644340845c127d1e7d93",
				"ip": "0.0.0.0",
				"port": 26656
			},
			"buckets": [
				219,
				35,
				142,
				221
			],
			"attempts": 2,
			"bucket_type": 1,
			"last_attempt": "2024-10-15T05:19:53.473531783Z",
			"last_success": "0001-01-01T00:00:00Z",
			"last_ban_time": "0001-01-01T00:00:00Z"
		},
		{
			"addr": {
				"id": "27354565dd49be9ffaf7fa566b7737e9891baec1",
				"ip": "65.109.93.152",
				"port": 26916
			},
			"src": {
				"id": "1b5b6a532e24c91d1bc4491a6b989581f5314ea5",
				"ip": "65.108.75.179",
				"port": 25656
			},
			"buckets": [
				232,
				7,
				12,
				18
			],
			"attempts": 0,
			"bucket_type": 1,
			"last_attempt": "2024-10-15T05:12:59.733942052Z",
			"last_success": "0001-01-01T00:00:00Z",
			"last_ban_time": "0001-01-01T00:00:00Z"
		},
		{
			"addr": {
				"id": "f3a4f687b0b60bfaebed08994bbd953a4e2fdf27",
				"ip": "62.169.16.14",
				"port": 36656
			},
			"src": {
				"id": "7a31521c18e8d4d808a221d9d413cb3aa902ae55",
				"ip": "148.251.179.244",
				"port": 23656
			},
			"buckets": [
				7,
				27,
				108,
				8
			],
			"attempts": 0,
			"bucket_type": 1,
			"last_attempt": "2024-10-15T05:12:59.731872788Z",
			"last_success": "0001-01-01T00:00:00Z",
			"last_ban_time": "0001-01-01T00:00:00Z"
		},
		{
			"addr": {
				"id": "9fdeaa73a7964ec22a881a8d6e86010688f9accf",
				"ip": "62.169.16.5",
				"port": 36656
			},
			"src": {
				"id": "7a31521c18e8d4d808a221d9d413cb3aa902ae55",
				"ip": "148.251.179.244",
				"port": 23656
			},
			"buckets": [
				7,
				56,
				73,
				108
			],
			"attempts": 0,
			"bucket_type": 1,
			"last_attempt": "2024-10-15T05:12:59.731843449Z",
			"last_success": "0001-01-01T00:00:00Z",
			"last_ban_time": "0001-01-01T00:00:00Z"
		},
		{
			"addr": {
				"id": "bb93e4810884e763d01829b31fb88bd5180e9f4b",
				"ip": "207.244.245.246",
				"port": 36656
			},
			"src": {
				"id": "7a31521c18e8d4d808a221d9d413cb3aa902ae55",
				"ip": "148.251.179.244",
				"port": 23656
			},
			"buckets": [
				173,
				218,
				169,
				57
			],
			"attempts": 1,
			"bucket_type": 1,
			"last_attempt": "2024-10-15T05:22:21.446886166Z",
			"last_success": "0001-01-01T00:00:00Z",
			"last_ban_time": "0001-01-01T00:00:00Z"
		},
		{
			"addr": {
				"id": "01e40fe961c9522936a8bb7ede533198614abf9f",
				"ip": "2a0e:dc0:2:2f71::1",
				"port": 14256
			},
			"src": {
				"id": "ade4d8bc8cbe014af6ebdf3cb7b1e9ad36f412c0",
				"ip": "0.0.0.0",
				"port": 29856
			},
			"buckets": [
				33,
				199,
				153,
				171
			],
			"attempts": 0,
			"bucket_type": 1,
			"last_attempt": "2024-10-14T13:39:19.453909191Z",
			"last_success": "0001-01-01T00:00:00Z",
			"last_ban_time": "0001-01-01T00:00:00Z"
		},
		{
			"addr": {
				"id": "329a5d4b67b6c4fd3ffd5c68ed85c4d349839b6b",
				"ip": "2a00:1911:1:68bb:a315:da87:8ea9:9c1",
				"port": 14256
			},
			"src": {
				"id": "7a31521c18e8d4d808a221d9d413cb3aa902ae55",
				"ip": "148.251.179.244",
				"port": 23656
			},
			"buckets": [
				86,
				108,
				184,
				127
			],
			"attempts": 3,
			"bucket_type": 1,
			"last_attempt": "2024-10-15T05:17:51.447006599Z",
			"last_success": "0001-01-01T00:00:00Z",
			"last_ban_time": "0001-01-01T00:00:00Z"
		},
		{
			"addr": {
				"id": "8bee073dde3d3a7b166949e92c763b762d2747f7",
				"ip": "185.8.107.232",
				"port": 24656
			},
			"src": {
				"id": "b377fd0b14816eef8e12644340845c127d1e7d93",
				"ip": "0.0.0.0",
				"port": 26656
			},
			"buckets": [
				61,
				3,
				204,
				208
			],
			"attempts": 9,
			"bucket_type": 1,
			"last_attempt": "2024-10-15T05:21:21.445901765Z",
			"last_success": "0001-01-01T00:00:00Z",
			"last_ban_time": "0001-01-01T00:00:00Z"
		}
	]
}
